#include "img.h"

int img_width = 240;
int img_height = 320;

const unsigned short img_data[] = {
  0xF77B, 0xF77B, 0xF77B, 0xFF7B, 0xFF7B, 0xFF7B, 0xFF7B, 0xF77B,
  0xF77B, 0xFF7B, 0xF79B, 0xEF7C, 0xC616, 0xEF3A, 0xF77B, 0xFF7B,
  0xFF7B, 0xFF7B, 0xFF7B, 0xFF7B, 0xFF7B, 0xFF7B, 0xFF7B, 0xFF9B,
  0xF79B, 0xF79B, 0xF79B, 0xDEFA, 0xE6FA, 0xF79C, 0xF79B, 0xF79B,
  0xFF9B, 0xFF9C, 0xFFBC, 0xFFBC, 0xFFBB, 0xFFBB, 0xFFBC, 0xFF9B,
  0xEF5B, 0xF77B, 0xFFBB, 0xF79A, 0xDED9, 0xEF9C, 0xF7BC, 0xFFBC,
  0xFFBC, 0xFFBB, 0xF7BB, 0xFFBC, 0xFFBC, 0xFFBC, 0xFFBB, 0xFFBC,
  0xFFBC, 0xFFBB, 0xFFBC, 0xF79C, 0xD699, 0xEF3B, 0xFFBC, 0xFFBC,
  0xFFBC, 0xFF9C, 0xFF9C, 0xFF9C, 0xFF9C, 0xFF9B, 0xFF9B, 0xFF9B,
  0xFF9B, 0xFF9B, 0xF77B, 0xF79B, 0xF77C, 0xCE58, 0xEF3B, 0xFFBB,
  0xFFBB, 0xFFBB, 0xFFBB, 0xFFBB, 0xFFBB, 0xFFBC, 0xFFBC, 0xFFBC,
  0xFFBC, 0xFFBC, 0xFFBB, 0xFF9B, 0xF79B, 0xD699, 0xCE79, 0xF79C,
  0xFF9B, 0xFF9B, 0xFF9B, 0xFFBB, 0xFFBB, 0xFFBB, 0xFFBC, 0xFFBC,
  0xFFBC, 0xFFBC, 0xFFBC, 0xF7BC, 0xF79B, 0xF77C, 0xBDF7, 0xE73B,
  0xF79C, 0xFF9B, 0xFF9B, 0xFF9B, 0xFF9B, 0xFF9B, 0xFF9B, 0xFF9B,
  0xFF9B, 0xFF9B, 0xFF9B, 0xFF9B, 0xFF9B, 0xFFBB, 0xD6B9, 0xCE79,
  0xFFBC, 0xFFBC, 0xFF9B, 0xFF9B, 0xFF9B, 0xFF9B, 0xFF9B, 0xFF9B,
  0xFF9B, 0xFF9B, 0xFF9B, 0xFF9B, 0xFF9B, 0xFF9C, 0xF77C, 0xD679,
  0xDEFB, 0xF77C, 0xFF9B, 0xFF9B, 0xFF9B, 0xFF9B, 0xFF9B, 0xFF9B,
  0xFF9B, 0xFF9B, 0xFF9B, 0xFF9C, 0xFF9C, 0xF79C, 0xF77B, 0xD6B9,
  0xD6B9, 0xF79C, 0xF77B, 0xF79B, 0xFF9B, 0xFF9B, 0xFF9B, 0xFF9B,
  0xFF9B, 0xFF9B, 0xF79B, 0xFF9B, 0xFF9B, 0xFF9B, 0xF79B, 0xF77C,
  0xDEDA, 0xDEDA, 0xF79C, 0xF79B, 0xFF9B, 0xFF9B, 0xFF9B, 0xFF9B,
  0xF79B, 0xF79B, 0xF77B, 0xFF9B, 0xE75B, 0x8DD9, 0x85DA, 0x7DBA,
  0x85DA, 0x85B8, 0x9E19, 0x9DF9, 0x8D77, 0x84B3, 0x842F, 0x83ED,
  0x8BAB, 0xA40B, 0xBCAC, 0xC4AC, 0xB46B, 0xB48C, 0x9369, 0x51C6,
  0x4987, 0x5AAD, 0x73F3, 0x7CF6, 0x8578, 0x85B9, 0xAE7A, 0xF79C,
  0xEF9C, 0xE77D, 0xCEFC, 0xA61A, 0x85D9, 0x7DDA, 0x7DDA, 0x7DB9,
  0x7DDA, 0x7DDA, 0x7DDA, 0x85D8, 0xDF3C, 0xFF9C, 0xFF9B, 0xFF9B,
  0xF79B, 0xF79B, 0xF79B, 0xF79B, 0xF79B, 0xF79B, 0xF79B, 0xF79B,
  0xF77B, 0xF77B, 0xF77B, 0xFF7B, 0xFF7B, 0xFF7B, 0xFF7B, 0xF77B,
  0xF77B, 0xFF7B, 0xF79B, 0xEF5C, 0xC5F7, 0xEF3B, 0xF77B, 0xFF7B,
  0xFF7B, 0xFF7B, 0xFF7B, 0xFF7B, 0xFF7B, 0xFF7B, 0xFF7B, 0xFF7B,
  0xF79B, 0xFF7B, 0xFF9C, 0xDEFA, 0xE6FA, 0xF79C, 0xF79B, 0xFF9B,
  0xFF9C, 0xFF9C, 0xFFBC, 0xFFBC, 0xFFBB, 0xFFBB, 0xFFBC, 0xFFBC,
  0xF79C, 0xF79B, 0xFF79, 0xEED5, 0xDEB8, 0xEF9C, 0xF7BC, 0xFFBC,
  0xFFBC, 0xFFBB, 0xF7BB, 0xFFBC, 0xFFBC, 0xFFBC, 0xFFBB, 0xFFBC,
  0xFFBC, 0xFFBB, 0xFFBC, 0xF79C, 0xD699, 0xE73B, 0xFFBC, 0xFFBC,
  0xFFBC, 0xFFBC, 0xFFBC, 0xFF9C, 0xFF9C, 0xFF9B, 0xFF9B, 0xFF9B,
  0xFF9B, 0xFF9B, 0xFF7B, 0xF79B, 0xEF7C, 0xCE58, 0xEF3B, 0xFFBB,
  0xFFBB, 0xFFBB, 0xFFBB, 0xFFBB, 0xFFBB, 0xFFBC, 0xFFBC, 0xFFBC,
  0xFF9B, 0xFF9B, 0xF79B, 0xF79B, 0xF79C, 0xD699, 0xCE79, 0xF79C,
  0xF79B, 0xF79B, 0xF79B, 0xFFBC, 0xFFBC, 0xFFBC, 0xFFBC, 0xFFBC,
  0xFFBC, 0xFF9C, 0xFF9C, 0xF79C, 0xF79C, 0xF77C, 0xC617, 0xE71B,
  0xF79C, 0xF79B, 0xF79B, 0xF79B, 0xF79B, 0xF79B, 0xF79B, 0xFF9B,
  0xFF9B, 0xFF9B, 0xFF9B, 0xFF9B, 0xFF9B, 0xF79B, 0xD699, 0xCE59,
  0xF79C, 0xF79B, 0xFF9C, 0xFF9C, 0xFF9C, 0xFFBC, 0xFFBC, 0xFFBC,
  0xFFBB, 0xFFBB, 0xF79B, 0xF79B, 0xF79B, 0xFF9B, 0xF77B, 0xCE79,
  0xDEFB, 0xF79C, 0xFF9B, 0xF79B, 0xF7BB, 0xF79B, 0xFF9B, 0xF79B,
  0xF79B, 0xFF9B, 0xFF9B, 0xFF9B, 0xF79B, 0xF79B, 0xF79C, 0xD6B9,
  0xD6BA, 0xF79C, 0xF79C, 0xF79C, 0xF79B, 0xFF9B, 0xFF9B, 0xF79B,
  0xF79B, 0xF79B, 0xF79B, 0xF79B, 0xF79B, 0xF79B, 0xF79C, 0xF79C,
  0xDEDA, 0xDEDA, 0xF79C, 0xF79B, 0xF79B, 0xF79B, 0xF79B, 0xF79B,
  0xF79B, 0xF79C, 0xF79B, 0xF79B, 0xE77C, 0x8DD9, 0x85DA, 0x85D9,
  0x8558, 0x7CD4, 0x632E, 0x6B2C, 0x7B4A, 0xA44B, 0xCD2D, 0xE5CF,
  0xF60F, 0xF62F, 0xF60E, 0xFE0E, 0xFE2E, 0xF60E, 0xF60F, 0xE5AF,
  0xBC6C, 0x7AA8, 0x49C7, 0x39A8, 0x4AAD, 0x7CD6, 0x95F9, 0xCF3C,
  0xBEDB, 0x9E19, 0x8DD9, 0x85B9, 0x85BA, 0x7DDA, 0x85DA, 0x7DBA,
  0x7DBA, 0x7DBA, 0x7DB9, 0x95F9, 0xE77D, 0xF79C, 0xF79C, 0xF79B,
  0xF79B, 0xF79B, 0xF79C, 0xF79C, 0xF79C, 0xF79C, 0xF79C, 0xF79C,
  0xF77B, 0xF77B, 0xF77B, 0xFF7B, 0xFF7B, 0xFF7B, 0xFF7B, 0xF77B,
  0xF77B, 0xFF7B, 0xF79B, 0xEF5C, 0xBDF7, 0xEF3B, 0xF77B, 0xF77B,
  0xFF7B, 0xF77B, 0xF77B, 0xF77B, 0xF77B, 0xF77B, 0xF77B, 0xFF7B,
  0xF79B, 0xF79B, 0xFF9C, 0xDEFA, 0xE6FA, 0xF79C, 0xF79C, 0xF79C,
  0xF79C, 0xFF9C, 0xF7BC, 0xF7BC, 0xF79C, 0xF79C, 0xF7BC, 0xF7BC,
  0xF7BC, 0xFF9B, 0xFED4, 0xF630, 0xDE96, 0xEF7C, 0xF7BC, 0xF79C,
  0xFFBC, 0xFFBC, 0xFFBC, 0xF7BC, 0xF7BC, 0xF7BC, 0xF7BC, 0xF7BC,
  0xF7BC, 0xF79C, 0xF7BC, 0xF7BC, 0xD699, 0xE73B, 0xF7BC, 0xF7BC,
  0xF7BC, 0xF7BC, 0xF7BC, 0xF7BC, 0xF79C, 0xF79C, 0xF79C, 0xF79C,
  0xF79C, 0xF79C, 0xF79C, 0xF79C, 0xEF7C, 0xCE59, 0xEF5B, 0xF7BC,
  0xF7BC, 0xF7BC, 0xF7BC, 0xF7BC, 0xF7BC, 0xF7BC, 0xF7BC, 0xF79C,
  0xF79C, 0xF79C, 0xF79C, 0xF79B, 0xF79C, 0xCE9A, 0xCE79, 0xF79D,
  0xF79C, 0xF79C, 0xF79C, 0xF7BC, 0xF7BC, 0xF79C, 0xF79C, 0xF79C,
  0xF79C, 0xF79C, 0xF79C, 0xF79C, 0xF79C, 0xF77C, 0xC638, 0xDF1B,
  0xF79C, 0xF79C, 0xF79C, 0xF79B, 0xF79B, 0xF79B, 0xF79B, 0xF79B,
  0xF79B, 0xF79B, 0xF79B, 0xF79B, 0xF79C, 0xF79C, 0xD6BA, 0xC659,
  0xF79C, 0xF79C, 0xF79C, 0xF79C, 0xF79C, 0xF79C, 0xF79C, 0xF79C,
  0xF79C, 0xF79C, 0xF79C, 0xF79C, 0xF79C, 0xF79C, 0xEF7C, 0xCE78,
  0xDEFB, 0xF79C, 0xF79C, 0xF79C, 0xF79B, 0xF77C, 0xF77C, 0xF77C,
  0xF77C, 0xF77B, 0xF77B, 0xF77B, 0xF77B, 0xF77B, 0xEF9C, 0xCE99,
  0xCEBA, 0xEF7C, 0xEF7B, 0xEF7B, 0xEF7B, 0xEF7B, 0xEF5B, 0xEF5B,
  0xEF5B, 0xEF7B, 0xE75B, 0xE75B, 0xE73B, 0xE73B, 0xE75B, 0xE75C,
  0xCEBA, 0xCE9A, 0xE73C, 0xE73B, 0xE73B, 0xE73B, 0xE73B, 0xE71B,
  0xE73B, 0xE73B, 0xE73B, 0xE71A, 0xDF1B, 0x95F9, 0x8DD9, 0x8516,
  0x630F, 0x49C8, 0x7AE9, 0xBCAD, 0xEDCE, 0xF60E, 0xFE0D, 0xFE0D,
  0xFE0D, 0xFE2D, 0xF60D, 0xFE0D, 0xFE0E, 0xFE2D, 0xFE2D, 0xF60D,
  0xFE0E, 0xEDCE, 0xC4CD, 0x936A, 0x51C7, 0x4A4C, 0x84F6, 0x8DD9,
  0x85B8, 0x7DB9, 0x7DDA, 0x7DDA, 0x7DBA, 0x7DDA, 0x85BA, 0x8599,
  0x8599, 0x85BA, 0x85B9, 0xA5F9, 0xD6BA, 0xDEB9, 0xDED9, 0xDED9,
  0xD6B9, 0xD6B9, 0xD6B9, 0xD6B9, 0xD6B9, 0xD6B9, 0xD699, 0xD699,
  0xFF7B, 0xFF7B, 0xFF7B, 0xF77B, 0xF77B, 0xFF7B, 0xFF7B, 0xF77B,
  0xF77B, 0xFF7B, 0xF79B, 0xEF5C, 0xBDF7, 0xEF3B, 0xF77B, 0xF79B,
  0xF77B, 0xF77B, 0xF77B, 0xF77B, 0xF77B, 0xF77B, 0xF77B, 0xF79B,
  0xF77B, 0xF77B, 0xF77C, 0xDEFA, 0xDEFA, 0xEF7C, 0xF79C, 0xEF7C,
  0xF77C, 0xF77C, 0xF79C, 0xF79C, 0xEF9C, 0xEF7C, 0xEF7C, 0xF77C,
  0xF77B, 0xF737, 0xF650, 0xF60E, 0xE654, 0xEF5C, 0xEF7C, 0xEF7C,
  0xEF7C, 0xF79C, 0xEF7C, 0xEF7C, 0xEF7B, 0xEF7C, 0xEF7C, 0xEF7C,
  0xEF7C, 0xEF5C, 0xEF7C, 0xEF1B, 0xD659, 0xDEFB, 0xEF5B, 0xEF5B,
  0xEF5B, 0xEF5B, 0xEF5B, 0xEF5B, 0xEF5B, 0xEF5B, 0xEF7B, 0xEF5B,
  0xEF5B, 0xEF5B, 0xEF5B, 0xE73B, 0xDF3C, 0xC619, 0xDEFB, 0xEF5C,
  0xEF5C, 0xEF5C, 0xEF5C, 0xEF5B, 0xEF5B, 0xE73B, 0xE73B, 0xE73B,
  0xE73B, 0xE73B, 0xE75B, 0xE75B, 0xE73B, 0xC679, 0xC659, 0xDF1B,
  0xE73B, 0xE73B, 0xDF1B, 0xDF1B, 0xDF1B, 0xDF1B, 0xDEFB, 0xDEFB,
  0xDF1B, 0xDF1B, 0xDF1B, 0xDEFA, 0xDF1A, 0xDEFB, 0xB5F7, 0xC69A,
  0xDEFB, 0xDEFA, 0xDEDA, 0xDEDA, 0xDEDA, 0xDEDA, 0xDEDA, 0xD6DA,
  0xDEDA, 0xDEDA, 0xDEDA, 0xD6B9, 0xD6B9, 0xD6B9, 0xBE39, 0xB5F9,
  0xD6BA, 0xD6B9, 0xD699, 0xD6B9, 0xD6B9, 0xD6B9, 0xD699, 0xD699,
  0xD69A, 0xD69A, 0xCE99, 0xCE99, 0xCE99, 0xD699, 0xCE99, 0xB5F7,
  0xBE58, 0xCE99, 0xD699, 0xD69A, 0xD69A, 0xC5F7, 0xBDB6, 0xD679,
  0xCE99, 0xCE78, 0xCE78, 0xCE78, 0xCE78, 0xD699, 0xD699, 0xBE18,
  0xB5F8, 0xCE59, 0xCE58, 0xCE78, 0xCE78, 0xC678, 0xC658, 0xC658,
  0xC658, 0xC658, 0xC658, 0xC658, 0xC638, 0xC638, 0xC638, 0xC659,
  0xB5D7, 0xB5F8, 0xBE38, 0xC638, 0xC637, 0xC637, 0xC637, 0xC617,
  0xC637, 0xC638, 0xC657, 0xC657, 0xBE38, 0x95FA, 0x8517, 0x52AC,
  0x4987, 0x8B09, 0xDD8D, 0xF60E, 0xFE0D, 0xFE2D, 0xFE0D, 0xFE0D,
  0xFE0D, 0xFE0D, 0xFE0D, 0xFE0D, 0xFE2D, 0xF62D, 0xF62D, 0xFE2D,
  0xFE2D, 0xFE2D, 0xF60E, 0xEDCE, 0xB46C, 0x4987, 0x52CE, 0x8558,
  0x7DD9, 0x7DD9, 0x7DBA, 0x7DBA, 0x7DDA, 0x85B9, 0x7D37, 0x5330,
  0x5350, 0x6413, 0x7474, 0xADB8, 0xCE7A, 0xCE78, 0xCE98, 0xCE98,
  0xCE78, 0xCE78, 0xD699, 0xD699, 0xD699, 0xCE79, 0xCE78, 0xCE78,
  0xFF7B, 0xFF7B, 0xFF7B, 0xF77B, 0xF77B, 0xFF7B, 0xFF7B, 0xFF7B,
  0xFF7B, 0xFF7B, 0xF79B, 0xEF5C, 0xBDD7, 0xD678, 0xDED9, 0xE6FA,
  0xDED9, 0xD6B9, 0xD699, 0xD699, 0xD6B9, 0xD698, 0xD678, 0xD698,
  0xD678, 0xD699, 0xD6B9, 0xBE38, 0xBE17, 0xCE78, 0xCE78, 0xCE78,
  0xCE58, 0xCE58, 0xCE58, 0xCE58, 0xCE58, 0xCE58, 0xCE58, 0xCE58,
  0xD656, 0xEE52, 0xF62E, 0xF60D, 0xE612, 0xCE57, 0xCE58, 0xC658,
  0xCE58, 0xCE58, 0xD659, 0xD678, 0xCE78, 0xCE58, 0xD678, 0xCE78,
  0xCE58, 0xD658, 0xD658, 0xCD34, 0xC535, 0xC637, 0xCE58, 0xCE58,
  0xCE58, 0xCE58, 0xCE58, 0xCE58, 0xCE57, 0xCE58, 0xCE78, 0xCE58,
  0xCE58, 0xCE38, 0xCE38, 0xC638, 0xC639, 0xB5B7, 0xC618, 0xC638,
  0xC638, 0xC638, 0xCE58, 0xCE58, 0xCE58, 0xC638, 0xC638, 0xC638,
  0xCE58, 0xCE58, 0xCE58, 0xCE58, 0xC638, 0xB5F8, 0xB5D7, 0xC638,
  0xC638, 0xC638, 0xBE17, 0xC638, 0xC638, 0xC638, 0xC658, 0xCE78,
  0xCE78, 0xCE78, 0xCE78, 0xCE78, 0xD699, 0xCE99, 0xB5D7, 0xC659,
  0xD699, 0xCE99, 0xCE99, 0xCE79, 0xCE99, 0xCE99, 0xD699, 0xD699,
  0xD6B9, 0xD6B9, 0xD6B9, 0xDEB9, 0xD6B9, 0xD6BA, 0xBE39, 0xBDF9,
  0xD6BA, 0xD6DA, 0xDEDA, 0xDEFA, 0xDEDA, 0xDEDA, 0xDEDA, 0xDEDA,
  0xDEFA, 0xDEFA, 0xDEFA, 0xDEFA, 0xDEFA, 0xDEFA, 0xD6FB, 0xBE38,
  0xCE9A, 0xDEFC, 0xDEDB, 0xAD14, 0x6ACA, 0x72C9, 0x6AC9, 0xB575,
  0xE71C, 0xDF1B, 0xE71B, 0xE73B, 0xE73B, 0xE73B, 0xE73B, 0xCE7A,
  0xCE9A, 0xE71C, 0xE71B, 0xE73B, 0xE73B, 0xE73B, 0xE73B, 0xE71B,
  0xE73B, 0xE73B, 0xE73B, 0xE73B, 0xE73B, 0xE73B, 0xE71B, 0xE73B,
  0xC638, 0xCE9A, 0xE73C, 0xE73B, 0xEF5B, 0xE73B, 0xE73B, 0xE73B,
  0xEF3B, 0xEF5C, 0xEF5B, 0xEF7C, 0xDF5C, 0x9DB9, 0x6350, 0x4146,
  0x9369, 0xDD8E, 0xF60D, 0xFE2D, 0xFE2D, 0xFE2D, 0xFE2D, 0xFE2D,
  0xFE2D, 0xFE2D, 0xFE2D, 0xFE2D, 0xFE2D, 0xFE2D, 0xFE2D, 0xFE2D,
  0xFE2D, 0xFE2D, 0xFE2D, 0xF62D, 0xEDEE, 0x936A, 0x4147, 0x63D2,
  0x85B9, 0x7DDA, 0x85BA, 0x85BA, 0x7DD9, 0x7D17, 0x4AAD, 0x3988,
  0x49E9, 0x6B0D, 0x41C9, 0x524B, 0x9C93, 0xD69A, 0xF79C, 0xF79B,
  0xF77C, 0xF77C, 0xF77B, 0xF77B, 0xF77C, 0xEF7B, 0xF79C, 0xEF7C,
  0xF77B, 0xF77B, 0xF77B, 0xF77B, 0xF77B, 0xFF7B, 0xFF7B, 0xFF7B,
  0xFF7B, 0xFF7B, 0xF79B, 0xEF5C, 0xBDD7, 0xCE78, 0xD6B9, 0xDEDA,
  0xDEB9, 0xD6B9, 0xD6DA, 0xD6DA, 0xDEDA, 0xD6B9, 0xDEDA, 0xDEDA,
  0xDEBA, 0xDEB9, 0xD6BA, 0xCE79, 0xCE79, 0xDF1A, 0xDF1A, 0xDF1A,
  0xDEFA, 0xDEFA, 0xE71B, 0xE71B, 0xE71B, 0xE71B, 0xE71B, 0xE71A,
  0xE6B5, 0xF62F, 0xFE0D, 0xF60D, 0xEE30, 0xE6D8, 0xE71B, 0xE71B,
  0xE73B, 0xEF1B, 0xEF1B, 0xEF3B, 0xEF3B, 0xEF3B, 0xEF3B, 0xEF3B,
  0xEF3B, 0xF73B, 0xEE99, 0xDC31, 0xD4B3, 0xE6FA, 0xEF5B, 0xEF5B,
  0xEF5B, 0xEF5B, 0xEF5B, 0xEF5B, 0xEF5B, 0xEF5B, 0xEF5B, 0xEF5B,
  0xEF5C, 0xEF5B, 0xEF5B, 0xEF7C, 0xE75C, 0xCE7A, 0xE71B, 0xEF5C,
  0xEF5C, 0xEF5C, 0xEF7C, 0xEF7C, 0xF77C, 0xEF7B, 0xEF7B, 0xF77B,
  0xF79C, 0xF77C, 0xF79C, 0xF77B, 0xEF7C, 0xCE99, 0xD6BA, 0xEF9C,
  0xF77C, 0xEF7B, 0xEF7B, 0xF77C, 0xF77C, 0xF77B, 0xF79C, 0xFFBC,
  0xFFBC, 0xFFBC, 0xF79C, 0xF79C, 0xFFBC, 0xF79C, 0xC638, 0xDF1B,
  0xF79C, 0xFF9C, 0xF79C, 0xF79C, 0xF79C, 0xF79B, 0xF79B, 0xF79B,
  0xFFBB, 0xF79B, 0xF79B, 0xF79B, 0xFFBC, 0xF79C, 0xD6BA, 0xCE79,
  0xF79C, 0xF79C, 0xF79C, 0xFF9C, 0xF79C, 0xFF9C, 0xF79C, 0xF79C,
  0xF7BC, 0xF79C, 0xF79C, 0xF7BC, 0xF79C, 0xF7BC, 0xEF5C, 0xCE59,
  0xD679, 0xA491, 0x6A47, 0x82E8, 0xA3EB, 0xE5D0, 0xC4CD, 0x6208,
  0xBD75, 0xF77B, 0xFFBC, 0xF79C, 0xF79B, 0xF79B, 0xF79B, 0xD699,
  0xDEDA, 0xF77C, 0xF77B, 0xF79B, 0xF79B, 0xF79B, 0xF79B, 0xF79B,
  0xFF9C, 0xF79B, 0xF79B, 0xF79B, 0xFF9B, 0xF79B, 0xF79B, 0xF79C,
  0xD699, 0xDF1B, 0xF79C, 0xF79C, 0xF79B, 0xF79B, 0xF79B, 0xF79B,
  0xF79B, 0xF79B, 0xF79B, 0xF79B, 0xE75B, 0xA5D8, 0x420A, 0x6A69,
  0xEDCF, 0xFE0E, 0xFE0D, 0xFE0D, 0xFE0D, 0xFE2D, 0xFE2D, 0xFE2D,
  0xFE2D, 0xFE2D, 0xFE2D, 0xFE2D, 0xFE2D, 0xFE0D, 0xFE0D, 0xFE2D,
  0xFE2D, 0xFE0D, 0xFE2D, 0xFE2D, 0xF62D, 0xDD8F, 0x7289, 0x4A6C,
  0x8DBA, 0x85DA, 0x7DBA, 0x7DBA, 0x85B9, 0x63B2, 0x4187, 0x9BED,
  0xAC8D, 0x9BEB, 0x82EA, 0x59A6, 0x6229, 0x730D, 0x9C71, 0xDEB9,
  0xF77B, 0xF77B, 0xF79B, 0xF79B, 0xF79B, 0xF79B, 0xF79B, 0xF79B,
  0xF75B, 0xF75B, 0xF75B, 0xF75B, 0xF77B, 0xFF7B, 0xFF7B, 0xFF7B,
  0xFF7B, 0xFF7B, 0xF77B, 0xEF7C, 0xBDF7, 0xEF5B, 0xF77C, 0xF79C,
  0xF77C, 0xF79B, 0xF79B, 0xEF39, 0xF75A, 0xF77B, 0xF79B, 0xF79B,
  0xF79C, 0xF79C, 0xF79C, 0xDF1B, 0xE71B, 0xF7BC, 0xF7BC, 0xF7BC,
  0xF79C, 0xF79C, 0xF79C, 0xF79C, 0xF79C, 0xF79C, 0xF79C, 0xFF59,
  0xF692, 0xFE0E, 0xFE0D, 0xFE0D, 0xF62E, 0xF717, 0xFF9C, 0xF7BC,
  0xF79B, 0xEEB9, 0xF6BA, 0xFF7C, 0xF79C, 0xF79C, 0xF79C, 0xF79C,
  0xF79C, 0xFF7B, 0xED34, 0xEB8F, 0xDC11, 0xEED9, 0xF79C, 0xF79C,
  0xF79C, 0xF77C, 0xF77C, 0xF77C, 0xF77B, 0xF79B, 0xF79C, 0xF79C,
  0xF79C, 0xF79C, 0xF79C, 0xF7BC, 0xEF9D, 0xCE79, 0xEF7B, 0xF7BC,
  0xF7BC, 0xF7BC, 0xFFBC, 0xF79B, 0xF79C, 0xFF9C, 0xFF9C, 0xF79C,
  0xFFBC, 0xFF9C, 0xFF9C, 0xFF9C, 0xF79C, 0xDEDA, 0xDEFA, 0xF79C,
  0xFF9C, 0xF79B, 0xF79B, 0xFFBC, 0xFFBC, 0xFFBC, 0xFF9C, 0xFFBC,
  0xFFBC, 0xFFBC, 0xFFBC, 0xF79B, 0xFF9B, 0xF79C, 0xCE58, 0xE71B,
  0xF79C, 0xFF9B, 0xFF9B, 0xF79B, 0xFF9B, 0xFF9B, 0xF79B, 0xF79B,
  0xFF9B, 0xFF9B, 0xFFBB, 0xFFBB, 0xFF9B, 0xF79B, 0xD6DA, 0xCE58,
  0xF79C, 0xF79B, 0xFFBB, 0xFFBB, 0xF79B, 0xF79B, 0xF79B, 0xF79B,
  0xF7BB, 0xF79B, 0xF75B, 0xE719, 0xE6D9, 0xCE17, 0xACF3, 0x836D,
  0x832A, 0xB44B, 0xEE10, 0xF60F, 0xD4ED, 0xBC4B, 0xC4AC, 0xAC0C,
  0x8308, 0x93EC, 0xDE78, 0xFF7C, 0xFF9B, 0xF79B, 0xF79B, 0xD6B9,
  0xD6B9, 0xF77B, 0xF77B, 0xF79B, 0xF79B, 0xF79B, 0xF79B, 0xF79B,
  0xF79B, 0xF79B, 0xFF9B, 0xFF9B, 0xFF9B, 0xF77B, 0xF77B, 0xF79C,
  0xD6B9, 0xE71A, 0xF79C, 0xF79B, 0xF79B, 0xF79B, 0xF79B, 0xFF9B,
  0xF79B, 0xF79B, 0xFF9B, 0xFF9B, 0xEF7B, 0xA5D8, 0x41E9, 0x8B4B,
  0xF62F, 0xFE0D, 0xFE0D, 0xFE0D, 0xFE0D, 0xFE2D, 0xFE2D, 0xFE2D,
  0xFE2D, 0xFE2E, 0xF60E, 0xF60E, 0xFE2E, 0xFE0D, 0xFE0D, 0xFE2D,
  0xFE2D, 0xFE0D, 0xFE0E, 0xFE0D, 0xFE0D, 0xF62F, 0x830A, 0x420A,
  0x8D98, 0x85D9, 0x7DDA, 0x7DBA, 0x8558, 0x39EA, 0x830A, 0xEE10,
  0xF62E, 0xF62E, 0xEDEE, 0xD54E, 0xA3CA, 0x7AC9, 0x51A7, 0x628A,
  0xB534, 0xEEFA, 0xF77B, 0xF79B, 0xF79B, 0xF79B, 0xFF9B, 0xFF9B,
  0xF75A, 0xF75A, 0xF75B, 0xF75B, 0xF75B, 0xFF7B, 0xFF7B, 0xFF7B,
  0xFF7B, 0xFF7B, 0xF77B, 0xEF5C, 0xBDF6, 0xEF5B, 0xF77B, 0xF77B,
  0xF77B, 0xF75B, 0xFF7A, 0xEEB4, 0xF6B3, 0xFF37, 0xF77A, 0xF77B,
  0xFF9B, 0xF77B, 0xF79C, 0xDF1A, 0xDF19, 0xF79B, 0xFFBC, 0xF79B,
  0xF79B, 0xF79B, 0xFF9C, 0xFF9B, 0xF7BB, 0xF7BC, 0xFF9B, 0xF6D5,
  0xF62F, 0xFE0D, 0xFE0D, 0xFE2D, 0xF62E, 0xF693, 0xFF9A, 0xF7BB,
  0xFF9B, 0xE595, 0xDC72, 0xEE37, 0xFF5B, 0xFF9B, 0xF79B, 0xFF9B,
  0xF79B, 0xF658, 0xE3F0, 0xEB6F, 0xE3D0, 0xEE57, 0xF79C, 0xF77C,
  0xF77C, 0xF77B, 0xF79B, 0xF77B, 0xF79B, 0xF79B, 0xF79B, 0xF79B,
  0xF79B, 0xF79B, 0xF79B, 0xF79C, 0xEF7C, 0xD699, 0xEF7B, 0xFFBB,
  0xFFBB, 0xFFBB, 0xFFBB, 0xFFBB, 0xFF9B, 0xFF9B, 0xFF9B, 0xFF9B,
  0xFFBC, 0xFFBC, 0xFF9C, 0xFF9C, 0xFFBC, 0xDEDA, 0xDEDA, 0xF79C,
  0xFFBC, 0xFFBC, 0xFFBC, 0xFFBC, 0xFFBC, 0xFFBC, 0xFFBC, 0xFFBC,
  0xFFBC, 0xFFBC, 0xFFBC, 0xFFBB, 0xFF9B, 0xF79C, 0xCE58, 0xE71A,
  0xF7BC, 0xFF9B, 0xF79B, 0xF79B, 0xFF9B, 0xFF9B, 0xFF9B, 0xFF9B,
  0xFFBB, 0xFFBB, 0xFFBB, 0xFFBB, 0xFF9B, 0xF79C, 0xD6DA, 0xCE58,
  0xF77C, 0xF79B, 0xFFBB, 0xFF9B, 0xFF9C, 0xF79B, 0xFFBB, 0xE6F9,
  0xC5D5, 0xACD1, 0xA490, 0x9C2D, 0x940D, 0x6A48, 0x72A9, 0x8309,
  0xE5B0, 0xF60F, 0xF60D, 0xF5CE, 0xAB88, 0xB3EA, 0xBC4A, 0xEDEF,
  0xF60F, 0xBC8B, 0x9BEC, 0xE6D9, 0xFFBB, 0xF79B, 0xF79C, 0xD6B9,
  0xDEBA, 0xF77C, 0xF77B, 0xF79B, 0xF79B, 0xFF9B, 0xFF9B, 0xFF9B,
  0xFF9B, 0xFF9B, 0xFF9B, 0xFF9C, 0xFF9C, 0xFF7B, 0xFF9B, 0xF79C,
  0xD6B9, 0xE71A, 0xF79C, 0xF77C, 0xEF3B, 0xF77C, 0xF77C, 0xEF9B,
  0xEF7C, 0xEF7B, 0xEF7B, 0xE77C, 0xDF5C, 0xA5F8, 0x4A2A, 0x82E9,
  0xF62F, 0xFE2D, 0xFE2D, 0xFE2D, 0xFE0D, 0xFE0E, 0xFE0E, 0xFE2E,
  0xFE0D, 0xFE2E, 0xEE0E, 0xEE0D, 0xF62D, 0xFE2D, 0xFE2D, 0xFE2D,
  0xFE0D, 0xFE0D, 0xFE0D, 0xFE0D, 0xFE0D, 0xF62E, 0x8B4A, 0x422A,
  0x8D98, 0x8DFA, 0x7DD9, 0x7DBA, 0x7D17, 0x41E9, 0xBCCE, 0xF62D,
  0xFE2D, 0xFE2D, 0xFE2D, 0xFE2E, 0xF60F, 0xDD4E, 0xAC0B, 0x7AA9,
  0x6228, 0x8BAE, 0xB513, 0xDE98, 0xF77B, 0xF79B, 0xFFBB, 0xFFBB,
  0xF75A, 0xF75B, 0xF75B, 0xF75B, 0xF75B, 0xFF7B, 0xFF7B, 0xFF7B,
  0xFF7B, 0xFF7B, 0xF77B, 0xEF5C, 0xC5F7, 0xEF5B, 0xF77B, 0xF77B,
  0xF77B, 0xF77B, 0xFF7A, 0xF692, 0xF62F, 0xF671, 0xFF16, 0xFF7A,
  0xFF9B, 0xF77B, 0xFF9B, 0xE71A, 0xDEF9, 0xF79B, 0xFFBC, 0xFF9B,
  0xFF9B, 0xFF9B, 0xFF9B, 0xFFBB, 0xFFBB, 0xFFBB, 0xFF57, 0xF670,
  0xF60D, 0xFE0D, 0xFE0D, 0xFE2D, 0xFE2D, 0xF630, 0xFF58, 0xF7BB,
  0xFF9B, 0xED75, 0xDB8F, 0xE411, 0xED75, 0xFF3A, 0xFF9B, 0xFF9B,
  0xF71A, 0xE471, 0xEB8F, 0xEB6F, 0xE38F, 0xED95, 0xF79B, 0xF77B,
  0xF77B, 0xF77B, 0xF77B, 0xF75B, 0xF77B, 0xF73A, 0xF79B, 0xF77B,
  0xF79B, 0xF79B, 0xFF9B, 0xF79C, 0xF77C, 0xD699, 0xF77B, 0xFFBB,
  0xFFBB, 0xFFBB, 0xFFBB, 0xFFBB, 0xFF9B, 0xFF9B, 0xFF9B, 0xFF9B,
  0xFFBC, 0xFFBC, 0xFF9C, 0xFF9C, 0xFFBC, 0xDED9, 0xDEDA, 0xF7BC,
  0xFFBC, 0xFFBC, 0xFFBC, 0xFFBC, 0xFFBC, 0xFFBC, 0xFFBC, 0xFFBC,
  0xFFBC, 0xFFBC, 0xFFBC, 0xFFBC, 0xFFBB, 0xF79C, 0xCE58, 0xDF1A,
  0xF7BC, 0xF79B, 0xF79B, 0xF79B, 0xFF9B, 0xFF9B, 0xFF9B, 0xFF9B,
  0xFFBB, 0xFFBB, 0xFFBB, 0xFFBB, 0xFF9B, 0xF79C, 0xDEDA, 0xCE58,
  0xF77C, 0xFF9B, 0xFFBC, 0xFFBC, 0xF7BC, 0xEF3B, 0xB553, 0x938C,
  0xA3EC, 0xBCCD, 0xC4ED, 0xCD2D, 0xCD2D, 0x9328, 0xAC2D, 0x9389,
  0xF630, 0xFE0D, 0xFE0D, 0xEDAD, 0xB3C8, 0xCCAB, 0xD52C, 0xCCEB,
  0xEE0E, 0xF60F, 0xB48D, 0xCE15, 0xF7DB, 0xF79C, 0xF7BC, 0xD6B9,
  0xDEDA, 0xF77C, 0xF77B, 0xF79B, 0xF79B, 0xFF9B, 0xFF9B, 0xFF9B,
  0xFF9B, 0xFF9B, 0xFF9B, 0xFF9B, 0xFF9B, 0xFF9C, 0xEF3B, 0xDF3B,
  0xCE79, 0xBDD7, 0xB556, 0x9C52, 0x83AF, 0x9472, 0xBDF8, 0xB639,
  0xAE5A, 0xB67A, 0xAE39, 0xA639, 0x9E1A, 0x95B9, 0x528C, 0x7AC9,
  0xEE0F, 0xFE2D, 0xFE2D, 0xFE2D, 0xFE0D, 0xFE0E, 0xFE0E, 0xFE2E,
  0xFE0D, 0xF60D, 0xF60E, 0xF60E, 0xFE2D, 0xFE2D, 0xFE2D, 0xFE2D,
  0xFE2D, 0xFE2D, 0xFE2D, 0xFE2D, 0xFE0D, 0xF62F, 0xA3ED, 0x4A6C,
  0x7D37, 0x85D9, 0x7DD9, 0x7DBA, 0x7496, 0x4A09, 0xCD2E, 0xFE2D,
  0xFE2D, 0xFE2D, 0xFE2D, 0xFE2D, 0xFE0D, 0xF60D, 0xF5EE, 0xDD6D,
  0xAC0B, 0x61E6, 0x59E8, 0x730C, 0xB533, 0xF77B, 0xFF9C, 0xFFBB,
  0xF75B, 0xF75B, 0xF77B, 0xF75B, 0xF75B, 0xFF7B, 0xFF7B, 0xFF7B,
  0xFF7B, 0xFF7B, 0xF77B, 0xEF5B, 0xC617, 0xEF5B, 0xFF7B, 0xFF7B,
  0xF77B, 0xFF7B, 0xFF9A, 0xF692, 0xFE0D, 0xF62D, 0xF650, 0xFEF5,
  0xFF79, 0xF77B, 0xFF9C, 0xE71A, 0xE6F9, 0xF79B, 0xF79B, 0xFFBC,
  0xFFBC, 0xFFBC, 0xFFBB, 0xFFBB, 0xFFBC, 0xFF9A, 0xF6B2, 0xF62D,
  0xFE2D, 0xFE2D, 0xFE2D, 0xFE2D, 0xFE2D, 0xF60E, 0xFF16, 0xFF9B,
  0xFF7B, 0xED95, 0xE36E, 0xEB6F, 0xE3AF, 0xE4F3, 0xFEFA, 0xFF9B,
  0xEDD6, 0xE38F, 0xEB6F, 0xEB6F, 0xE38F, 0xE492, 0xFF7B, 0xF77B,
  0xF77B, 0xF79B, 0xFF7B, 0xFEFA, 0xE595, 0xE5F6, 0xF77B, 0xF77B,
  0xF77B, 0xF79B, 0xFF9B, 0xF79C, 0xF77C, 0xD699, 0xF77B, 0xFFBB,
  0xFFBB, 0xFFBB, 0xFFBB, 0xFFBB, 0xFF9B, 0xFF9B, 0xFF9B, 0xFF9B,
  0xFFBC, 0xFFBC, 0xFF9C, 0xFF9C, 0xFFBC, 0xDED9, 0xDEDA, 0xF7BC,
  0xFFBC, 0xFFBC, 0xFFBC, 0xFFBC, 0xFFBC, 0xFFBC, 0xFFBC, 0xFFBC,
  0xFFBC, 0xFFBC, 0xFFBC, 0xFFBC, 0xFFBC, 0xF79C, 0xCE58, 0xDF1A,
  0xF7BC, 0xF79B, 0xFF9B, 0xFF9B, 0xFF9B, 0xFF9B, 0xFF9B, 0xFF9B,
  0xFFBB, 0xFFBB, 0xFFBB, 0xFFBB, 0xFF9B, 0xF79C, 0xD6DA, 0xCE58,
  0xF79C, 0xFF9B, 0xF7BB, 0xFFBC, 0xDE78, 0x834C, 0x7AA8, 0xD52E,
  0xEDAE, 0xF60E, 0xF62E, 0xF60D, 0xCCEC, 0xBCCF, 0x8B8B, 0x9BEC,
  0xCD2E, 0xF60E, 0xFE2D, 0xF60D, 0xEDCD, 0xF5EE, 0xEDEE, 0xA366,
  0xCCEC, 0xD52C, 0xC4ED, 0xBDB3, 0xF7BC, 0xFFBC, 0xF7BC, 0xDEDA,
  0xDEDA, 0xF79C, 0xF77B, 0xF79B, 0xF79B, 0xFF9B, 0xFF9B, 0xFF9B,
  0xFF9B, 0xFF9B, 0xFF9B, 0xFFBB, 0xF7BB, 0xF79C, 0xCE79, 0x8CD5,
  0x632F, 0x41EA, 0x4188, 0x4988, 0x4166, 0x4987, 0x4A0A, 0x6370,
  0x8537, 0x95FA, 0x8DFA, 0x85D9, 0x7DB9, 0x9599, 0x522C, 0x5187,
  0xB44B, 0xF60E, 0xFE2D, 0xFE2D, 0xFE0D, 0xFE0D, 0xFE0D, 0xFE2D,
  0xFE2D, 0xFE2E, 0xF60E, 0xFE0D, 0xFE2D, 0xFE0D, 0xFE0E, 0xFE0D,
  0xFE2D, 0xFE2D, 0xFE2D, 0xF62D, 0xF62E, 0xDD6F, 0x728A, 0x39EA,
  0x8558, 0x85B9, 0x7DD9, 0x7DBA, 0x5330, 0x49A8, 0xC4AD, 0xF62E,
  0xF62D, 0xFE2D, 0xFE2D, 0xFE2D, 0xFE2D, 0xFE2D, 0xFE0D, 0xF60D,
  0xEDCE, 0xD54E, 0x9BCB, 0x6206, 0x59E7, 0x836D, 0xD658, 0xF79B,
  0xF77B, 0xF77B, 0xF77B, 0xFF7B, 0xFF7B, 0xFF7B, 0xFF7B, 0xFF7B,
  0xFF9B, 0xFF9B, 0xF79B, 0xEF5B, 0xC617, 0xF77B, 0xFF9B, 0xFF9B,
  0xFF9B, 0xF79B, 0xFF9A, 0xFEB2, 0xF62E, 0xF62D, 0xF62D, 0xF62F,
  0xFED3, 0xFF58, 0xFF9B, 0xE6FA, 0xE719, 0xF7BB, 0xF79B, 0xFF9B,
  0xFF9B, 0xFFBB, 0xFFBB, 0xFFBB, 0xFF9B, 0xFF17, 0xF64E, 0xFE2D,
  0xFE2D, 0xFE2D, 0xFE2D, 0xFE2D, 0xFE2D, 0xFE2D, 0xF6B3, 0xFF9A,
  0xFF7B, 0xED95, 0xEB6F, 0xEB6E, 0xEB6F, 0xEB8F, 0xE472, 0xF678,
  0xE451, 0xEB6F, 0xEB6F, 0xF36F, 0xEB6F, 0xE3D0, 0xFEFA, 0xFF5B,
  0xF71A, 0xF678, 0xED34, 0xE3F0, 0xDBAF, 0xF637, 0xF79B, 0xF79B,
  0xF79B, 0xF79B, 0xF77B, 0xF79B, 0xF79C, 0xD699, 0xEF5B, 0xFFBB,
  0xFFBB, 0xFFBB, 0xFF9B, 0xFF9B, 0xFF9B, 0xFFBC, 0xFFBC, 0xFFBC,
  0xFFBC, 0xFFBC, 0xFFBC, 0xFFBC, 0xF7BC, 0xDEFA, 0xDEDA, 0xFFBC,
  0xFFBC, 0xFFBC, 0xFF9B, 0xFFBC, 0xFFBC, 0xFFBC, 0xFFBC, 0xFFBC,
  0xFFBC, 0xFFBC, 0xFF9B, 0xFFBC, 0xFFBB, 0xF79C, 0xC658, 0xDF1A,
  0xF79C, 0xFF9B, 0xFF9B, 0xFF9B, 0xFF9B, 0xFFBB, 0xFFBB, 0xFF9B,
  0xFFBC, 0xFFBC, 0xFFBC, 0xFFBC, 0xFF9C, 0xF79C, 0xDEFA, 0xC638,
  0xCE16, 0xBD52, 0xB532, 0xA46F, 0x7AA7, 0xBC6C, 0xF650, 0xF60E,
  0xDD4D, 0xE5CE, 0xEDCD, 0xF60E, 0xB42B, 0xAC8F, 0xF77C, 0xF77B,
  0xEEF7, 0xCD6E, 0xEE0F, 0xF62D, 0xFE2D, 0xFE2D, 0xF60E, 0xBC4A,
  0xB42B, 0xABA8, 0xC4EE, 0xC5D5, 0xF7BC, 0xFF9C, 0xF7BC, 0xD6D9,
  0xDEDA, 0xF77C, 0xF79B, 0xF79B, 0xFF9B, 0xFF9B, 0xF79B, 0xFF9B,
  0xF79B, 0xF79B, 0xF79B, 0xF77B, 0xEF1A, 0xC5B6, 0x6ACC, 0x49C9,
  0x4187, 0x5208, 0x72E9, 0xA40D, 0xCD30, 0xAC2C, 0x7ACA, 0x4188,
  0x4AEE, 0x8D99, 0x8DDA, 0x8DD9, 0x85B9, 0x8D99, 0x4AAE, 0x3927,
  0x51A6, 0xBC8D, 0xEDEE, 0xFE0D, 0xFE0D, 0xFE2D, 0xFE0D, 0xFE2D,
  0xFE2D, 0xFE2D, 0xFE2E, 0xFE2D, 0xFE2D, 0xFE0D, 0xFE0D, 0xFE0D,
  0xFE2D, 0xF62C, 0xFE0D, 0xF62E, 0xE5AF, 0x82E9, 0x3926, 0x4AAE,
  0x85B9, 0x7DDA, 0x7DDA, 0x7D99, 0x5BB2, 0x4189, 0x8B2A, 0xF60F,
  0xF62C, 0xFE2D, 0xFE0D, 0xFE2D, 0xFE2D, 0xFE2D, 0xFE2D, 0xFE2D,
  0xFE2D, 0xFE2D, 0xF62E, 0xD52D, 0xA3AB, 0x6207, 0x6249, 0xC596,
  0xF77B, 0xF77B, 0xF77B, 0xFF7B, 0xFF7B, 0xFF7B, 0xFF7A, 0xFF7B,
  0xFF9B, 0xFF9B, 0xF79B, 0xEF5B, 0xC617, 0xF77B, 0xFF9B, 0xFF9B,
  0xFF9B, 0xF79B, 0xFF9A, 0xFEB3, 0xF62E, 0xF62D, 0xFE0D, 0xFE0D,
  0xF62E, 0xF692, 0xFF37, 0xE6F8, 0xE719, 0xF79B, 0xF79B, 0xFF9B,
  0xFF9B, 0xFF9B, 0xFFBB, 0xFFBB, 0xFF99, 0xF692, 0xF62D, 0xFE0D,
  0xFE2D, 0xFE2D, 0xFE2D, 0xFE2D, 0xFE2D, 0xFE2D, 0xF651, 0xFF79,
  0xFF9B, 0xED95, 0xEB6F, 0xEB6E, 0xEB6E, 0xEB6F, 0xE36F, 0xE3D0,
  0xEB6F, 0xEB6F, 0xEB8F, 0xEB6E, 0xEB6F, 0xE38F, 0xED34, 0xEDF6,
  0xECD3, 0xE3AF, 0xE38E, 0xEB6E, 0xE3D0, 0xFED9, 0xF79B, 0xF79B,
  0xF79B, 0xF79B, 0xF77B, 0xF79B, 0xF79C, 0xD699, 0xEF5B, 0xFFBB,
  0xFFBB, 0xFFBB, 0xFFBB, 0xFFBB, 0xFFBB, 0xFFBC, 0xFFBC, 0xFFBC,
  0xFFBC, 0xFFBC, 0xFFBC, 0xFFBC, 0xF7BC, 0xDEFA, 0xDEDA, 0xFFBC,
  0xFFBC, 0xFFBC, 0xFFBC, 0xFFBC, 0xFFBC, 0xFFBC, 0xFFBC, 0xFFBC,
  0xFFBC, 0xFFBC, 0xFF9B, 0xFFBC, 0xFF9B, 0xF79B, 0xCE58, 0xDF1A,
  0xF79C, 0xFF9B, 0xFF9B, 0xFF9B, 0xFF9B, 0xFFBB, 0xFFBC, 0xFF9C,
  0xFFBC, 0xFFBC, 0xFFBC, 0xFFBC, 0xFF9B, 0xF79C, 0xDEFA, 0xC5D7,
  0x9C2E, 0xD54F, 0xB46C, 0xB44D, 0xDD8F, 0xF60E, 0xEDEE, 0xD54E,
  0x82A6, 0xBCCE, 0xC4CB, 0xF60E, 0xD54E, 0xEEF9, 0xD6B9, 0xBE59,
  0xEF7B, 0xE696, 0xCD2E, 0xF62E, 0xFE2D, 0xFE0D, 0xF60E, 0xCCCC,
  0xB42A, 0xA388, 0xC4CF, 0xCE16, 0xFFBC, 0xFF9B, 0xF79C, 0xD6D9,
  0xDEDA, 0xF77C, 0xF79B, 0xF79B, 0xFF9B, 0xFF9B, 0xFF9B, 0xFFBB,
  0xFF9B, 0xFF9C, 0xEF1A, 0xBD55, 0x72ED, 0x4987, 0x59E8, 0x93AC,
  0xA42D, 0xD5B1, 0xE610, 0xEE0F, 0xF62F, 0xF60F, 0xDD91, 0x59E7,
  0x39A9, 0x6C74, 0x9DFA, 0xBEFC, 0x95FA, 0x85BA, 0x74B6, 0x39CA,
  0x3927, 0x5186, 0x9B6A, 0xD52D, 0xF60E, 0xF62D, 0xF62D, 0xFE2D,
  0xFE0D, 0xFE0D, 0xFE2D, 0xFE2D, 0xFE2D, 0xFE2D, 0xFE2D, 0xF60D,
  0xFE2D, 0xF60E, 0xE58E, 0xC4EE, 0x82E9, 0x4966, 0x39C9, 0x7494,
  0x7DB9, 0x7DDA, 0x7DDA, 0x7DB9, 0x8DB9, 0x52AD, 0x4986, 0xD54F,
  0xFE0D, 0xFE0D, 0xFE0E, 0xFE0D, 0xFE2D, 0xFE2D, 0xFE0D, 0xFE0D,
  0xFE2D, 0xFE2D, 0xFE2D, 0xF60D, 0xF60F, 0xC4CD, 0x7287, 0x6A49,
  0xF77B, 0xF77B, 0xF77B, 0xFF7B, 0xFF7B, 0xFF7B, 0xFF7A, 0xFF7B,
  0xFF9B, 0xFF9B, 0xF79B, 0xEF5B, 0xCE38, 0xF77B, 0xFF9B, 0xFF9B,
  0xFF9B, 0xFF9B, 0xFF9A, 0xFEB3, 0xFE2E, 0xFE2D, 0xFE2D, 0xFE0D,
  0xFE2D, 0xF62E, 0xF671, 0xE694, 0xEEF8, 0xF79B, 0xF79B, 0xF79B,
  0xFF9B, 0xFF9B, 0xFF9B, 0xFF9B, 0xF6F5, 0xF62F, 0xFE0D, 0xFE0D,
  0xFE0D, 0xFE2E, 0xFE2D, 0xFE2D, 0xF62D, 0xFE2D, 0xFE2F, 0xFF36,
  0xFF9A, 0xEDB5, 0xE38F, 0xEB6E, 0xEB6E, 0xEB6E, 0xEB6E, 0xEB6F,
  0xEB6F, 0xEB6F, 0xEB8E, 0xEB6E, 0xEB6E, 0xEB6F, 0xEBB0, 0xE3AF,
  0xEB6F, 0xEB6F, 0xEB6E, 0xEB6E, 0xE471, 0xFF3A, 0xF79B, 0xF79B,
  0xF79B, 0xF79B, 0xF77B, 0xF79B, 0xF79C, 0xD699, 0xEF5B, 0xFFBB,
  0xFFBB, 0xFFBB, 0xFFBC, 0xFFBC, 0xFFBC, 0xFFBC, 0xFFBC, 0xFFBC,
  0xFFBC, 0xFFBC, 0xFFBC, 0xFFBC, 0xF7BC, 0xDEFA, 0xDEDA, 0xFFBC,
  0xFF9C, 0xFFBC, 0xFFBC, 0xFFBC, 0xFFBC, 0xFFBC, 0xFFBC, 0xFFBC,
  0xFFBC, 0xFFBC, 0xFF9B, 0xFFBC, 0xFF9B, 0xF77B, 0xC637, 0xDF1A,
  0xF79C, 0xFF9B, 0xFF9B, 0xFF9B, 0xFF9B, 0xFFBB, 0xFFBC, 0xFF9C,
  0xFFBC, 0xFFBC, 0xFFBC, 0xFFBC, 0xFF9C, 0xF79C, 0xDEFA, 0xBDD6,
  0x9BED, 0xEDF0, 0xE56D, 0xA348, 0xBC29, 0xF62D, 0xE5CE, 0x9BAA,
  0xA44D, 0xCDD4, 0xC551, 0xD56F, 0xD5B1, 0xD699, 0x8493, 0x6BF1,
  0xB618, 0xF77B, 0xCD92, 0xE5AE, 0xF60D, 0xFE0E, 0xF60E, 0xBC6A,
  0xD54D, 0xCCEB, 0xC4CE, 0xD616, 0xFFBC, 0xFF9B, 0xF79C, 0xDEDA,
  0xD6B9, 0xF79C, 0xF79B, 0xF79B, 0xFF9B, 0xFF9B, 0xF79B, 0xFF9B,
  0xF79B, 0xDEB9, 0x9C51, 0x6229, 0x59A7, 0x8B2A, 0xC4EE, 0xF630,
  0xF62F, 0xF62F, 0xF60E, 0xFE2D, 0xF60D, 0xF60E, 0xE5D1, 0x59E8,
  0x3948, 0x5370, 0x95DA, 0xC71C, 0x961A, 0x7DDA, 0x8599, 0x63B2,
  0x3969, 0x3927, 0x4126, 0x7268, 0xBC8C, 0xE5AE, 0xF60F, 0xFE0E,
  0xFE0E, 0xFE0E, 0xFE2D, 0xFE2D, 0xFE2D, 0xFE2D, 0xF60E, 0xF60E,
  0xE5AE, 0xC4CD, 0x82EA, 0x51C8, 0x3927, 0x4A6D, 0x63D2, 0x7D98,
  0x7DDA, 0x7DBA, 0x7DBA, 0x7DBA, 0x85B9, 0x4A6C, 0x4126, 0x934A,
  0xF60F, 0xFE0E, 0xFE0E, 0xFE2D, 0xFE2D, 0xFE2D, 0xFE0D, 0xFE0D,
  0xFE0D, 0xFE2D, 0xFE0D, 0xFE0D, 0xFE0D, 0xF62E, 0xD52D, 0x8B09,
  0xF75B, 0xF75B, 0xF75B, 0xF75B, 0xF77B, 0xFF7B, 0xFF7B, 0xFF7B,
  0xFF7B, 0xFF7B, 0xF79B, 0xEF5B, 0xC617, 0xF77B, 0xF79B, 0xFF9B,
  0xFF9B, 0xFF9B, 0xFF9A, 0xFED4, 0xFE2E, 0xFE2D, 0xFE2D, 0xFE2D,
  0xFE2D, 0xFE2D, 0xF62E, 0xF630, 0xF694, 0xFF59, 0xF79A, 0xFFBB,
  0xFF9B, 0xFF9B, 0xFF9B, 0xFF38, 0xF672, 0xF62F, 0xF62E, 0xF60F,
  0xEE0F, 0xF60F, 0xF62E, 0xF62E, 0xF62E, 0xF62D, 0xFE0E, 0xF6B3,
  0xFF9A, 0xEDB6, 0xE36F, 0xEB6F, 0xEB6F, 0xEB8F, 0xEB6E, 0xEB6F,
  0xEB6F, 0xEB6F, 0xEB8F, 0xEB6E, 0xEB6E, 0xEB6F, 0xEB6F, 0xEB6F,
  0xEB6F, 0xEB8F, 0xEB6F, 0xEB6F, 0xED13, 0xFF5B, 0xF77B, 0xF77B,
  0xF79B, 0xF79B, 0xF79B, 0xF79B, 0xF79C, 0xD6B9, 0xEF5B, 0xFF9B,
  0xF79B, 0xF79B, 0xFFBB, 0xFFBC, 0xFFBB, 0xFFBB, 0xFFBB, 0xFFBC,
  0xFFBC, 0xFFBB, 0xFFBB, 0xFFBC, 0xF7BC, 0xDEFA, 0xDEDA, 0xF7BC,
  0xF7BC, 0xF7BC, 0xF7BC, 0xF7BC, 0xF79B, 0xF7BC, 0xF7BB, 0xF7BC,
  0xFFBC, 0xFFBB, 0xFF9B, 0xFF9B, 0xFF9B, 0xF79C, 0xC617, 0xDF1A,
  0xFFBC, 0xF79B, 0xFFBB, 0xFF9B, 0xFF9B, 0xFFBC, 0xFFBC, 0xFF9C,
  0xFFBC, 0xFFBC, 0xFFBC, 0xFFBC, 0xFF9B, 0xFF9C, 0xDEFA, 0xC617,
  0x8BCE, 0xBC6D, 0xDD0D, 0xA369, 0xB3E9, 0xF60D, 0xEE2F, 0xB4CE,
  0xEEF8, 0xEF3B, 0xB596, 0x9C50, 0xBD73, 0x9D15, 0x534F, 0x3A4B,
  0x84D4, 0xDEDA, 0xEF19, 0xC4CC, 0xD52C, 0xE58D, 0xF62F, 0xABE7,
  0xEDEF, 0xE58D, 0xC4CD, 0xC574, 0xFFBC, 0xFF9B, 0xF79C, 0xD6DA,
  0xD6BA, 0xF79C, 0xF79B, 0xF79B, 0xF79B, 0xF79B, 0xF79C, 0xFF9B,
  0xE6FA, 0x836E, 0x59C7, 0x936B, 0xC4ED, 0xEDCE, 0xF60E, 0xFE2E,
  0xFE2D, 0xFE2D, 0xFE2D, 0xFE2D, 0xFE0D, 0xFE0E, 0xC4EE, 0x4987,
  0x3928, 0x5B90, 0x85B9, 0x8DFA, 0x85D9, 0x7DD9, 0x7DBA, 0x8558,
  0x6351, 0x39AA, 0x3128, 0x3906, 0x59C7, 0x7AA9, 0x9BCB, 0xA3EB,
  0xD52E, 0xF60E, 0xF62D, 0xF62D, 0xFE2D, 0xF62E, 0xB44B, 0x8B29,
  0x7AA9, 0x59C7, 0x4106, 0x3928, 0x422C, 0x7CF6, 0x7D99, 0x7DB9,
  0x7DDA, 0x7DBA, 0x7DBA, 0x7DBA, 0x8E1B, 0x5B2F, 0x3927, 0x59A6,
  0xDD4E, 0xFE2E, 0xFE0D, 0xFE2D, 0xFE2D, 0xFE2D, 0xFE2D, 0xFE0D,
  0xFE0D, 0xFE2D, 0xFE0D, 0xFE0D, 0xFE0D, 0xFE2D, 0xF60E, 0xE58D,
  0xF75B, 0xF75B, 0xF75B, 0xF75B, 0xF75B, 0xF77B, 0xF75B, 0xF77B,
  0xF77B, 0xFF7B, 0xF79B, 0xEF7B, 0xC637, 0xF77B, 0xF79B, 0xFF9B,
  0xFF9B, 0xF79B, 0xFF9B, 0xF6D4, 0xFE2E, 0xFE0D, 0xFE2D, 0xFE2D,
  0xFE2D, 0xFE2D, 0xFE2D, 0xFE0E, 0xF62F, 0xF692, 0xFF58, 0xFF9A,
  0xFF9B, 0xF79A, 0xFF9A, 0xEEB5, 0xBCAD, 0x9327, 0x7244, 0x61E3,
  0x61E3, 0x6A03, 0x7A84, 0xA3C9, 0xDD6E, 0xEE0F, 0xFDEF, 0xFE32,
  0xFF19, 0xED96, 0xE38E, 0xEB6F, 0xEB6F, 0xEB8F, 0xEB6F, 0xEB6F,
  0xEB6F, 0xEB6F, 0xEB6F, 0xEB6F, 0xEB6F, 0xEB6F, 0xEB6F, 0xEB6F,
  0xEB6F, 0xEB8F, 0xEB6F, 0xEB8F, 0xED95, 0xFF7B, 0xF77B, 0xF77B,
  0xF77B, 0xF79B, 0xF79B, 0xF79B, 0xEF9C, 0xDEB9, 0xEF5B, 0xF79B,
  0xF79B, 0xF79B, 0xFFBC, 0xF7BC, 0xF79B, 0xFFBC, 0xFFBC, 0xF7BC,
  0xF7BC, 0xF7BC, 0xF7BC, 0xF7BC, 0xEFBD, 0xD6FB, 0xCEDA, 0xEFBD,
  0xCF3C, 0xBEBA, 0xD75C, 0xDF7D, 0xD75C, 0xDF5C, 0xEFBC, 0xF7DD,
  0xF7DD, 0xF7BC, 0xFFBC, 0xF79C, 0xF7BC, 0xF7BC, 0xCE79, 0xE71B,
  0xFF9C, 0xF79B, 0xFFBB, 0xFFBB, 0xF79B, 0xFF9B, 0xFF9B, 0xFF9B,
  0xFFBB, 0xFFBB, 0xFFBB, 0xFFBB, 0xFFBB, 0xF7BC, 0xDF1B, 0xCE79,
  0xD679, 0x72A8, 0xE58E, 0xAB88, 0xBC49, 0xF60E, 0xE5EF, 0xDE35,
  0xF77B, 0xA596, 0x6C52, 0x7472, 0x9CD3, 0x8D16, 0x4B0F, 0x2949,
  0x7453, 0xCE77, 0xEEF9, 0xB42B, 0xDD4D, 0xDD2B, 0xE5AD, 0xAC07,
  0xEDCE, 0xB3C6, 0xC4AC, 0xA450, 0xFF9C, 0xFFBB, 0xF79C, 0xD6DA,
  0xD6BA, 0xF79C, 0xF79B, 0xFF9B, 0xF79B, 0xFFBC, 0xFF9B, 0xEF3B,
  0x7B2C, 0x6A47, 0xC4CD, 0xEE0F, 0xF62E, 0xFE2D, 0xFE2D, 0xFE2D,
  0xFE2D, 0xFE2D, 0xFE2D, 0xFE2D, 0xFE0D, 0xF60E, 0xAC0C, 0x4947,
  0x3128, 0x6C53, 0x85B9, 0x85B9, 0x85B9, 0x7DDA, 0x7DDA, 0x7DBA,
  0x7D98, 0x7495, 0x4A8D, 0x3148, 0x3907, 0x4107, 0x4126, 0x4146,
  0x7AE9, 0xE5EF, 0xF60E, 0xFE2D, 0xF62E, 0xDDCE, 0x5164, 0x4126,
  0x3907, 0x3927, 0x39A9, 0x5B0F, 0x7CD6, 0x85B9, 0x7DB9, 0x85DA,
  0x7DB9, 0x7DBA, 0x7DBA, 0x7DBA, 0x85BA, 0x7474, 0x3968, 0x4967,
  0x9BAA, 0xF62F, 0xFE0D, 0xFE0D, 0xFE2D, 0xFE2D, 0xFE2D, 0xFE2D,
  0xFE2D, 0xFE2D, 0xFE2D, 0xFE2D, 0xFE2D, 0xFE2D, 0xFE2D, 0xFE2D,
  0xF75B, 0xF75B, 0xF75B, 0xF75B, 0xF75B, 0xF77B, 0xF75B, 0xF77B,
  0xF77B, 0xFF7B, 0xF79B, 0xEF7C, 0xC637, 0xF77B, 0xF79B, 0xFF9B,
  0xFF9B, 0xFF9B, 0xFF9B, 0xF6D4, 0xFE2E, 0xFE0D, 0xFE2D, 0xFE2D,
  0xFE2D, 0xFE2D, 0xFE2D, 0xFE2D, 0xFE2E, 0xF62E, 0xF691, 0xF717,
  0xF759, 0xE6D9, 0xACB0, 0x6A66, 0x82C7, 0xB42B, 0xD50E, 0xE56F,
  0xE54F, 0xDD2E, 0xCCAD, 0xA389, 0x7A44, 0x8AA7, 0xBBCC, 0xDC2E,
  0xE42F, 0xE3D0, 0xEB6F, 0xEB6F, 0xEB6F, 0xEB6F, 0xEB6F, 0xEB6F,
  0xEB6F, 0xEB6F, 0xEB6F, 0xEB6F, 0xEB6F, 0xEB6F, 0xEB6F, 0xEB6F,
  0xEB6F, 0xEB6F, 0xEB6F, 0xE3AF, 0xF657, 0xF77B, 0xF79B, 0xF77B,
  0xF79B, 0xF79B, 0xF79C, 0xF79B, 0xEF9C, 0xDEB9, 0xEF5B, 0xFFBB,
  0xFFBB, 0xF7BC, 0xF7BC, 0xF7BC, 0xF79C, 0xEF7C, 0xDF5C, 0xCF3B,
  0xCF3C, 0xCF3C, 0xBEFC, 0xA67A, 0x8DD8, 0x7D97, 0x85F9, 0x965A,
  0x7599, 0x6557, 0x6557, 0x6D78, 0x6D57, 0x7578, 0x8DF9, 0x9E5A,
  0xA69A, 0xA67A, 0xB6DB, 0xC73C, 0xCF5C, 0xCF1C, 0xB659, 0xC6FB,
  0xE79D, 0xEF9C, 0xEF9C, 0xF79C, 0xF7BC, 0xFFBC, 0xFFBC, 0xFFBB,
  0xFFBB, 0xF7BB, 0xFFBB, 0xFFBB, 0xFFBB, 0xFFBC, 0xDEFA, 0xCE58,
  0xF77C, 0x8B49, 0xF60F, 0xDD0B, 0xEDEE, 0xF60D, 0xCD2D, 0xF739,
  0xFF7C, 0x7C53, 0x320B, 0x4AEE, 0x9D36, 0x8CF5, 0x5BF3, 0x31CA,
  0x8430, 0x9C2D, 0xB44C, 0xE58E, 0xE58D, 0xF60E, 0xF62E, 0xDD8D,
  0xCCEC, 0xCC89, 0xCCED, 0x834B, 0xFF9C, 0xFFBB, 0xF79C, 0xD6DA,
  0xD6BA, 0xF79C, 0xF79B, 0xF79B, 0xF79B, 0xFF9C, 0xEF3B, 0x8BCF,
  0x7288, 0xDD6E, 0xF62E, 0xF62D, 0xFE2D, 0xFE0D, 0xFE0D, 0xFE2D,
  0xFE2D, 0xFE2D, 0xFE2D, 0xFE2D, 0xFE0D, 0xE5AE, 0x6A27, 0x4147,
  0x3989, 0x7D17, 0x8DB9, 0xBEDC, 0xAE9B, 0x85D9, 0x7DDA, 0x7DDA,
  0x7DBA, 0x7DB9, 0x8598, 0x6C53, 0x4AAD, 0x41CA, 0x41CA, 0x3127,
  0x6A89, 0xDDF0, 0xF60F, 0xF60D, 0xEE0F, 0xCD6F, 0x5187, 0x3907,
  0x3969, 0x52EF, 0x7CF6, 0x85B9, 0x7DD9, 0x7DDA, 0x7DBA, 0x85FA,
  0x8E3C, 0x7DBA, 0x7DBA, 0x7DBA, 0x7DBA, 0x8558, 0x4AAD, 0x3907,
  0x51A7, 0xC4CD, 0xF60E, 0xFE2D, 0xFE0D, 0xFE2D, 0xFE2D, 0xFE2D,
  0xFE2D, 0xFE2D, 0xFE2D, 0xFE2D, 0xFE2D, 0xFE2D, 0xFE2D, 0xFE2D,
  0xF75B, 0xF75B, 0xF75B, 0xF75B, 0xF75B, 0xF77B, 0xF77B, 0xFF7B,
  0xFF7B, 0xFF7B, 0xF79B, 0xEF5C, 0xC617, 0xF77B, 0xF77B, 0xF79B,
  0xFF9B, 0xF79B, 0xFF9B, 0xFED4, 0xFE2E, 0xFE0D, 0xFE2D, 0xFE2D,
  0xFE2D, 0xFE2D, 0xFE2D, 0xFE2D, 0xFE0E, 0xFE0D, 0xF60E, 0xEE31,
  0xBD31, 0x7B0A, 0xA3AA, 0xDD6F, 0xF5CF, 0xF5CE, 0xF5AE, 0xF58D,
  0xFD6D, 0xFD6D, 0xF56D, 0xF54D, 0xED2D, 0xC40B, 0x9287, 0xA2AA,
  0xCB4D, 0xE38E, 0xEB6F, 0xEB6E, 0xEB6F, 0xEB6F, 0xEB6F, 0xEB6E,
  0xEB6E, 0xEB6E, 0xEB6F, 0xEB6F, 0xEB6F, 0xEB6F, 0xEB6F, 0xEB6F,
  0xEB6F, 0xF36F, 0xEB6F, 0xE3CF, 0xF6D8, 0xF79B, 0xF79B, 0xF79B,
  0xF79B, 0xF79B, 0xF79B, 0xF79B, 0xEF9B, 0xD6B9, 0xE75B, 0xE79C,
  0xDF7C, 0xDF7C, 0xCF3C, 0xBEDB, 0xAE9B, 0x963A, 0x7DD8, 0x6556,
  0x5D57, 0x6557, 0x6557, 0x5D58, 0x5D58, 0x5558, 0x5538, 0x5D58,
  0x5558, 0x5558, 0x5558, 0x5558, 0x5558, 0x5D58, 0x5D58, 0x5D58,
  0x5D57, 0x5D37, 0x5D57, 0x6557, 0x6557, 0x6557, 0x5D37, 0x6D78,
  0x7DD9, 0x8E19, 0xA69B, 0xB6DB, 0xC71B, 0xD73B, 0xDF5B, 0xE79B,
  0xEF9C, 0xF7BC, 0xF79C, 0xF7BB, 0xF7BC, 0xFF9C, 0xE6FA, 0xCE58,
  0xEF5B, 0x72C8, 0xF62F, 0xFE2E, 0xFE2D, 0xF60E, 0xC50D, 0xF77B,
  0xF77B, 0x7C72, 0x39EB, 0x29AA, 0x9556, 0xBE18, 0x7C92, 0x8C2E,
  0xC52F, 0xD54E, 0xDD6E, 0xEDAE, 0xF5ED, 0xFE0D, 0xFE2D, 0xEDEF,
  0xCCAA, 0xF60E, 0xEDF0, 0x7AEA, 0xFF9C, 0xF79B, 0xF79C, 0xD6DA,
  0xD6B9, 0xF79C, 0xF79B, 0xFF9B, 0xF79B, 0xEF1B, 0x8BAE, 0x82E9,
  0xE58F, 0xF60E, 0xFE2D, 0xFE0D, 0xFE0D, 0xFE0D, 0xFE0D, 0xFE0D,
  0xFE2D, 0xFE2D, 0xFE2D, 0xFE0D, 0xFE0E, 0xBCAC, 0x4125, 0x4168,
  0x4AAD, 0x8599, 0x8DD9, 0xC71C, 0xBEFC, 0x85D9, 0x7DD9, 0x7DD9,
  0x7DBA, 0x7DDA, 0x7DD9, 0x85D9, 0x8598, 0x74F6, 0x7CB5, 0x3989,
  0x6269, 0xDDAF, 0xF60E, 0xF60D, 0xF60E, 0xDDD0, 0x6229, 0x3927,
  0x4A8D, 0x8599, 0x7DB9, 0x7DDA, 0x7DDA, 0x7DB9, 0x7DBA, 0x85FA,
  0x8E1B, 0x7DBA, 0x7DBA, 0x7DBA, 0x7DDA, 0x85B9, 0x6C54, 0x3169,
  0x4127, 0x59C6, 0xBCAC, 0xF60E, 0xFE2D, 0xFE2D, 0xFE2D, 0xFE0D,
  0xFE2D, 0xFE2D, 0xFE2D, 0xFE2D, 0xFE2D, 0xFE2D, 0xFE2D, 0xFE2D,
  0xF77B, 0xF77B, 0xF77B, 0xF77B, 0xF77B, 0xF77B, 0xF77B, 0xFF7B,
  0xFF7B, 0xFF7B, 0xF77B, 0xEF7C, 0xC637, 0xF77B, 0xF77B, 0xF79B,
  0xFF9B, 0xF79B, 0xFF9B, 0xFEF4, 0xFE2E, 0xFE0D, 0xFE2D, 0xFE2D,
  0xFE2D, 0xFE2D, 0xFE2D, 0xFE2D, 0xFE0D, 0xFE2D, 0xEDEE, 0xA3CA,
  0x9B8A, 0xD52E, 0xF5EF, 0xFDEE, 0xFDCD, 0xFDCD, 0xFDAD, 0xFD8D,
  0xFD8D, 0xFD6D, 0xFD6C, 0xFD4C, 0xF54C, 0xF52C, 0xECED, 0xB36A,
  0x9269, 0xC32D, 0xE36F, 0xEB6F, 0xEB6F, 0xEB6E, 0xEB6F, 0xEB6E,
  0xEB6E, 0xEB6F, 0xEB6F, 0xEB6F, 0xEB6F, 0xEB6F, 0xEB6F, 0xEB6F,
  0xEB6F, 0xEB6F, 0xEB6F, 0xE3AF, 0xF616, 0xFF1A, 0xFF7B, 0xF77B,
  0xF79C, 0xF79C, 0xF79C, 0xEFBC, 0xE79D, 0xB659, 0xA67A, 0x9639,
  0x8E19, 0x85F9, 0x75B8, 0x6D78, 0x6557, 0x5D58, 0x5D79, 0x5558,
  0x5558, 0x5558, 0x5558, 0x5D59, 0x5559, 0x5538, 0x5538, 0x5558,
  0x5558, 0x5558, 0x5D58, 0x5558, 0x5558, 0x5D58, 0x5D58, 0x5538,
  0x5558, 0x5558, 0x5558, 0x5558, 0x5D58, 0x5558, 0x4D38, 0x5558,
  0x5558, 0x5D58, 0x5D58, 0x6558, 0x6D77, 0x7598, 0x7DD8, 0x9639,
  0xAE9A, 0xC6DA, 0xE79C, 0xEFBC, 0xF7BC, 0xF7BC, 0xDF1B, 0xCE99,
  0xF77C, 0x93ED, 0xCD0D, 0xF60E, 0xFE0D, 0xF62E, 0xBCCC, 0xF75A,
  0xF77B, 0x9534, 0x52CC, 0x4ACC, 0x9534, 0xDE96, 0xBD71, 0xDDCF,
  0xF62E, 0xEDCD, 0xD4ED, 0xC4AB, 0xEDCD, 0xFE0D, 0xFE0D, 0xF5EF,
  0xCCAA, 0xF60E, 0xDD8F, 0x72C9, 0xFF9C, 0xF79B, 0xF79C, 0xD6DA,
  0xD699, 0xF79C, 0xF79B, 0xFF9B, 0xF77B, 0x9C92, 0x6228, 0xCD0D,
  0xFE0E, 0xFE2D, 0xFE2D, 0xFE2D, 0xFE0D, 0xFE0D, 0xFE0D, 0xFE0D,
  0xFE0D, 0xFE0D, 0xFE2D, 0xFE2D, 0xEDCE, 0x9349, 0x4127, 0x4169,
  0x7433, 0x85BA, 0x85B9, 0xA65A, 0xA63A, 0x85BA, 0x7DDA, 0x7DD9,
  0x7DDA, 0x7DDA, 0x7DBA, 0x7DDA, 0x7DD9, 0x7DB9, 0x8599, 0x3A0A,
  0x6227, 0xEDEF, 0xF60E, 0xF62D, 0xFE2D, 0xEDCF, 0x59A6, 0x4168,
  0x5B50, 0x7DB9, 0x7DDA, 0x7DDA, 0x7DBA, 0x7DDA, 0x7DDA, 0x7DBA,
  0x7DBA, 0x7DDA, 0x7DDA, 0x7DDA, 0x7DB9, 0x7DB9, 0x8599, 0x52EF,
  0x3949, 0x4168, 0x6228, 0xC4CD, 0xF62E, 0xFE2D, 0xFE2D, 0xFE0D,
  0xFE2D, 0xFE2D, 0xFE2D, 0xFE2D, 0xFE2D, 0xFE0D, 0xFE0D, 0xFE2D,
  0xF77B, 0xF77B, 0xF77B, 0xF77B, 0xF77B, 0xF77B, 0xFF7B, 0xFF7B,
  0xFF7B, 0xFF7B, 0xF79B, 0xEF7C, 0xC617, 0xF77B, 0xF77B, 0xF79B,
  0xF79B, 0xF79B, 0xFF9B, 0xFEF4, 0xFE2E, 0xFE0D, 0xFE2D, 0xFE2D,
  0xFE2D, 0xFE2D, 0xFE2D, 0xFE2D, 0xF60D, 0xEDEE, 0x9BA9, 0xABEB,
  0xEDCF, 0xF60F, 0xFDEE, 0xF5EE, 0xF5CE, 0xFDCD, 0xFDAD, 0xFDAC,
  0xFD8C, 0xFD6C, 0xFD6C, 0xFD4C, 0xFD4C, 0xF52C, 0xF52B, 0xF50C,
  0xCC2C, 0x9269, 0xC32F, 0xE38F, 0xEB8F, 0xEB6F, 0xEB6E, 0xEB6E,
  0xEB6F, 0xEB8F, 0xEB6F, 0xEB6F, 0xEB6F, 0xEB6F, 0xEB6F, 0xEB6F,
  0xEB6F, 0xEB6F, 0xEB6F, 0xEB6F, 0xEBF0, 0xE472, 0xED55, 0xF678,
  0xF73B, 0xDEFB, 0xB67A, 0x9E39, 0x8E19, 0x6D78, 0x5D78, 0x5D58,
  0x5D58, 0x5558, 0x5558, 0x5558, 0x5558, 0x5D58, 0x5D79, 0x5558,
  0x5558, 0x5558, 0x5D59, 0x5538, 0x5538, 0x5538, 0x5D17, 0x5D58,
  0x6538, 0x6538, 0x6517, 0x64F7, 0x5CB6, 0x5C96, 0x5C75, 0x5454,
  0x4C34, 0x5455, 0x5495, 0x5CB6, 0x5CB6, 0x54B6, 0x54D6, 0x5517,
  0x5558, 0x5D58, 0x5D58, 0x5558, 0x5558, 0x5558, 0x5558, 0x5D58,
  0x5D58, 0x6D78, 0x85F9, 0x8DF9, 0xAE9A, 0xD77D, 0xD71C, 0xCE9A,
  0xF79C, 0xE71A, 0xA42D, 0xE58E, 0xFE0D, 0xF62E, 0xBCAB, 0xDE54,
  0xCDB2, 0xBD31, 0xA4B0, 0x9CB0, 0xA4B0, 0xDDF0, 0xF5EF, 0xF62E,
  0xF62D, 0xF5EF, 0xA34A, 0x9B29, 0xE58D, 0xFE0D, 0xFE2D, 0xEDCE,
  0xCCCA, 0xF60D, 0xD54D, 0x834B, 0xF79C, 0xFF9B, 0xF79C, 0xD6DA,
  0xD699, 0xF79C, 0xF79B, 0xFF9B, 0xD637, 0x49A7, 0x9BAA, 0xF60E,
  0xFE0D, 0xFE2D, 0xFE2D, 0xFE2D, 0xFE2D, 0xFE2D, 0xFE2D, 0xFE0D,
  0xFE0D, 0xFE0D, 0xFE2D, 0xFE0E, 0xDD6E, 0x6207, 0x4107, 0x4A4C,
  0x8D78, 0x85DA, 0x85DA, 0x85D9, 0x85D9, 0x7DDA, 0x7DDA, 0x7DDA,
  0x7DDA, 0x7DBA, 0x85BA, 0x7DBA, 0x7DDA, 0x7DBA, 0x85BA, 0x4AAD,
  0x59E7, 0xEDCF, 0xFE0D, 0xFE2D, 0xFE0D, 0xF5EF, 0x61E6, 0x3927,
  0x4AAD, 0x85B9, 0x85DA, 0x85DA, 0x7DBA, 0x7DDA, 0x7DDA, 0x7DDA,
  0x7DDA, 0x7DDA, 0x7DDA, 0x7DDA, 0x7DB9, 0x7DDA, 0x7DBA, 0x7CF7,
  0x420B, 0x4169, 0x4127, 0x8AC8, 0xF62E, 0xFE2D, 0xFE2D, 0xFE2D,
  0xFE2D, 0xFE2D, 0xFE2D, 0xFE2D, 0xFE2D, 0xFE0D, 0xFE0D, 0xFE2D,
  0xF77B, 0xF77B, 0xF77B, 0xF77B, 0xF77B, 0xF77B, 0xFF7B, 0xFF7B,
  0xFF7B, 0xFF7B, 0xF79C, 0xEF7C, 0xC617, 0xF77B, 0xFF9B, 0xFF9B,
  0xF79B, 0xF79B, 0xFF9B, 0xFEF4, 0xFE2E, 0xFE0D, 0xFE2D, 0xFE2D,
  0xFE2D, 0xFE2D, 0xFE2D, 0xFE2D, 0xF62E, 0xBC8B, 0xAC2B, 0xEE10,
  0xF62F, 0xF60E, 0xFDEE, 0xFDEE, 0xFDED, 0xFDCD, 0xFDAD, 0xFDAD,
  0xFD8C, 0xFD6C, 0xFD6C, 0xF56C, 0xF54C, 0xFD4C, 0xFD4B, 0xFD2B,
  0xF52C, 0xD46C, 0x6965, 0xD32D, 0xE36E, 0xEB6E, 0xEB8F, 0xEB8F,
  0xEB8F, 0xEB6E, 0xEB6F, 0xEB6E, 0xEB6F, 0xEB6F, 0xEB6F, 0xEB6F,
  0xEB6F, 0xEB6F, 0xEB6F, 0xEB6E, 0xEB6F, 0xEB6F, 0xE38F, 0xDBD0,
  0xD431, 0xAC73, 0x7CF6, 0x6557, 0x5D58, 0x5558, 0x5558, 0x5558,
  0x5558, 0x5558, 0x5558, 0x5558, 0x5558, 0x5559, 0x5558, 0x5558,
  0x5D58, 0x5D58, 0x6538, 0x5CD6, 0x5434, 0x4B91, 0x42AF, 0x322D,
  0x31CB, 0x31CB, 0x31CA, 0x31AA, 0x3189, 0x3189, 0x39AA, 0x2969,
  0x2969, 0x3189, 0x2969, 0x31AA, 0x31AA, 0x31CB, 0x324D, 0x328D,
  0x3ACF, 0x4392, 0x5434, 0x4C55, 0x54F7, 0x5D58, 0x5558, 0x5D59,
  0x5D58, 0x5558, 0x5558, 0x5D58, 0x5D58, 0x6D57, 0x7577, 0x95F9,
  0xD77C, 0xF7BD, 0xACF3, 0xCD0D, 0xFE2E, 0xFE0E, 0xC4AB, 0xE5D0,
  0xEE10, 0xB409, 0xCD0C, 0xBC8A, 0xBC6A, 0xE5AD, 0xF5ED, 0xF60E,
  0xF5EF, 0xBC0B, 0x9ACC, 0xA34B, 0xED8E, 0xFE0D, 0xF60D, 0xE5AE,
  0xD50B, 0xFE2E, 0xD52D, 0xA44F, 0xFF9C, 0xFF9B, 0xF7BC, 0xD6DA,
  0xD699, 0xF79C, 0xF79B, 0xF77B, 0x7B4D, 0x4945, 0xDD4E, 0xFE0E,
  0xFE2D, 0xFE2D, 0xFE0D, 0xFE0D, 0xFE2D, 0xFE2D, 0xFE2D, 0xFE0D,
  0xFE0D, 0xFE2D, 0xFE2C, 0xF60E, 0xABCB, 0x4106, 0x4969, 0x73B2,
  0x8599, 0x85D9, 0x85BA, 0x7DB9, 0x7DDA, 0x7DDA, 0x7DDA, 0x7DDA,
  0x7DD9, 0x8E1A, 0x963B, 0x7DB9, 0x7DDA, 0x7DBA, 0x85BA, 0x530F,
  0x59E7, 0xEDCF, 0xFE2D, 0xFE2C, 0xFE2D, 0xF60F, 0x6207, 0x3908,
  0x424C, 0x85B9, 0x85DA, 0x85DA, 0x7DBA, 0x7DDA, 0x7DDA, 0x7DDA,
  0x7DDA, 0x7DDA, 0x7DDA, 0x7DDA, 0x7DBA, 0x7DDA, 0x7DBA, 0x85BA,
  0x5B91, 0x3948, 0x4127, 0x8B09, 0xF60D, 0xFE2D, 0xFE2D, 0xFE2D,
  0xFE2D, 0xFE2D, 0xFE2D, 0xFE2D, 0xFE2D, 0xFE2D, 0xFE2D, 0xFE2D,
  0xF75A, 0xF77B, 0xFF7B, 0xF77B, 0xFF7B, 0xFF7B, 0xF77B, 0xFF7B,
  0xFF7B, 0xFF7B, 0xF79B, 0xEF5B, 0xBDF7, 0xEF5B, 0xF79B, 0xF79B,
  0xF7BB, 0xFF9B, 0xFF9B, 0xFF15, 0xF62E, 0xFE2D, 0xFE0D, 0xFE0D,
  0xFE2D, 0xFE2D, 0xF62D, 0xF60E, 0xD50E, 0x8B07, 0xEDF0, 0xFE30,
  0xFE2F, 0xFE2E, 0xFE0E, 0xFDEE, 0xFDED, 0xFDCD, 0xFDCD, 0xFDAD,
  0xFD8D, 0xFD6D, 0xF56D, 0xED4D, 0xDD0D, 0xE4ED, 0xED0D, 0xF54C,
  0xFD2B, 0xF54D, 0xCC2C, 0x9229, 0xDB8F, 0xEB6E, 0xEB8F, 0xEB8E,
  0xEB8F, 0xEB6F, 0xEB6F, 0xEB6F, 0xEB6F, 0xEB6F, 0xEB6F, 0xEB6F,
  0xEB6F, 0xEB6F, 0xEB6F, 0xEB6F, 0xEB6F, 0xF36E, 0xEB6E, 0xEB6F,
  0xE38F, 0xC3D1, 0x84D5, 0x5D38, 0x5558, 0x4D58, 0x5558, 0x5558,
  0x5558, 0x5558, 0x5D38, 0x5538, 0x5538, 0x5518, 0x54F7, 0x5CB6,
  0x53D2, 0x42CE, 0x428D, 0x2969, 0x3169, 0x3128, 0x3948, 0x3948,
  0x4148, 0x4148, 0x4148, 0x4147, 0x4147, 0x4147, 0x4147, 0x4147,
  0x4147, 0x4147, 0x4148, 0x4148, 0x4148, 0x4148, 0x4148, 0x3948,
  0x3948, 0x3948, 0x3969, 0x3189, 0x320B, 0x324C, 0x4B30, 0x53D2,
  0x5C95, 0x5CD6, 0x5D17, 0x5538, 0x5558, 0x5559, 0x5538, 0x5D37,
  0x6D77, 0x8E19, 0x8CF4, 0xBCAD, 0xFE0D, 0xF60E, 0xC4A9, 0xCD0B,
  0xF5EE, 0xD50A, 0xF60E, 0xF62D, 0xFE4E, 0xFE2D, 0xEDCC, 0xDD4C,
  0xB40D, 0x92CB, 0x9AED, 0xB3EC, 0xF60E, 0xFE2D, 0xFE2D, 0xEDAD,
  0xCCCB, 0xF5ED, 0xDD4C, 0xAC8F, 0xF77C, 0xFF9C, 0xF79C, 0xD6DA,
  0xCE79, 0xF79C, 0xF79C, 0xE6BA, 0x51A7, 0x9B8A, 0xFE2F, 0xFE0D,
  0xFE2D, 0xFE2D, 0xFE2D, 0xFE2D, 0xFE2D, 0xFE2D, 0xFE2D, 0xFE2D,
  0xFE2D, 0xFE2C, 0xFE2D, 0xE5AF, 0x61E7, 0x4127, 0x4A0B, 0x8557,
  0x8DFB, 0x85B9, 0x85FA, 0x85DA, 0x7DDA, 0x7DDA, 0x7DDA, 0x7DDA,
  0x7DD9, 0x85FA, 0x85FA, 0x7DB9, 0x7DB9, 0x7DB9, 0x85BA, 0x52CE,
  0x59E8, 0xEDD0, 0xFE2D, 0xFE2D, 0xFE2D, 0xF60E, 0x6A06, 0x3927,
  0x424C, 0x85B9, 0x85FA, 0x85FA, 0x7DD9, 0x7DD9, 0x7DDA, 0x7DDA,
  0x7DDA, 0x7DDA, 0x7DDA, 0x7DDA, 0x7DDA, 0x85DA, 0x7DB9, 0x7DD9,
  0x8537, 0x39AA, 0x4127, 0xB44C, 0xF60D, 0xFE2D, 0xFE2D, 0xFE2D,
  0xFE2D, 0xFE0D, 0xFE0D, 0xFE0D, 0xFE2D, 0xFE2D, 0xFE2D, 0xFE2D,
  0xF75A, 0xF77B, 0xFF7B, 0xFF7B, 0xFF7B, 0xFF7B, 0xF77B, 0xFF7B,
  0xFF7B, 0xFF7B, 0xF79B, 0xEF5B, 0xC5F7, 0xEF5B, 0xF79B, 0xF79B,
  0xF79B, 0xF79B, 0xF79B, 0xFEF6, 0xF62E, 0xFE2D, 0xFE0D, 0xFE2D,
  0xFE2D, 0xFE2D, 0xF60D, 0xDD6D, 0x82C7, 0xD56F, 0xEE30, 0xF630,
  0xF62F, 0xF62F, 0xFE0E, 0xFDEE, 0xFDEE, 0xFDCD, 0xFDCD, 0xFDAD,
  0xFDAD, 0xF56E, 0xC48D, 0x82C9, 0x7AA9, 0x7A88, 0x8AC9, 0xCC6C,
  0xF54D, 0xF54C, 0xF54D, 0xAB2A, 0xB2EC, 0xE38F, 0xEB6F, 0xEB8F,
  0xEB6F, 0xEB6F, 0xEB6F, 0xEB6F, 0xEB6F, 0xEB6F, 0xEB6F, 0xEB6F,
  0xEB6F, 0xEB6F, 0xEB6F, 0xEB6F, 0xEB6F, 0xEB8E, 0xEB6F, 0xEB6F,
  0xD3B0, 0x9C73, 0x6517, 0x5558, 0x5558, 0x4D38, 0x5558, 0x5D58,
  0x54F7, 0x5495, 0x5434, 0x4BB2, 0x4330, 0x3ACE, 0x324D, 0x320B,
  0x398A, 0x3969, 0x4169, 0x4168, 0x4148, 0x4968, 0x4968, 0x4968,
  0x5167, 0x5988, 0x5987, 0x61C7, 0x61E7, 0x69E7, 0x7207, 0x7A28,
  0x7228, 0x7228, 0x7208, 0x71E8, 0x69E8, 0x69C7, 0x69C7, 0x69E7,
  0x6A08, 0x61E8, 0x59A7, 0x59C8, 0x4988, 0x4147, 0x3927, 0x3128,
  0x3989, 0x3A0B, 0x3AAE, 0x4B30, 0x53D3, 0x5475, 0x5CF7, 0x5538,
  0x5558, 0x5538, 0x5C12, 0x9BCB, 0xFE2E, 0xF60D, 0xFE2E, 0xDD4C,
  0xEDCE, 0xCCCA, 0xE58D, 0xEDCD, 0xF5ED, 0xF62F, 0xE5EF, 0xC4CE,
  0x92AA, 0x9AAC, 0xA2CD, 0xC46C, 0xFE2E, 0xF60D, 0xF60D, 0xF5EE,
  0xC48A, 0xD4C8, 0xE58D, 0x8B8C, 0xF77C, 0xF79C, 0xF79C, 0xD6DA,
  0xCE59, 0xEF5C, 0xEF3B, 0xA472, 0x6227, 0xDDAF, 0xFE2E, 0xFE0E,
  0xFE2D, 0xFE2D, 0xFE2D, 0xFE2D, 0xFE2D, 0xFE2D, 0xFE2D, 0xFE2D,
  0xFE2D, 0xFE2D, 0xF5EE, 0xAC0B, 0x5187, 0x49C9, 0x9D36, 0x8DB8,
  0x85FB, 0x85DA, 0x7DDA, 0x85DA, 0x7DDA, 0x7DDA, 0x7DDA, 0x7DDA,
  0x7DDA, 0x7DB9, 0x7DD9, 0x7DB9, 0x85D9, 0x85DA, 0x8599, 0x4AAD,
  0x51A7, 0xE5AF, 0xFE2D, 0xFE0D, 0xFE2D, 0xF60E, 0x7A87, 0x4127,
  0x424C, 0x8599, 0x7DD9, 0x85DA, 0x7DDA, 0x7DDA, 0x7DDA, 0x7DDA,
  0x7DDA, 0x7DDA, 0x7DDA, 0x7DDA, 0x7DB9, 0x8DDA, 0x95FA, 0x8DF9,
  0x7495, 0x3969, 0x4947, 0xCD0D, 0xF60D, 0xFE2D, 0xFE2D, 0xFE2D,
  0xF62D, 0xEDCD, 0xEDCD, 0xF60D, 0xF60D, 0xFE2D, 0xFE2D, 0xFE2D,
  0xF75A, 0xF77B, 0xFF7B, 0xF75B, 0xF77B, 0xF77B, 0xF77B, 0xFF7B,
  0xFF7B, 0xFF7B, 0xF79B, 0xEF5C, 0xBDF7, 0xEF5B, 0xF77C, 0xF77C,
  0xF79C, 0xF77C, 0xF79B, 0xF716, 0xF62E, 0xFE2D, 0xFE0D, 0xFE2D,
  0xFE2D, 0xFE2D, 0xF62E, 0xABEA, 0xAC2D, 0xA42C, 0x8349, 0x8B4A,
  0xC4CE, 0xF610, 0xFE0F, 0xFDEE, 0xFDEE, 0xFDED, 0xFDCD, 0xFDAD,
  0xF5AE, 0xBC4D, 0x72CA, 0xA492, 0xC5B6, 0x9C52, 0x4947, 0x69C7,
  0xC42B, 0xF56C, 0xF54C, 0xDCED, 0x8A48, 0xD36F, 0xEB6F, 0xEB6F,
  0xEB6E, 0xEB6F, 0xEB6F, 0xEB6F, 0xEB6F, 0xEB6F, 0xEB6F, 0xEB6F,
  0xEB6F, 0xEB6F, 0xEB6F, 0xEB6F, 0xEB6F, 0xEB6F, 0xEB8F, 0xCBD1,
  0x9474, 0x6D16, 0x5558, 0x5538, 0x5D18, 0x54D6, 0x4BF3, 0x4310,
  0x3A8D, 0x31EB, 0x39AA, 0x3188, 0x3147, 0x3948, 0x3927, 0x4168,
  0x4148, 0x5168, 0x5168, 0x5188, 0x59A8, 0x61A8, 0x69E9, 0x7A4A,
  0x8AAA, 0x92EA, 0x9B0A, 0xA34B, 0xAB6B, 0xB38B, 0xBBCB, 0xC3EC,
  0xC40C, 0xC40C, 0xC40C, 0xC40C, 0xC40C, 0xC40C, 0xC40C, 0xC3CB,
  0xBBCB, 0xBBAB, 0xB38B, 0xB3AB, 0xA34B, 0x8AC9, 0x7A68, 0x61E8,
  0x51A7, 0x4967, 0x4148, 0x3948, 0x3949, 0x39EB, 0x42AE, 0x4391,
  0x5475, 0x5D18, 0x5C33, 0x834B, 0xFE0E, 0xFE2C, 0xFE2D, 0xEDAD,
  0xE56D, 0xE56D, 0xD52C, 0xDD6C, 0xEDCE, 0xD52E, 0xCD91, 0xDE36,
  0x8AAC, 0xA2CE, 0xBBB0, 0xDD4E, 0xFE0D, 0xFE0D, 0xF60D, 0xEDEE,
  0xCCAA, 0xED8B, 0xEDEE, 0x72A9, 0xD678, 0xDEB8, 0xDEF9, 0xC659,
  0xBDF7, 0xD699, 0xAD34, 0x51A7, 0xA3EB, 0xF60E, 0xFE0D, 0xFE0E,
  0xFE2D, 0xFE2D, 0xFE2D, 0xFE2D, 0xFE2D, 0xFE2D, 0xFE2D, 0xFE2D,
  0xFE2D, 0xFE0D, 0xD54D, 0x6A28, 0x4967, 0x8BF0, 0xBE7A, 0x8DD9,
  0x85DA, 0x8E1B, 0x7DBA, 0x7DBA, 0x7DBA, 0x7DDA, 0x7DDA, 0x7DDA,
  0x7DDA, 0x7DDA, 0x7DB9, 0x7DD9, 0x85FA, 0x85FA, 0x85B9, 0x4AAE,
  0x4966, 0xDD8F, 0xFE0D, 0xFE0D, 0xFE2D, 0xF60E, 0x8AE8, 0x4147,
  0x420B, 0x8599, 0x7DB9, 0x8DFA, 0x85FA, 0x7DBA, 0x7DDA, 0x7DDA,
  0x7DDA, 0x7DDA, 0x7DDA, 0x7DDA, 0x7DB9, 0x9E3B, 0xB6BB, 0xAE7B,
  0x6350, 0x3928, 0x61E7, 0xDD8E, 0xFE2D, 0xFE2D, 0xFE2D, 0xFE2D,
  0xEDED, 0xA3EA, 0x8B08, 0xC4CD, 0xE5AE, 0xFE0F, 0xFE0E, 0xFE2D,
  0xF75A, 0xF77B, 0xF77B, 0xF75B, 0xFF7B, 0xFF7B, 0xF77B, 0xF77B,
  0xFF7B, 0xFF7B, 0xF79B, 0xEF5C, 0xBDD7, 0xD679, 0xD699, 0xD699,
  0xD699, 0xD699, 0xD699, 0xE674, 0xF62E, 0xFE2D, 0xFE2D, 0xFE2D,
  0xFE2D, 0xF60D, 0xEDEF, 0x830A, 0x72EA, 0x6AA9, 0x9C51, 0x838F,
  0x59E7, 0xAC2D, 0xF610, 0xFDEE, 0xFDEE, 0xFDED, 0xFDCD, 0xFDCE,
  0xDD4E, 0x72A8, 0xC5D6, 0xF77B, 0xFFBC, 0x7B4D, 0x4148, 0x4927,
  0x7206, 0xDCED, 0xFD6D, 0xF56D, 0xB3EC, 0x9A4A, 0xEB8F, 0xEB6F,
  0xEB6E, 0xEB6F, 0xEB6F, 0xEB6F, 0xEB6F, 0xEB6F, 0xEB6F, 0xEB6F,
  0xEB6F, 0xEB6F, 0xEB6F, 0xEB6F, 0xEB6F, 0xEB8F, 0xCBF1, 0x9474,
  0x64F7, 0x5538, 0x5D38, 0x4C55, 0x3AEF, 0x324D, 0x31AA, 0x3149,
  0x3928, 0x3907, 0x4107, 0x4147, 0x4968, 0x5168, 0x5989, 0x61C9,
  0x61E9, 0x69E9, 0x7209, 0x826B, 0x8AAB, 0x92AB, 0xA32C, 0xAB6D,
  0xAB6B, 0xAB8B, 0xAB8B, 0xAB6A, 0xAB6A, 0xAB6A, 0xAB8A, 0xAB8A,
  0xB38A, 0xB38A, 0xB38A, 0xB3AA, 0xB3AA, 0xB3AA, 0xBBCA, 0xBBCB,
  0xC3EB, 0xCC2B, 0xD44C, 0xDC6C, 0xDC8D, 0xDC6C, 0xCC2C, 0xBBEC,
  0xAB6B, 0x92CA, 0x7228, 0x69E8, 0x4947, 0x4947, 0x3907, 0x3989,
  0x31EB, 0x3AAE, 0x532F, 0x7B2B, 0xF62F, 0xFE2D, 0xEDCC, 0xE58D,
  0xF5EE, 0xEDED, 0xEE0E, 0xE5EF, 0xCD2E, 0x934C, 0xC554, 0xBD14,
  0x824C, 0xC3D1, 0xB36C, 0xF5EE, 0xFE2D, 0xFE0D, 0xFE2E, 0xF60E,
  0xCCAA, 0xFE0E, 0xEDCE, 0x6A88, 0xE6FA, 0xEF3A, 0xE73B, 0xCE9A,
  0xCE9A, 0xD69A, 0x732D, 0x6207, 0xE58F, 0xFE2D, 0xFE0D, 0xFE2D,
  0xFE2D, 0xFE2D, 0xFE2D, 0xFE2D, 0xFE2D, 0xFE2D, 0xFE2D, 0xFE2D,
  0xFE2D, 0xFE0D, 0xB40B, 0x4947, 0x72CD, 0xD6BB, 0xB6BB, 0x8DD9,
  0x85D9, 0x85DB, 0x7DBA, 0x7DBA, 0x7DDA, 0x7DDA, 0x7DDA, 0x7DDA,
  0x7DDA, 0x7DDA, 0x7DDA, 0x7DB9, 0x8E1B, 0x8E1B, 0x85BA, 0x5B30,
  0x4967, 0xD54E, 0xFE0D, 0xFE0D, 0xFE2D, 0xFE0E, 0xB44C, 0x4127,
  0x3189, 0x7D78, 0x7DB9, 0x85BA, 0x85FA, 0x7D9A, 0x7DBA, 0x7DDA,
  0x7DDA, 0x7DDA, 0x7DDA, 0x7DDA, 0x85D9, 0x961A, 0xB69B, 0xAE3A,
  0x4A2B, 0x4127, 0x82C8, 0xF5EE, 0xFE2D, 0xFE2D, 0xFE2D, 0xFE2D,
  0xDD8E, 0x59C6, 0x4126, 0x59C7, 0x82A9, 0x9B89, 0xB46C, 0xCD0D,
  0xF77B, 0xF77B, 0xF77B, 0xF77B, 0xFF7B, 0xFF7B, 0xF77B, 0xF77B,
  0xF77B, 0xFF7B, 0xF79B, 0xEF5C, 0xBDD8, 0xDEBA, 0xDEBA, 0xDEDA,
  0xDEFA, 0xDEDA, 0xDEFA, 0xEEB5, 0xF62E, 0xFE2D, 0xFE2D, 0xFE2D,
  0xFE2D, 0xF62E, 0xB46C, 0x6A89, 0x5A6A, 0xE6DA, 0xEF5C, 0x5A4A,
  0x4167, 0x4966, 0xCCEE, 0xF60F, 0xFDED, 0xFDEE, 0xFDED, 0xF5CF,
  0xA3AA, 0x93EF, 0xFF9C, 0xFFBB, 0xFFBC, 0x7B4D, 0x4147, 0x4948,
  0x5146, 0xB3EB, 0xF56D, 0xFD8D, 0xED8F, 0x8A28, 0xDB6F, 0xEB6F,
  0xEB6F, 0xEB6F, 0xEB6F, 0xEB6F, 0xEB6F, 0xEB6F, 0xEB6F, 0xEB6F,
  0xEB6F, 0xEB6F, 0xEB6F, 0xEB6F, 0xEB6F, 0xD3D1, 0x9494, 0x6537,
  0x5D38, 0x5CB6, 0x3B0F, 0x31CA, 0x3128, 0x3928, 0x3927, 0x4107,
  0x4107, 0x4948, 0x5188, 0x61E9, 0x6A09, 0x69E8, 0x7229, 0x826B,
  0x92EC, 0xAB8D, 0xB38D, 0xB38D, 0xB38D, 0xAB6C, 0xB36C, 0xAB4B,
  0xAB6A, 0xAB6A, 0xAB6A, 0xAB6A, 0xAB6A, 0xAB8A, 0xAB6A, 0xAB6A,
  0xAB6A, 0xAB6A, 0xAB6A, 0xAB6A, 0xAB8A, 0xAB6A, 0xAB8A, 0xAB6A,
  0xAB6A, 0xAB8A, 0xAB89, 0xB389, 0xBBCA, 0xCC0B, 0xD42C, 0xDC6C,
  0xDC8D, 0xD44C, 0xCC0C, 0xBBCB, 0x9B0A, 0x8269, 0x59A7, 0x4947,
  0x3907, 0x3928, 0x3147, 0x6227, 0xEE0F, 0xFE0D, 0xDD4A, 0xD50B,
  0xDD4C, 0xD4EC, 0xB44C, 0xC531, 0xF6B8, 0xA3CF, 0x8ACC, 0x8A8D,
  0xBB71, 0xCC30, 0xDCED, 0xFE2E, 0xFE2D, 0xFE0D, 0xFE0E, 0xEDCE,
  0xCCAA, 0xFE0E, 0xE58D, 0x72C9, 0xF79C, 0xF79C, 0xF79C, 0xD6FA,
  0xDEFB, 0xBDB7, 0x4167, 0x9BCB, 0xF60E, 0xFE0D, 0xFE0D, 0xFE2D,
  0xFE2D, 0xFE0D, 0xFE2D, 0xFE2D, 0xFE2D, 0xFE2D, 0xFE2D, 0xFE2D,
  0xFE2D, 0xFE0D, 0xC48C, 0x5167, 0x83AF, 0xCEDC, 0x8DD8, 0x7DD9,
  0x7DD9, 0x7DDA, 0x7DBA, 0x7DDA, 0x7DDA, 0x7DDA, 0x7DDA, 0x7DDA,
  0x7DDA, 0x7DDA, 0x7DDA, 0x7DBA, 0x7DD9, 0x7DBA, 0x85BA, 0x6371,
  0x4146, 0xCD0E, 0xFE0D, 0xFE0D, 0xFE2D, 0xFE2E, 0xB40B, 0x4147,
  0x3989, 0x8557, 0x7DB9, 0x85D9, 0x85FA, 0x7DBA, 0x7DBA, 0x7DDA,
  0x7DDA, 0x7DDA, 0x7DDA, 0x7DDA, 0x7DBA, 0x85DA, 0x9E3A, 0x9537,
  0x3968, 0x3904, 0xB42A, 0xFE0E, 0xFE0D, 0xFE2D, 0xFE2D, 0xFE2E,
  0xBC6C, 0x4926, 0x3907, 0x4107, 0x4927, 0x4126, 0x59C8, 0x51A7,
  0xF77B, 0xF77B, 0xF77B, 0xF77B, 0xFF7B, 0xFF7B, 0xF77B, 0xFF7B,
  0xFF7B, 0xFF7B, 0xF79B, 0xEF5B, 0xC5F7, 0xEF5B, 0xF79B, 0xF79B,
  0xFFBB, 0xF77B, 0xF79B, 0xFF16, 0xF62E, 0xFE2D, 0xFE2D, 0xFE2D,
  0xFE0D, 0xEE0F, 0x6225, 0x72CB, 0xBD75, 0xFFDC, 0xEF3B, 0x4187,
  0x4147, 0x4167, 0x7AA8, 0xEDF0, 0xFE0E, 0xFE0E, 0xFDEE, 0xF5AF,
  0x6A06, 0xD638, 0xF7BB, 0xF7BB, 0xFFBC, 0xDEDA, 0x62AA, 0x5229,
  0x93D0, 0x9309, 0xF58D, 0xFD6D, 0xF58E, 0xAB8A, 0xC34E, 0xE38F,
  0xEB6F, 0xEB8F, 0xEB6F, 0xEB6F, 0xEB6F, 0xEB6F, 0xEB6F, 0xEB6F,
  0xEB6F, 0xEB6F, 0xEB6F, 0xEB6E, 0xDB8F, 0xA432, 0x6CB5, 0x5454,
  0x3AAE, 0x2969, 0x3128, 0x3907, 0x4107, 0x4127, 0x4948, 0x61C9,
  0x61E9, 0x720A, 0x722A, 0x7A4A, 0x8ACC, 0x8BAF, 0x8C72, 0x8C93,
  0x8472, 0x8C0F, 0x9BCD, 0xA38B, 0xAB6B, 0xAB6B, 0xAB8A, 0xAB8A,
  0xAB6A, 0xAB6A, 0xAB6A, 0xAB8A, 0xAB8A, 0xAB8A, 0xAB8A, 0xAB8A,
  0xAB8A, 0xAB8A, 0xAB8A, 0xAB6A, 0xAB6A, 0xAB6A, 0xAB6A, 0xAB6A,
  0xAB6A, 0xAB6A, 0xAB6A, 0xAB8A, 0xAB8A, 0xAB6A, 0xAB6A, 0xB38A,
  0xC3EB, 0xD44C, 0xDC8C, 0xE48C, 0xDC6C, 0xD44C, 0xBBCB, 0x92E9,
  0x7228, 0x5167, 0x4926, 0x4924, 0xD52D, 0xFE0E, 0xFE2E, 0xFE2E,
  0xF62F, 0xC48C, 0x92EA, 0xABCF, 0xA3D0, 0x8AAC, 0x9AAD, 0xD3F3,
  0xE494, 0xCC6D, 0xF62F, 0xFE2D, 0xFE0D, 0xFE0D, 0xFE0D, 0xE5AD,
  0xCCCB, 0xFE0E, 0xE5AD, 0x72A9, 0xF77C, 0xF79C, 0xF77B, 0xD6DA,
  0xDEFA, 0x9472, 0x4125, 0xBCAD, 0xF60D, 0xFE2D, 0xFE0D, 0xFE2D,
  0xFE0D, 0xFE0D, 0xFE2D, 0xFE2D, 0xFE2D, 0xFE2D, 0xFE2D, 0xFE2D,
  0xFE2D, 0xFE2D, 0xE5AE, 0x7287, 0x41C9, 0x84B5, 0x7D99, 0x7DBA,
  0x7DD9, 0x7DDA, 0x7DBA, 0x7DDA, 0x7DDA, 0x7DDA, 0x7DDA, 0x7DDA,
  0x7DDA, 0x7DDA, 0x7DDA, 0x7DBA, 0x7DBA, 0x7DB9, 0x85BA, 0x63B2,
  0x4167, 0xCCEE, 0xF60E, 0xFE2D, 0xFE2D, 0xFE2D, 0xCD0E, 0x4126,
  0x3148, 0x7CB6, 0x85D9, 0x7DB9, 0x7DDA, 0x7DBA, 0x7DDA, 0x7DDA,
  0x7DDA, 0x7DDA, 0x7DDA, 0x7DDA, 0x7DDA, 0x7DBA, 0x8599, 0x5B10,
  0x49A7, 0x9389, 0xE5AD, 0xFE0D, 0xFE0D, 0xFE0D, 0xFE2D, 0xF5EE,
  0x8B09, 0x4967, 0x6AAC, 0x624B, 0x51C9, 0x51C9, 0x4989, 0x4968,
  0xF77A, 0xF77A, 0xFF5A, 0xFF5A, 0xFF7A, 0xFF7A, 0xFF7A, 0xFF5A,
  0xFF5A, 0xFF59, 0xFF59, 0xEF19, 0xCE15, 0xF718, 0xFF58, 0xFF37,
  0xFF37, 0xFF17, 0xFF16, 0xFEB3, 0xFE2E, 0xFE2D, 0xFE0D, 0xFE2D,
  0xFE2D, 0xD54D, 0x7287, 0x832D, 0xE6BA, 0xFF9C, 0xFF9C, 0x8BCF,
  0x49A9, 0x59EA, 0x72AA, 0xDD4F, 0xFE0F, 0xFE0E, 0xFDEE, 0xE54E,
  0x59C6, 0xF75C, 0xF7DB, 0xF7BC, 0xFFBC, 0xF7BC, 0xEF5B, 0xEF3B,
  0xD638, 0x7AA8, 0xF5AE, 0xFD8D, 0xF58D, 0xD4AD, 0xAB2D, 0xE3AF,
  0xEB6E, 0xEB6F, 0xEB6E, 0xEB6F, 0xEB6F, 0xEB6F, 0xEB6F, 0xEB6F,
  0xEB6F, 0xEB6F, 0xEB6F, 0xEB6F, 0xE38F, 0xB3F2, 0x526C, 0x3148,
  0x3127, 0x4127, 0x4148, 0x4968, 0x59A9, 0x61E9, 0x6A09, 0x722A,
  0x828B, 0x92CC, 0x8B4E, 0x8411, 0x7CD3, 0x6DD8, 0x5EDB, 0x56FC,
  0x571C, 0x5E9A, 0x6DB5, 0x846F, 0xA38B, 0xAB6A, 0xAB8A, 0xAB8A,
  0xAB8A, 0xAB6A, 0xAB6A, 0xAB8A, 0xAB8A, 0xAB8A, 0xAB8A, 0xAB8A,
  0xAB8A, 0xAB8A, 0xAB8A, 0xAB8A, 0xAB8A, 0xAB8A, 0xAB8A, 0xAB8A,
  0xAB8A, 0xAB8A, 0xAB8A, 0xAB6A, 0xAB6A, 0xAB6A, 0xAB6A, 0xAB8A,
  0xAB6A, 0xAB69, 0xB38A, 0xC3CB, 0xCC0B, 0xDC6C, 0xE48C, 0xDC6D,
  0xCC0C, 0xB38A, 0x8AAA, 0x61C6, 0xE5AF, 0xDD4C, 0xF62F, 0xFE0D,
  0xFE2D, 0xF5EE, 0xBC2B, 0x9B2B, 0x92CC, 0x9ACD, 0xC3B0, 0xDC72,
  0xD46E, 0xED8E, 0xF60D, 0xFE2D, 0xFE0D, 0xFE2D, 0xFE0D, 0xEDEE,
  0xD4EC, 0xFE0D, 0xEDEE, 0x72A8, 0xF75B, 0xF79B, 0xF79B, 0xDEFA,
  0xDEFA, 0x838F, 0x6208, 0xF631, 0xFE2D, 0xFE2D, 0xFE2D, 0xFE2D,
  0xFE2D, 0xFE2D, 0xFE2D, 0xFE2D, 0xFE2D, 0xFE0D, 0xFE0D, 0xFE2D,
  0xFE2D, 0xFE0D, 0xF60D, 0xBCCD, 0x49C8, 0x52EE, 0x8579, 0x7DBA,
  0x7DBA, 0x7DBA, 0x7DBA, 0x7DDA, 0x7DDA, 0x7DDA, 0x7DDA, 0x7DDA,
  0x7DBA, 0x7DBA, 0x7DBA, 0x7DBA, 0x7DBA, 0x7DBA, 0x85BA, 0x6BF3,
  0x3926, 0xAC0C, 0xF60E, 0xFE2D, 0xFE2D, 0xFE2D, 0xD52E, 0x4987,
  0x3928, 0x6C13, 0x961A, 0x7DB9, 0x7DDA, 0x7DBA, 0x7DDA, 0x7DDA,
  0x7DBA, 0x7DBA, 0x7DDA, 0x7DDA, 0x7DBA, 0x7DB9, 0x7CD6, 0x41AA,
  0x6A69, 0xDD8E, 0xFE2E, 0xFE0D, 0xFE0D, 0xFE2D, 0xFE2D, 0xDD6E,
  0x61E7, 0x5A09, 0xDE78, 0xE6DA, 0xD637, 0xC5D6, 0xBD95, 0xB554,
  0xF77A, 0xF75A, 0xFF59, 0xF6D6, 0xF6D5, 0xFED4, 0xFED4, 0xF6B3,
  0xF6B3, 0xF692, 0xF692, 0xF672, 0xEE30, 0xF671, 0xF671, 0xF670,
  0xF650, 0xF650, 0xF64F, 0xF62E, 0xFE2D, 0xFE2D, 0xFE2D, 0xFE0D,
  0xFE2D, 0xB48B, 0xA40D, 0x72CB, 0xE6FA, 0xFFBC, 0xFFBC, 0xEF1B,
  0xB554, 0xC596, 0x9C50, 0xC4CE, 0xFE2F, 0xFE0E, 0xF60E, 0xDD6E,
  0x59E6, 0xEF3C, 0xFFBC, 0xFFBC, 0xFFBC, 0xFFBD, 0xF7BC, 0xFFBC,
  0xD678, 0x72A8, 0xEDCE, 0xFDAD, 0xFDAD, 0xDD0D, 0x9ACB, 0xE3AF,
  0xEB8E, 0xEB6F, 0xEB6E, 0xEB6E, 0xEB6F, 0xEB6F, 0xEB6F, 0xEB6F,
  0xEB6F, 0xEB6F, 0xEB6F, 0xEB6F, 0xEB6F, 0xDB90, 0x7A0A, 0x4907,
  0x4948, 0x5989, 0x61C9, 0x6A09, 0x69E9, 0x7A4A, 0x8AAB, 0x9AEC,
  0x9B6E, 0x83D0, 0x5CB4, 0x55D9, 0x4EBC, 0x473E, 0x3F5E, 0x3F5E,
  0x3F5E, 0x3F5E, 0x4F3D, 0x5E58, 0x848F, 0xA38A, 0xAB8A, 0xAB6A,
  0xAB8A, 0xAB8A, 0xAB8A, 0xAB8A, 0xAB8A, 0xAB8A, 0xAB8A, 0xAB8A,
  0xAB8A, 0xAB8A, 0xAB8A, 0xAB8A, 0xAB8A, 0xAB8A, 0xAB8A, 0xAB8A,
  0xAB8A, 0xAB8A, 0xAB8A, 0xAB8A, 0xAB8A, 0xAB8A, 0xAB8A, 0xAB8A,
  0xAB6A, 0xAB6A, 0xAB6A, 0xAB6A, 0xAB89, 0xBBAA, 0xCBEB, 0xDC4C,
  0xE46C, 0xE48C, 0xC3EC, 0x9329, 0xE5AF, 0xB408, 0xF62F, 0xFE2D,
  0xFE2D, 0xFE2D, 0xF5EE, 0xD4ED, 0xBC0C, 0xAB4B, 0xC42E, 0xDD0F,
  0xED8E, 0xFE0E, 0xFE0C, 0xF60D, 0xFE2D, 0xFE2D, 0xFE0D, 0xEDEE,
  0xC4AB, 0xF60E, 0xF60F, 0x82E8, 0xF77B, 0xF79B, 0xF79B, 0xDEDA,
  0xDEDA, 0x838F, 0x7268, 0xFE4F, 0xFE2D, 0xFE2D, 0xFE2D, 0xFE2D,
  0xFE2D, 0xFE2D, 0xFE0D, 0xFE2D, 0xFE2D, 0xFE0D, 0xFE2D, 0xFE2D,
  0xFE2D, 0xFE0D, 0xF60D, 0xEDEF, 0x8B4B, 0x41E9, 0x7475, 0x859A,
  0x7DBA, 0x7DDA, 0x7DBA, 0x7DDA, 0x7DDA, 0x7DDA, 0x7DDA, 0x7DDA,
  0x7DBA, 0x7DBA, 0x7DBA, 0x7DBA, 0x7DBA, 0x7DBA, 0x7DBA, 0x6C74,
  0x3927, 0x936A, 0xFE2E, 0xFE2D, 0xFE2D, 0xFE0E, 0xDD8E, 0x6229,
  0x3927, 0x4AAD, 0x8598, 0x7DD9, 0x7DDA, 0x7DDA, 0x7DDA, 0x7DBA,
  0x7DBA, 0x85BA, 0x85FA, 0x7DDA, 0x7DDA, 0x7D99, 0x5B71, 0x4169,
  0x59E7, 0xDD6D, 0xFE2D, 0xFE0D, 0xFE0D, 0xFE0D, 0xFE2E, 0xAC0B,
  0x4146, 0x836E, 0xF75A, 0xF79B, 0xF79B, 0xF79B, 0xF79B, 0xF79B,
  0xF75A, 0xF75A, 0xFF59, 0xF672, 0xF62F, 0xFE2E, 0xFE2E, 0xFE2E,
  0xFE2E, 0xFE2E, 0xFE2D, 0xF62D, 0xF62D, 0xFE2D, 0xFE2D, 0xFE0D,
  0xFE0D, 0xFE2D, 0xFE0D, 0xFE0D, 0xFE2D, 0xFE2D, 0xFE2D, 0xFE0D,
  0xFE2E, 0xA3A9, 0xD592, 0x6ACB, 0xEF1A, 0xFFBC, 0xFFBC, 0xFFDC,
  0xFFBC, 0xFFBD, 0xB534, 0xB46D, 0xFE2F, 0xFE0E, 0xFE0E, 0xEDCF,
  0x6206, 0xD638, 0xF75C, 0xEF3C, 0xDEB9, 0xD658, 0xC5D6, 0xBDB5,
  0x9430, 0x7AA8, 0xF5CE, 0xFDAD, 0xFDCD, 0xED6E, 0x92A9, 0xE3AF,
  0xEB6E, 0xEB6F, 0xEB6E, 0xEB6E, 0xEB6F, 0xEB6F, 0xEB6F, 0xEB6F,
  0xEB6F, 0xEB6F, 0xEB6F, 0xEB6F, 0xEB4E, 0xEB6F, 0xC30E, 0x79C9,
  0x61E9, 0x6A09, 0x7209, 0x7A29, 0x92CB, 0xA34C, 0xA34C, 0x9B6D,
  0x6BD1, 0x4D57, 0x46BC, 0x3F5E, 0x375F, 0x375F, 0x375F, 0x375E,
  0x375E, 0x375E, 0x375E, 0x3F5D, 0x6E17, 0x93CC, 0xAB6B, 0xAB6A,
  0xAB8A, 0xAB8A, 0xAB8A, 0xAB8A, 0xAB8A, 0xAB8A, 0xAB8A, 0xAB8A,
  0xAB8A, 0xAB8A, 0xAB8A, 0xAB8A, 0xAB8A, 0xAB8A, 0xAB8A, 0xAB8A,
  0xAB8A, 0xAB8A, 0xAB8A, 0xAB8A, 0xAB8A, 0xAB8A, 0xAB8A, 0xAB8A,
  0xAB8A, 0xAB8A, 0xAB8A, 0xAB8A, 0xAB69, 0xAB6A, 0xB38A, 0xB36A,
  0xC3AA, 0xCC0B, 0xCC2C, 0x9308, 0xE5CE, 0xDD4C, 0xF62E, 0xFE0D,
  0xFE2D, 0xFE2D, 0xFE2D, 0xF62D, 0xEDEE, 0xED6D, 0xED8D, 0xF60E,
  0xFE0E, 0xFE2D, 0xFE0D, 0xF60D, 0xF60D, 0xF60D, 0xF60E, 0xEDEF,
  0xC4AB, 0xD4EC, 0xDD6D, 0x8B29, 0xFF7B, 0xF79B, 0xF79B, 0xDEDA,
  0xDEDA, 0x838F, 0x7289, 0xF62F, 0xFE2D, 0xFE2D, 0xF62D, 0xFE2D,
  0xFE0D, 0xFE0D, 0xFE0D, 0xFE0D, 0xFE0D, 0xFE2D, 0xFE2D, 0xFE2D,
  0xFE2D, 0xFE0D, 0xFE2D, 0xF62E, 0xD54E, 0x6269, 0x5B0F, 0x8579,
  0x7DD9, 0x85DA, 0x7DBA, 0x7DDA, 0x7DDA, 0x7DDA, 0x7DDA, 0x7DDA,
  0x85DA, 0x8E1B, 0x7DBA, 0x7DBA, 0x7DBA, 0x7DDA, 0x7DBA, 0x7CF6,
  0x4168, 0x7AA8, 0xF60E, 0xFE2D, 0xFE2D, 0xFE0D, 0xEE0F, 0x6207,
  0x3927, 0x420B, 0x7D57, 0x7DDA, 0x7DDA, 0x7DDA, 0x7DBA, 0x7DBA,
  0x85BA, 0x85BA, 0x85FB, 0x7DDA, 0x7DDA, 0x7D58, 0x424C, 0x4128,
  0x6A47, 0xEDCE, 0xFE2D, 0xFE2D, 0xFE2D, 0xFE2D, 0xF62E, 0x7AC8,
  0x4146, 0xB534, 0xFF9B, 0xF79B, 0xF79B, 0xFF9B, 0xFF9B, 0xFF9B,
  0xFF7B, 0xF77A, 0xFF5A, 0xFED4, 0xFE2F, 0xFE0D, 0xFE0D, 0xFE0D,
  0xFE0D, 0xFE0D, 0xFE2D, 0xFE2D, 0xF60D, 0xFE2D, 0xFE0D, 0xFE0D,
  0xFE0D, 0xFE0E, 0xFE0E, 0xFE2D, 0xFE2D, 0xFE2D, 0xFE2D, 0xFE2D,
  0xF60E, 0x9348, 0xF674, 0x7B0C, 0xE71A, 0xFFBC, 0xFFBC, 0xF7BC,
  0xFFBD, 0xF79D, 0xACD3, 0xAC4C, 0xFE50, 0xFE2E, 0xFE0E, 0xF611,
  0x82E9, 0x5A08, 0x51C7, 0x4965, 0x4965, 0x49A5, 0x51C5, 0x6227,
  0x6A07, 0xA3AB, 0xFDCF, 0xFDCD, 0xFDCD, 0xF5CF, 0x8A88, 0xDBAF,
  0xEB6F, 0xEB6E, 0xEB6F, 0xEB6F, 0xEB6F, 0xEB6F, 0xEB6F, 0xEB6F,
  0xEB6F, 0xEB6F, 0xEB6F, 0xEB6F, 0xEB6E, 0xEB6E, 0xE36F, 0xB2CD,
  0x71E8, 0x7208, 0x92CB, 0xAB6D, 0xAB6C, 0xAB6B, 0x9BAD, 0x6BF1,
  0x3CF7, 0x3EFE, 0x3F7F, 0x375E, 0x3F5F, 0x377F, 0x377F, 0x2F1E,
  0x2EDD, 0x371D, 0x3F5E, 0x377F, 0x4EFC, 0x7C90, 0xAB6B, 0xAB6A,
  0xAB8A, 0xAB8A, 0xAB8A, 0xAB8A, 0xAB8A, 0xAB8A, 0xAB8A, 0xAB8A,
  0xAB8A, 0xAB8A, 0xAB8A, 0xAB8A, 0xAB8A, 0xAB8A, 0xAB8A, 0xAB8A,
  0xAB8A, 0xAB8A, 0xAB8A, 0xAB8A, 0xAB8A, 0xAB8A, 0xAB8A, 0xAB8A,
  0xAB8A, 0xAB8A, 0xAB8A, 0xAB8A, 0xAB6A, 0xAB6A, 0xAB6A, 0xAB6A,
  0xAB6B, 0xA38A, 0x9B29, 0x8AE7, 0xE5AF, 0xC46A, 0xED8D, 0xFE0D,
  0xFE2D, 0xFE2D, 0xFE2D, 0xF62D, 0xFE2D, 0xFE2D, 0xFE0D, 0xFE0D,
  0xFE2D, 0xFE0D, 0xFE0D, 0xFE2E, 0xEDAE, 0xDD4D, 0xF5EE, 0xDD4D,
  0xC48B, 0xABA8, 0xD50D, 0x8329, 0xF75C, 0xFF9C, 0xF7BC, 0xDEDA,
  0xDEDA, 0x838F, 0x6A28, 0xF60F, 0xFE2D, 0xFE0D, 0xFE2D, 0xFE2D,
  0xFE2D, 0xFE0E, 0xFE2E, 0xF60E, 0xE58E, 0xF60E, 0xFE0D, 0xFE0D,
  0xFE0D, 0xFE0D, 0xFE2D, 0xFE2D, 0xF60E, 0x9BAA, 0x3968, 0x6413,
  0x85B9, 0x7DBA, 0x7DBA, 0x7DDA, 0x7DDA, 0x7DDA, 0x7DDA, 0x7DDA,
  0x7DBA, 0x7DBA, 0x7DBA, 0x85DA, 0x85DA, 0x7DDA, 0x7DBA, 0x8557,
  0x41A9, 0x6A26, 0xF60E, 0xFE2D, 0xFE2D, 0xFE0D, 0xF62F, 0x6A48,
  0x4147, 0x49EB, 0x7516, 0x7DD9, 0x7DDA, 0x7DDA, 0x7DBA, 0x7DBA,
  0x85BA, 0x7DBA, 0x7DB9, 0x85DA, 0x85B9, 0x7CF6, 0x49EB, 0x4107,
  0x9BAB, 0xFE0E, 0xFE2D, 0xFE2D, 0xFE2D, 0xFE2D, 0xE5F0, 0x5186,
  0x51E9, 0xE6DA, 0xFF9B, 0xFF9B, 0xFF9B, 0xFF9B, 0xFF9B, 0xFF9B,
  0xFF5B, 0xF77A, 0xF77B, 0xFF58, 0xF692, 0xF62E, 0xFE0D, 0xFE0D,
  0xFE2D, 0xFE2D, 0xFE2D, 0xFE2D, 0xFE2D, 0xFE2D, 0xFE0D, 0xFE0D,
  0xFE0D, 0xFE2D, 0xFE2D, 0xFE2D, 0xFE2D, 0xFE2D, 0xFE2D, 0xFE2D,
  0xEDED, 0x9368, 0xF673, 0x830B, 0xACD2, 0xB534, 0xACF2, 0xA4B2,
  0x8BCE, 0x7B4D, 0x5A06, 0xC4ED, 0xF62F, 0xFE2E, 0xFE0F, 0xFE10,
  0xCCCD, 0x9328, 0x9B8A, 0xB42C, 0xC4AD, 0xE5B0, 0xF5D1, 0xF5F0,
  0xF5D1, 0xF5D0, 0xFDCE, 0xFDCE, 0xFDEE, 0xF5EF, 0x92E9, 0xDB8F,
  0xEB6F, 0xEB6F, 0xEB6F, 0xEB6F, 0xEB6F, 0xEB6F, 0xEB6F, 0xEB6F,
  0xEB6F, 0xEB6F, 0xEB6F, 0xEB6F, 0xEB8F, 0xEB6E, 0xEB8F, 0xE38F,
  0xAAAB, 0xA34C, 0xAB6C, 0xA38B, 0x9B8C, 0x938E, 0x6BD2, 0x34B6,
  0x3EDE, 0x375F, 0x375F, 0x377F, 0x3F5F, 0x377F, 0x375F, 0x377F,
  0x375F, 0x3F5F, 0x377F, 0x377F, 0x3F5E, 0x6E59, 0x93ED, 0xAB8A,
  0xAB8A, 0xAB8A, 0xAB8A, 0xAB8A, 0xAB8A, 0xAB8A, 0xAB8A, 0xAB8A,
  0xAB8A, 0xAB8A, 0xAB8A, 0xAB8A, 0xAB8A, 0xAB8A, 0xAB8A, 0xAB8A,
  0xAB8A, 0xAB8A, 0xAB8A, 0xAB8A, 0xAB8A, 0xAB8A, 0xAB8A, 0xAB8A,
  0xAB8A, 0xAB8A, 0xAB8A, 0xAB8A, 0xAB8A, 0xAB8A, 0xAB89, 0xA36B,
  0x8B2B, 0x834B, 0x8B2B, 0xC4AE, 0xA388, 0xA369, 0xDD0C, 0xFE2D,
  0xFE2D, 0xFE2D, 0xFE2D, 0xFE2D, 0xFE2D, 0xFE2D, 0xFE2D, 0xFE2D,
  0xFE2D, 0xFE2D, 0xFE2D, 0xDD4D, 0x92E7, 0xA369, 0xD52D, 0xA387,
  0xDD6D, 0xBC08, 0xE58F, 0x7AE9, 0xF77C, 0xF79C, 0xF79C, 0xDEFA,
  0xDEDA, 0xB535, 0x4987, 0xBCAE, 0xF5EE, 0xFE0D, 0xF60E, 0xF62D,
  0xF60E, 0xF5AF, 0xD52E, 0xABEB, 0x59A4, 0xAC0B, 0xF5EE, 0xFE2D,
  0xFE0D, 0xFE0D, 0xFE2D, 0xFE2D, 0xFE2D, 0xDD6D, 0x59C6, 0x422B,
  0x7D17, 0x7DBA, 0x7DDA, 0x7DDA, 0x7DDA, 0x7DDA, 0x7DDA, 0x7DDA,
  0x7DBA, 0x7DBA, 0x7DBA, 0x7DBA, 0x7DBA, 0x7DBA, 0x7DBA, 0x8599,
  0x4A0B, 0x6A47, 0xF60F, 0xFE2D, 0xFE0D, 0xFE2D, 0xF62E, 0x8B0A,
  0x4147, 0x3969, 0x7494, 0x85DA, 0x7DBA, 0x7DBA, 0x7DBA, 0x7DDA,
  0x7DDA, 0x7DB9, 0x7DDA, 0x7DDA, 0x8598, 0x4ACE, 0x3928, 0x5187,
  0xCCED, 0xFE2D, 0xFE2D, 0xFE2D, 0xFE2D, 0xF60E, 0xAC4C, 0x4126,
  0x72EC, 0xFF9C, 0xFF9B, 0xFF9B, 0xFF9B, 0xFF9B, 0xFF9B, 0xFF9B,
  0xFF5B, 0xF77B, 0xF77B, 0xFF7B, 0xFF37, 0xF650, 0xFE2E, 0xFE2D,
  0xFE2D, 0xFE2D, 0xFE2D, 0xFE2D, 0xFE0D, 0xFE0D, 0xFE0D, 0xFE0D,
  0xFE0D, 0xFE2D, 0xFE2D, 0xFE2D, 0xFE2D, 0xFE2D, 0xFE2D, 0xFE2D,
  0xEDEE, 0x9BA9, 0xF652, 0xAC2C, 0x8309, 0x8B2A, 0x938B, 0x9BCB,
  0xA3CB, 0xAC0B, 0xB48C, 0xE5AF, 0xF62F, 0xFE2F, 0xFE2F, 0xFE0E,
  0xF60E, 0xF60F, 0xF60F, 0xFDEF, 0xF5EE, 0xF5EF, 0xF5EF, 0xF5CE,
  0xF5EE, 0xF5EE, 0xFDED, 0xFDEE, 0xFDEE, 0xF60F, 0x92E9, 0xCB2E,
  0xEB6F, 0xEB6F, 0xEB6F, 0xEB6F, 0xEB6F, 0xEB6F, 0xEB6F, 0xEB6F,
  0xEB6F, 0xEB6F, 0xEB6F, 0xEB6F, 0xEB6F, 0xEB6E, 0xEB8F, 0xE36E,
  0xDBAE, 0xB36B, 0x9B8C, 0x7BCF, 0x6411, 0x5495, 0x34B7, 0x363B,
  0x3F5E, 0x3F5F, 0x3F5F, 0x377F, 0x377F, 0x377F, 0x377F, 0x375F,
  0x375F, 0x375F, 0x377F, 0x377F, 0x377F, 0x473D, 0x7CF2, 0xA38A,
  0xAB8A, 0xAB8A, 0xAB8A, 0xAB8A, 0xAB8A, 0xAB8A, 0xAB8A, 0xAB8A,
  0xAB8A, 0xAB8A, 0xAB8A, 0xAB8A, 0xAB8A, 0xAB8A, 0xAB8A, 0xAB8A,
  0xAB8A, 0xAB8A, 0xAB8A, 0xAB8A, 0xAB8A, 0xAB8A, 0xAB8A, 0xAB8A,
  0xAB8A, 0xAB8A, 0xAB8A, 0xAB8A, 0xAB8A, 0xAB8A, 0xAB8A, 0x932A,
  0xAC90, 0xF77B, 0xC572, 0xCCEE, 0xBC6B, 0xBC6A, 0xF60D, 0xF62C,
  0xFE2D, 0xFE2D, 0xFE2D, 0xFE0D, 0xFE2D, 0xFE2D, 0xFE2D, 0xFE2D,
  0xFE2D, 0xFE2D, 0xFE2D, 0xCCAA, 0x9B08, 0xABAA, 0xC4CC, 0xC48A,
  0xF60E, 0xEDCE, 0xD54E, 0x93ED, 0xF79C, 0xFF9C, 0xF79C, 0xDEFA,
  0xDEDA, 0xDEBA, 0x624B, 0x59C7, 0xBC8C, 0xCCEC, 0xCD0D, 0xD50D,
  0xD4AD, 0xDCD1, 0x7208, 0x5187, 0x4127, 0x51A6, 0xCD0D, 0xF62D,
  0xFE0D, 0xFE0D, 0xFE2D, 0xFE2D, 0xFE2D, 0xF62F, 0xBC6D, 0x5A09,
  0x6371, 0x7D99, 0x7DDA, 0x7DDA, 0x7DDA, 0x7DDA, 0x7DDA, 0x7DDA,
  0x7DBA, 0x85DA, 0x85DA, 0x7DBA, 0x7DBA, 0x7DBA, 0x7DBA, 0x8599,
  0x4A4C, 0x6207, 0xF60F, 0xFE2D, 0xFE2D, 0xFE2D, 0xF60D, 0x9BAB,
  0x4168, 0x418A, 0x6BF2, 0x85B9, 0x85BA, 0x7DBA, 0x7DBA, 0x7DDA,
  0x7DDA, 0x7DDA, 0x7DB9, 0x85BA, 0x74B5, 0x3969, 0x3906, 0x82E9,
  0xEDCE, 0xFE0D, 0xFE2D, 0xFE2D, 0xFE2D, 0xDD8E, 0x61E7, 0x4148,
  0xACF3, 0xFF9C, 0xF79C, 0xFF9B, 0xFF9B, 0xFF9B, 0xFF9B, 0xFF9B,
  0xF77A, 0xF77B, 0xF77B, 0xFF7B, 0xFF7A, 0xF6D4, 0xF62F, 0xF60D,
  0xFE2D, 0xFE2D, 0xFE2D, 0xFE0D, 0xFE2D, 0xFE2D, 0xFE2D, 0xFE2D,
  0xFE2D, 0xFE2D, 0xFE2D, 0xFE2D, 0xFE2D, 0xFE2D, 0xFE2D, 0xFE2D,
  0xF5EE, 0x9368, 0xF651, 0xEE10, 0xF611, 0xF631, 0xF650, 0xF630,
  0xF630, 0xF650, 0xF650, 0xF62F, 0xFE4F, 0xFE2F, 0xFE2F, 0xF62F,
  0xFE30, 0xF60F, 0xF610, 0xFDF0, 0xF5D0, 0xEDB0, 0xE590, 0xDD6F,
  0xD50D, 0xE58E, 0xF60D, 0xFE0E, 0xFDEE, 0xF60F, 0x92E9, 0xCB4E,
  0xEB6F, 0xEB6F, 0xEB6E, 0xEB6F, 0xEB6F, 0xEB6F, 0xEB6F, 0xEB6F,
  0xEB6F, 0xE36F, 0xDB6E, 0xD34D, 0xDB6E, 0xDB8D, 0xD38D, 0xD36D,
  0xCB8D, 0xA3CD, 0x6C31, 0x4D57, 0x461A, 0x3EBD, 0x36BD, 0x3F3E,
  0x3F5F, 0x375F, 0x375F, 0x377F, 0x377F, 0x3EDD, 0x2E3C, 0x3F1E,
  0x3F5F, 0x375F, 0x377F, 0x377F, 0x377F, 0x375E, 0x6DF7, 0x9BCC,
  0xAB8A, 0xAB8A, 0xAB8A, 0xAB8A, 0xAB8A, 0xAB8A, 0xAB8A, 0xAB8A,
  0xAB8A, 0xAB8A, 0xAB8A, 0xAB8A, 0xAB8A, 0xAB8A, 0xAB8A, 0xAB8A,
  0xAB8A, 0xAB8A, 0xAB8A, 0xAB8A, 0xAB8A, 0xAB8A, 0xAB8A, 0xAB8A,
  0xAB8A, 0xAB8A, 0xAB8A, 0xAB8A, 0xAB8A, 0xAB8A, 0xA38B, 0x7ACA,
  0xD637, 0xF79B, 0xACF2, 0x9329, 0xBC4C, 0xE58F, 0xF60D, 0xFE2E,
  0xFE2D, 0xFE2D, 0xFE2D, 0xFE0D, 0xFE0D, 0xFE2D, 0xFE2D, 0xFE2D,
  0xFE2D, 0xFE2D, 0xFE2D, 0xE58D, 0xCC8C, 0xBC4B, 0xB46A, 0xEDEE,
  0xF60E, 0xE5AE, 0x9BAA, 0x836D, 0xE6DA, 0xF79C, 0xFF9C, 0xDEFA,
  0xDEDA, 0xF77C, 0xAD14, 0x51E8, 0x59E7, 0x6227, 0x6A48, 0x6A08,
  0xA30D, 0xE495, 0x822B, 0x4106, 0x520A, 0x4168, 0x8B09, 0xF5EE,
  0xFE0E, 0xFE0D, 0xFE2D, 0xF62D, 0xF60E, 0xE5EF, 0xEE10, 0x8B2A,
  0x39C9, 0x7CF6, 0x7DBA, 0x7DDA, 0x7DDA, 0x7DDA, 0x7DDA, 0x7DDA,
  0x7DBA, 0x85DA, 0x85DA, 0x7DBA, 0x7DBA, 0x7DBA, 0x7DBA, 0x85B9,
  0x528D, 0x51A5, 0xEDEF, 0xFE0E, 0xFE2D, 0xFE2D, 0xF60D, 0xAC2C,
  0x4188, 0x41AA, 0x52CF, 0x8599, 0x85BA, 0x85BA, 0x7DBA, 0x7DBA,
  0x7DDA, 0x7DDA, 0x7DDA, 0x7D99, 0x4AEF, 0x3908, 0x4966, 0xCD0E,
  0xFE0D, 0xFE0D, 0xFE2D, 0xFE2D, 0xFE0E, 0xBC8D, 0x4147, 0x5A0A,
  0xDE79, 0xF79C, 0xF79C, 0xFF9B, 0xFF9B, 0xFF9B, 0xFF9B, 0xFF9B,
  0xF77B, 0xF77B, 0xF77B, 0xF77B, 0xF77B, 0xFF58, 0xF692, 0xF62E,
  0xF62D, 0xFE2D, 0xFE2D, 0xFE2D, 0xFE2D, 0xFE2D, 0xFE2D, 0xFE2D,
  0xFE2D, 0xFE2D, 0xFE2D, 0xFE2D, 0xFE2D, 0xFE2D, 0xFE2D, 0xFE2D,
  0xF5EE, 0x9348, 0xF672, 0xFE2F, 0xFE2F, 0xFE50, 0xFE30, 0xF630,
  0xF650, 0xF651, 0xEE31, 0xEE11, 0xE5F1, 0xDDB0, 0xD56F, 0xCD30,
  0xBC8F, 0xAC0D, 0x932A, 0x82A9, 0x7A68, 0x7248, 0x7248, 0x7A49,
  0x7228, 0xA3AB, 0xF5EF, 0xFE0E, 0xFDEE, 0xF610, 0x92E9, 0xDB90,
  0xEB6F, 0xEB6E, 0xEB6E, 0xEB6F, 0xEB6F, 0xEB6E, 0xEB6F, 0xEB4F,
  0xEB6F, 0xDB6E, 0xB28B, 0xB32C, 0xBB4C, 0xB36B, 0xB36B, 0xAB8C,
  0x8BEF, 0x6D76, 0x4E7B, 0x3F1E, 0x3F5F, 0x375F, 0x375F, 0x375F,
  0x3F5F, 0x375F, 0x377F, 0x377F, 0x3F3E, 0x3D78, 0x2C76, 0x2D9A,
  0x371E, 0x375E, 0x375E, 0x377F, 0x375F, 0x375E, 0x5E7A, 0x942D,
  0xAB6A, 0xAB6A, 0xAB8A, 0xAB8A, 0xAB8A, 0xAB8A, 0xAB8A, 0xAB8A,
  0xAB8A, 0xAB8A, 0xAB8A, 0xAB8A, 0xAB8A, 0xAB8A, 0xAB8A, 0xAB8A,
  0xAB8A, 0xAB8A, 0xAB8A, 0xAB8A, 0xAB8A, 0xAB8A, 0xAB8A, 0xAB6A,
  0xAB8A, 0xA36A, 0xAB8B, 0xAB6B, 0xAB8B, 0xA349, 0x8287, 0x7269,
  0xCDD6, 0xFF7B, 0x7B2C, 0x4925, 0x7228, 0x9B6A, 0xCD0D, 0xEE10,
  0xF60E, 0xF60E, 0xFE2E, 0xFE0D, 0xFE0D, 0xFE2D, 0xFE2D, 0xFE2D,
  0xFE2D, 0xFE2D, 0xFE2D, 0xF5EE, 0xB42A, 0xB42A, 0xBC8A, 0xF62F,
  0xF60F, 0xBCEE, 0xDE36, 0xC595, 0x940F, 0xB533, 0xEF5B, 0xDEFA,
  0xD6B9, 0xF7BC, 0xF75C, 0xACF4, 0x5A29, 0x624A, 0x3926, 0x6188,
  0xD434, 0xEC96, 0xC413, 0x7B0D, 0x9CD5, 0x528C, 0x4987, 0xBC6C,
  0xF62E, 0xFE0D, 0xFE0D, 0xFE2D, 0xF62E, 0xE5EF, 0xF62F, 0xC4AD,
  0x49A7, 0x530F, 0x7D57, 0x85B9, 0x85B9, 0x7DDA, 0x7DDA, 0x7DB9,
  0x7DB9, 0x7DDA, 0x7DBA, 0x7DDA, 0x7DD9, 0x7DB9, 0x85B9, 0x8DB9,
  0x52CE, 0x4964, 0xEDCF, 0xFE0E, 0xFE2E, 0xFE2D, 0xF60D, 0xCD0E,
  0x51E9, 0x49CA, 0x41EB, 0x6BF2, 0x6C33, 0x7CD5, 0x74D5, 0x8558,
  0x8578, 0x85B9, 0x85D9, 0x7516, 0x420B, 0x4147, 0x7288, 0xEDEF,
  0xFE2D, 0xFE0D, 0xF60D, 0xFE2D, 0xEDEE, 0x934A, 0x4107, 0x730D,
  0xEF3B, 0xF79B, 0xFF9C, 0xFF9C, 0xFF9B, 0xFF9B, 0xFF9B, 0xFF9B,
  0xFF7B, 0xFF7B, 0xFF7B, 0xF77B, 0xF77B, 0xFF7A, 0xFF17, 0xF630,
  0xFE0D, 0xFE2D, 0xFE0D, 0xFE0D, 0xFE2D, 0xFE2D, 0xFE2D, 0xFE2D,
  0xFE2D, 0xFE2D, 0xFE2D, 0xFE2D, 0xFE2D, 0xFE2D, 0xFE0D, 0xFE0D,
  0xFE2E, 0x9368, 0xEE31, 0xF62F, 0xE5B0, 0xCD30, 0xC4D0, 0xB44E,
  0x938B, 0x7AA8, 0x6A07, 0x5985, 0x5145, 0x5145, 0x5146, 0x5967,
  0x6167, 0x6988, 0x71C9, 0x7A0A, 0x8A8C, 0x8A8C, 0x92AD, 0x9AEE,
  0x8A8D, 0x7228, 0xF631, 0xFE0E, 0xFE0F, 0xF610, 0x8AA9, 0xE391,
  0xEB6F, 0xEB6F, 0xEB6E, 0xEB6E, 0xEB6E, 0xEB6E, 0xEB6E, 0xF36F,
  0xEB6F, 0xE38F, 0xC38D, 0xB36B, 0xAB6B, 0xAB8A, 0x938D, 0x6BD0,
  0x5DB8, 0x473D, 0x377E, 0x377F, 0x3F5F, 0x3F5F, 0x3F5F, 0x375F,
  0x3F5F, 0x375F, 0x377F, 0x377F, 0x471E, 0x5D56, 0x4BF4, 0x2C78,
  0x3EBE, 0x3F5E, 0x3F7F, 0x375F, 0x377F, 0x3F5E, 0x4F1C, 0x84B0,
  0xA38A, 0xAB6A, 0xAB8A, 0xAB6A, 0xAB6A, 0xAB8A, 0xAB8A, 0xAB8A,
  0xAB8A, 0xAB8A, 0xAB8A, 0xAB8A, 0xAB8A, 0xAB8A, 0xAB8A, 0xAB8A,
  0xAB8A, 0xAB8A, 0xAB8A, 0xAB8A, 0xAB8A, 0xAB8A, 0xAB6A, 0xAB8B,
  0x9329, 0x69E5, 0x69E5, 0x69E6, 0x8267, 0x8265, 0xCCCE, 0xD551,
  0xBD12, 0xE679, 0x7228, 0x7A69, 0x7228, 0x7A49, 0x5144, 0x8B4A,
  0x93EB, 0xAC4B, 0xE58E, 0xFE4F, 0xF60D, 0xFE0E, 0xFE0D, 0xF60D,
  0xFE2E, 0xF60E, 0xF60E, 0xEDCE, 0xBC49, 0xDD6D, 0xBC69, 0xEDEF,
  0xDD8F, 0xDE54, 0xFF7B, 0xFF9B, 0xF73B, 0x9450, 0x734C, 0xD699,
  0xDEFA, 0xF7BD, 0xFFBD, 0xFF9D, 0xDE79, 0xA4B3, 0x72AC, 0xB3D2,
  0xF4B6, 0xF476, 0xE4B5, 0xF6DC, 0xE73C, 0xB597, 0x49A8, 0x59C5,
  0xDD8E, 0xFE2D, 0xFE0D, 0xFE2D, 0xF62D, 0xF62E, 0xF60E, 0xF60F,
  0x8B29, 0x3948, 0x6C12, 0x8DB9, 0x965B, 0x7DD9, 0x7DDA, 0x7DD9,
  0x7DBA, 0x7DBA, 0x85DA, 0x8599, 0x8558, 0x6C34, 0x4B0F, 0x84B5,
  0x5A8C, 0x59A5, 0xF5EF, 0xFE0D, 0xFE2D, 0xFE2D, 0xFE2D, 0xCD2D,
  0x59C7, 0x4968, 0x4128, 0x3948, 0x3948, 0x49C9, 0x3128, 0x318A,
  0x5AEF, 0x84B5, 0x8D37, 0x7434, 0x3969, 0x4967, 0xB46D, 0xF62E,
  0xFE2D, 0xFE2D, 0xFE2D, 0xFE2D, 0xDD6E, 0x59C6, 0x3927, 0x9452,
  0xF77C, 0xFFBB, 0xFF9B, 0xFF9C, 0xF7BB, 0xF79B, 0xFF9B, 0xFF9B,
  0xFF7B, 0xFF7B, 0xF77B, 0xFF7B, 0xF77B, 0xF77B, 0xFF79, 0xF6D4,
  0xFE2F, 0xFE2D, 0xFE0D, 0xFE0D, 0xFE2D, 0xFE2D, 0xFE2D, 0xFE2D,
  0xFE2D, 0xFE2D, 0xFE2D, 0xFE2D, 0xFE2D, 0xFE2D, 0xFE2D, 0xFE0D,
  0xFE2E, 0xAC2A, 0xC4CD, 0xF630, 0x82E6, 0x59C6, 0x5988, 0x69A8,
  0x69C9, 0x71EA, 0x824B, 0x8A6B, 0x92AD, 0x9ACD, 0x9ACE, 0x9ACE,
  0x9ACD, 0x9ACD, 0x9AED, 0x9ACD, 0x9ACD, 0xA2CD, 0xA2CD, 0xA2CD,
  0x9AAD, 0x61C7, 0xEE11, 0xFE2F, 0xFE2F, 0xE5AF, 0x92CB, 0xE390,
  0xEB6F, 0xEB6F, 0xEB6E, 0xEB6E, 0xEB6F, 0xEB6F, 0xEB6F, 0xE38F,
  0xD3F1, 0xC411, 0xABAD, 0xAB6B, 0xA38A, 0x93AD, 0x5BD2, 0x3C15,
  0x46BD, 0x377F, 0x375E, 0x377F, 0x377F, 0x3F5F, 0x377F, 0x375F,
  0x375F, 0x377F, 0x377F, 0x377F, 0x473E, 0x6D55, 0x73D0, 0x33F6,
  0x355A, 0x3EFE, 0x2EDD, 0x3F5F, 0x375F, 0x3F5F, 0x473E, 0x6D54,
  0xA38B, 0xAB6A, 0xAB8A, 0xAB6A, 0xAB6A, 0xAB8A, 0xAB8A, 0xAB8A,
  0xAB8A, 0xAB8A, 0xAB8A, 0xAB8A, 0xAB8A, 0xAB8A, 0xAB8A, 0xAB8A,
  0xAB8A, 0xAB8A, 0xAB8A, 0xAB8A, 0xAB8A, 0xAB8A, 0xAB8A, 0x9B4A,
  0x82A7, 0xBC8D, 0xD56F, 0xBCAC, 0xD52E, 0xE5B1, 0xD52F, 0xA3AB,
  0x7247, 0x6207, 0x92EA, 0xAB8B, 0xA32B, 0x8A89, 0x61A7, 0xB4B2,
  0xAC91, 0x8B0A, 0x92A8, 0xC42C, 0xDD2E, 0xDD8F, 0xDD6F, 0xCCEE,
  0xAC0B, 0x8AE7, 0xBC2B, 0xC4CD, 0xCD0F, 0xD54F, 0x9B69, 0xABEC,
  0xA3EC, 0xD5F4, 0xFF7B, 0xF77B, 0xF75B, 0xD658, 0x838E, 0x9410,
  0xDEBA, 0xF79C, 0xFFBC, 0xFF9C, 0xFF9C, 0xFFBD, 0xF69B, 0xECD6,
  0xF476, 0xF476, 0xEC96, 0xF659, 0xF79C, 0xF79D, 0x8C10, 0x4166,
  0x938A, 0xF5EE, 0xFE0D, 0xFE2D, 0xFE2D, 0xF62D, 0xF60E, 0xF60E,
  0xE5AE, 0x6227, 0x528C, 0x8517, 0x8E3A, 0x7DD9, 0x7DBA, 0x85DA,
  0x7DB9, 0x7D58, 0x6C54, 0x5B0F, 0x49EB, 0x4188, 0x51C8, 0x730B,
  0x6A88, 0x8B07, 0xF60E, 0xFE2D, 0xFE2D, 0xFE2D, 0xFE2D, 0xD52C,
  0x9349, 0x7AA9, 0x6A26, 0x7267, 0x7288, 0x7267, 0x6A27, 0x59E8,
  0x4987, 0x3947, 0x39A9, 0x62AE, 0x4148, 0x61E7, 0xCD0D, 0xF62D,
  0xFE2D, 0xFE0D, 0xFE0D, 0xF60E, 0xB46D, 0x4167, 0x39C9, 0x9556,
  0xDF5C, 0xF79B, 0xFF9B, 0xFF9B, 0xF79B, 0xFF9B, 0xFF9B, 0xFF9B,
  0xF77B, 0xFF7B, 0xFF7B, 0xFF7B, 0xF79B, 0xF77B, 0xF77B, 0xFF58,
  0xF692, 0xF62D, 0xFE2D, 0xFE2D, 0xFE2D, 0xFE2D, 0xFE2D, 0xFE2D,
  0xFE2D, 0xFE2D, 0xFE2D, 0xFE2D, 0xFE2D, 0xFE2D, 0xFE2D, 0xFE2D,
  0xFE2D, 0xCCEC, 0x8B28, 0xF630, 0xE5AE, 0xAC2E, 0x724B, 0x9AEE,
  0xA2CD, 0xA2AD, 0xA2CD, 0xA2CD, 0xA2CD, 0xA2CD, 0xA2CD, 0xA2CD,
  0xA2CD, 0xA2CD, 0xA2CD, 0xA2CD, 0xA2CD, 0xA2CD, 0xA2CC, 0xA2CD,
  0x9AAD, 0x61C8, 0xE5D1, 0xFE2F, 0xFE2F, 0xD56F, 0xA2CB, 0xE38F,
  0xEB6E, 0xEB6F, 0xEB6F, 0xE36E, 0xE36F, 0xE38F, 0xDBB0, 0xB4B4,
  0x8DB8, 0x7E19, 0x7CF3, 0x9BCC, 0xA38B, 0x73B0, 0x3BF6, 0x2CB8,
  0x3F3F, 0x3F5F, 0x375F, 0x377F, 0x377F, 0x375F, 0x377E, 0x375F,
  0x375F, 0x377F, 0x377F, 0x377F, 0x3F5E, 0x6DB6, 0x8BCE, 0x43F4,
  0x2477, 0x3E9D, 0x371D, 0x3F5E, 0x377F, 0x3F5F, 0x3F5E, 0x6659,
  0x93CC, 0xAB8A, 0xAB6A, 0xAB6A, 0xAB8A, 0xAB8A, 0xAB8A, 0xAB8A,
  0xAB8A, 0xAB8A, 0xAB8A, 0xAB8A, 0xAB8A, 0xAB8A, 0xAB8A, 0xAB8A,
  0xAB8A, 0xAB8A, 0xAB8A, 0xAB8A, 0xAB8A, 0xAB8A, 0xAB8A, 0x8AC7,
  0xB40C, 0xCD0E, 0xCCEC, 0xDD8E, 0xC4AC, 0xABAA, 0x8AA7, 0x9309,
  0xA38B, 0x69E5, 0xAB8B, 0xA36A, 0xAB8A, 0xAB6A, 0xA36B, 0x92C9,
  0x9B4B, 0xA34B, 0xB32C, 0xBB2C, 0x930A, 0xBCF2, 0x9BCC, 0x6A26,
  0x5985, 0x6A07, 0xA36C, 0x6186, 0x5986, 0x59A7, 0x4926, 0x5125,
  0x7A89, 0x8B6C, 0xF73A, 0xFF9B, 0xE6B8, 0xA491, 0xDE79, 0x938F,
  0xE598, 0xFF3C, 0xFF9C, 0xFF9B, 0xFFBB, 0xFF5C, 0xED98, 0xEC96,
  0xF476, 0xF476, 0xF496, 0xED97, 0xFF7B, 0xFFBC, 0xDED9, 0x5A6B,
  0x51A6, 0xD52E, 0xFE2E, 0xFE0E, 0xFE0E, 0xFE0D, 0xF60D, 0xFE0D,
  0xF60E, 0xBC8D, 0x5A29, 0x6350, 0x8578, 0x7DD9, 0x8599, 0x7D17,
  0x6C13, 0x52EE, 0x3968, 0x49A7, 0x6A68, 0x936A, 0xB44C, 0xBC8B,
  0xDD6E, 0xEDAE, 0xFE0D, 0xFE2D, 0xFE2D, 0xFE0D, 0xFE0D, 0xF60E,
  0xE5CE, 0xEDEF, 0xE56D, 0xEDEF, 0xEDEF, 0xEDCE, 0xDD8E, 0xCD2E,
  0xAC2C, 0x8309, 0x6208, 0x4966, 0x59C7, 0xA3CB, 0xEDCE, 0xF62D,
  0xFE2D, 0xFE0D, 0xFE0D, 0xE5AF, 0x6A68, 0x3947, 0x52EE, 0x8D98,
  0xAE5A, 0xEF7C, 0xFF9B, 0xFF9B, 0xF79B, 0xFF9B, 0xFF9B, 0xFF9B,
  0xF77B, 0xFF7B, 0xFF9B, 0xFF9B, 0xFF9B, 0xF79B, 0xF79B, 0xF79A,
  0xF737, 0xF630, 0xFE2D, 0xFE2D, 0xFE2D, 0xFE2D, 0xFE2D, 0xFE2D,
  0xFE2D, 0xFE2D, 0xFE2D, 0xFE2D, 0xFE2D, 0xFE2D, 0xFE2D, 0xFE2D,
  0xFE2D, 0xE5AE, 0x69E4, 0xEE10, 0xF62F, 0xC4EF, 0x69E8, 0x9AEE,
  0xA2CD, 0xA2AD, 0xA2CD, 0xA2CD, 0xA2CD, 0xA2CD, 0xA2CD, 0xA2CD,
  0xA2CD, 0xA2CD, 0xA2CD, 0xA2CD, 0xA2CD, 0xA2CD, 0xA2CD, 0xA2CD,
  0x9AAD, 0x61C8, 0xE5B0, 0xF64F, 0xF650, 0xBCAE, 0xB2EC, 0xEB6E,
  0xEB6E, 0xEB6E, 0xEB6F, 0xCB2D, 0xB2CC, 0xBBF1, 0x9536, 0x667B,
  0x4F1D, 0x473D, 0x569A, 0x7CF2, 0x8BCD, 0x5BD2, 0x3417, 0x357A,
  0x3F5F, 0x3F5F, 0x377F, 0x377F, 0x377F, 0x3F3E, 0x2E9D, 0x3F5F,
  0x375F, 0x377F, 0x377F, 0x377F, 0x3F5F, 0x5E38, 0x93CE, 0x53D2,
  0x2C37, 0x2DBB, 0x3F3E, 0x375E, 0x377F, 0x375F, 0x3F5F, 0x56DC,
  0x844F, 0xA38B, 0xAB6A, 0xAB6A, 0xAB8A, 0xAB8A, 0xAB8A, 0xAB8A,
  0xAB8A, 0xAB8A, 0xAB8A, 0xAB8A, 0xAB8A, 0xAB8A, 0xAB8A, 0xAB8A,
  0xAB8A, 0xAB8A, 0xAB8A, 0xAB8A, 0xAB8A, 0xAB8A, 0xAB6A, 0x9B29,
  0x9309, 0x9B4A, 0x9328, 0x9B49, 0x92E9, 0x9B0A, 0xAB6A, 0xAB8A,
  0xA36A, 0x69C5, 0x9B29, 0xA38B, 0xA36A, 0xAB6A, 0xAB8A, 0xAB6A,
  0xA36A, 0xA30A, 0xC30C, 0xAAAA, 0x9B4C, 0xAC70, 0x9B6B, 0x9B2A,
  0x8AC9, 0x92EA, 0xA34A, 0x6187, 0x5127, 0x5127, 0x5147, 0x7209,
  0x9B2B, 0x830A, 0xB533, 0xF77A, 0xC592, 0xACCF, 0xF73B, 0xA34F,
  0xE4B6, 0xED98, 0xF6FA, 0xFF9C, 0xFF9C, 0xF659, 0xECB5, 0xF476,
  0xF476, 0xF476, 0xF476, 0xED16, 0xF73B, 0xFFBB, 0xF7BC, 0xBD76,
  0x4967, 0x7AA8, 0xEDB0, 0xF5B0, 0xF571, 0xF58F, 0xFE2D, 0xFE2D,
  0xFE0D, 0xEDCE, 0x8B09, 0x41C9, 0x6C34, 0x8558, 0x6C54, 0x6350,
  0x4188, 0x49A7, 0x7AC9, 0xAC2C, 0xD54D, 0xF5CE, 0xF60E, 0xF62E,
  0xFE2E, 0xFE2D, 0xFE0D, 0xFE2D, 0xFE2D, 0xFE0D, 0xFE0D, 0xFE2D,
  0xFE2D, 0xFE2D, 0xFE2D, 0xFE2D, 0xFE2D, 0xFE2D, 0xFE2D, 0xF60E,
  0xF60F, 0xEDCF, 0xCCED, 0xABEA, 0xBC8C, 0xE5AE, 0xF60D, 0xFE2D,
  0xFE0E, 0xFE0D, 0xF60E, 0xB44C, 0x4967, 0x3148, 0x7475, 0x85BA,
  0x8DD9, 0xC6FB, 0xF79C, 0xFFBB, 0xFFBC, 0xFF9B, 0xFF9B, 0xFF9B,
  0xF77B, 0xFF7B, 0xF79B, 0xFF9B, 0xFF9B, 0xF79B, 0xF79B, 0xF7BB,
  0xFF9A, 0xFED4, 0xF62E, 0xFE2D, 0xFE2D, 0xFE2D, 0xFE2D, 0xFE2D,
  0xFE2D, 0xFE2D, 0xFE2D, 0xFE2D, 0xFE2D, 0xFE2D, 0xFE2D, 0xFE0D,
  0xFE2D, 0xF62E, 0x8B08, 0xC4ED, 0xF62F, 0xDDB0, 0x6A28, 0x92CD,
  0xA2CE, 0xA2CE, 0xA2CD, 0xA2CD, 0xA2CD, 0xA2CD, 0xA2CD, 0xA2CD,
  0xA2CD, 0xA2CD, 0xA2CD, 0xA2CD, 0xA2CD, 0xA2CD, 0xA2CD, 0xA2CD,
  0x92AD, 0x61C7, 0xEE11, 0xF62F, 0xEE51, 0x8B0A, 0xC34E, 0xEB8F,
  0xEB6F, 0xE36F, 0xDB6F, 0xA2AC, 0x9390, 0x6CF6, 0x4EFD, 0x3F1E,
  0x371E, 0x3F7F, 0x3F3D, 0x5E9B, 0x7452, 0x4BD3, 0x2C37, 0x3E3D,
  0x3F5F, 0x3F5F, 0x377F, 0x3F5F, 0x377F, 0x3EBE, 0x2519, 0x473F,
  0x375F, 0x377F, 0x377F, 0x377F, 0x3F5F, 0x56DB, 0x844F, 0x6BB0,
  0x33F7, 0x24B9, 0x3EFE, 0x375F, 0x377F, 0x375F, 0x3F5F, 0x471D,
  0x7554, 0x9BAB, 0xAB6A, 0xAB6A, 0xAB6A, 0xAB8A, 0xAB8A, 0xAB8A,
  0xAB8A, 0xAB8A, 0xAB8A, 0xAB8A, 0xAB8A, 0xAB8A, 0xAB8A, 0xAB8A,
  0xAB8A, 0xAB8A, 0xAB8A, 0xAB8A, 0xAB8A, 0xAB8A, 0xAB8A, 0xAB6B,
  0xA34A, 0xA34A, 0xA36A, 0xA32A, 0xA36B, 0xAB6B, 0xAB6A, 0xAB6A,
  0xAB6A, 0x9B0A, 0x8288, 0x7206, 0x8288, 0x9B2A, 0xA36B, 0xAB8B,
  0xA36B, 0xAAA9, 0xDB8E, 0xA249, 0xAB4B, 0xA34B, 0xAB6B, 0xAB8A,
  0xAB6A, 0xAB6A, 0xAB6A, 0x9B2A, 0x8ACA, 0x8289, 0x92EA, 0xA34B,
  0xAB6A, 0x932B, 0x6AAA, 0xE6F9, 0xBD30, 0xCD6F, 0x8329, 0xBBD0,
  0xEC96, 0xEC96, 0xE516, 0xF67A, 0xFEDB, 0xE4D6, 0xF476, 0xF476,
  0xF476, 0xF476, 0xF476, 0xECB6, 0xF67A, 0xFF9C, 0xF79C, 0xEF3C,
  0x832E, 0x71E9, 0xDC71, 0xECD2, 0xF554, 0xF5F2, 0xF62D, 0xFE2D,
  0xFE2D, 0xF62E, 0xDD4E, 0x6227, 0x4A2B, 0x52CE, 0x39C8, 0x5A08,
  0x8B2A, 0xCCEE, 0xE5AE, 0xF60E, 0xFE2E, 0xFE0E, 0xFE2D, 0xFE2D,
  0xFE2D, 0xFE2D, 0xFE0D, 0xFE2D, 0xFE2D, 0xFE2D, 0xFE2D, 0xFE0D,
  0xFE0D, 0xFE2D, 0xFE2D, 0xFE2D, 0xFE2D, 0xFE2D, 0xFE2D, 0xFE2D,
  0xFE2D, 0xF60D, 0xF5ED, 0xF60E, 0xF60E, 0xFE2D, 0xFE2D, 0xFE0D,
  0xFE0D, 0xFE2D, 0xEDEE, 0x7AC8, 0x4148, 0x39EA, 0x8558, 0x7DBA,
  0x7DB9, 0x9DF9, 0xDF5C, 0xF7BC, 0xF79C, 0xF79C, 0xF79C, 0xF79C,
  0xFF9B, 0xFF9B, 0xF79B, 0xFF9B, 0xF79B, 0xFF9B, 0xFF9B, 0xFF9C,
  0xFF9B, 0xFF79, 0xF691, 0xFE2D, 0xFE2D, 0xFE2D, 0xFE2D, 0xFE2D,
  0xFE2D, 0xFE2D, 0xFE2D, 0xFE2D, 0xFE2D, 0xFE2D, 0xFE2D, 0xFE2D,
  0xFE2D, 0xF60D, 0xD56F, 0x9B89, 0xF630, 0xF610, 0x8B2A, 0x69E9,
  0xA2CD, 0x9ACD, 0xA2CD, 0xA2CD, 0xA2CD, 0xA2CD, 0xA2CD, 0xA2CE,
  0xA2CE, 0xA2CE, 0xA2CD, 0xA2CD, 0xA2CD, 0xA2CE, 0xA2CE, 0x9AED,
  0x8A8C, 0x6A07, 0xF652, 0xFE10, 0xDDD0, 0x61C7, 0xBB2E, 0xD3D0,
  0xCBD0, 0xB431, 0x9C52, 0x8BF1, 0x5BD4, 0x457A, 0x3F7F, 0x2EFD,
  0x373E, 0x375F, 0x375E, 0x3F5E, 0x4D57, 0x3C16, 0x2CD9, 0x3EFE,
  0x375F, 0x377F, 0x377F, 0x3F7F, 0x3F5F, 0x35DB, 0x1C57, 0x3EBD,
  0x3F3F, 0x3F5F, 0x377F, 0x377F, 0x377F, 0x4F1E, 0x74D0, 0x7BCE,
  0x3BD6, 0x2C38, 0x3E7D, 0x375F, 0x377F, 0x375F, 0x3F5F, 0x3F3E,
  0x65F7, 0x93CC, 0xAB6A, 0xAB6A, 0xAB6A, 0xAB8A, 0xAB8A, 0xAB8A,
  0xAB8A, 0xAB8A, 0xAB8A, 0xAB8A, 0xAB8A, 0xAB8A, 0xAB8A, 0xAB8A,
  0xAB8A, 0xAB8A, 0xAB8A, 0xAB8A, 0xAB8A, 0xAB8A, 0xAB6A, 0xAB8A,
  0xAB6A, 0xAB8A, 0xAB6A, 0xAB6A, 0xAB6A, 0xAB89, 0xAB69, 0xAB6A,
  0xAB6B, 0xA36A, 0xA38A, 0xA34A, 0x8AA9, 0x61A5, 0x5965, 0x7207,
  0x8A28, 0xDB6E, 0xEB6F, 0xAAAA, 0xAB6B, 0xAB6A, 0xAB8A, 0xAB69,
  0xAB8A, 0xAB6A, 0xAB6A, 0xAB69, 0xA36A, 0xA329, 0xAB6A, 0xAB4B,
  0xAB6B, 0x7A8A, 0x4107, 0x9472, 0x9C4F, 0xCD2F, 0xCD10, 0xBBCF,
  0xEC96, 0xF476, 0xEC96, 0xE495, 0xED17, 0xEC96, 0xF476, 0xEC96,
  0xF476, 0xF476, 0xF476, 0xEC96, 0xED98, 0xFF7D, 0xFF5D, 0xF69A,
  0xDD16, 0xE496, 0xF477, 0xEC96, 0xECD5, 0xF5B1, 0xFE2D, 0xFE0D,
  0xF62D, 0xFE2D, 0xF62E, 0xB44B, 0x51A7, 0x4126, 0x6A68, 0xBCAE,
  0xF60E, 0xFE2E, 0xFE0E, 0xFE0D, 0xFE0D, 0xF60D, 0xFE2E, 0xFE2D,
  0xFE2D, 0xFE2D, 0xFE2D, 0xFE2D, 0xFE2D, 0xFE2D, 0xFE2D, 0xFE2D,
  0xFE2D, 0xFE2D, 0xFE2D, 0xFE2D, 0xFE2D, 0xFE2D, 0xFE0D, 0xFE0D,
  0xF60D, 0xFE2D, 0xFE0D, 0xFE0D, 0xFE2D, 0xFE0D, 0xFE0D, 0xFE2C,
  0xFE2C, 0xFE2D, 0xE5CF, 0x6A68, 0x3927, 0x52CE, 0x8599, 0x85DA,
  0x85BA, 0x85B9, 0xB67A, 0xEF9C, 0xF79B, 0xEF7C, 0xEF7C, 0xEF7C,
  0xFF7B, 0xF77B, 0xF79B, 0xF79B, 0xFF9B, 0xFF9B, 0xFF9C, 0xFF9B,
  0xFF9B, 0xFF9B, 0xFF16, 0xF630, 0xFE2E, 0xF60D, 0xFE2D, 0xFE2D,
  0xFE2D, 0xFE2D, 0xFE2D, 0xFE2D, 0xFE2D, 0xFE2D, 0xFE0D, 0xFE0D,
  0xFE0D, 0xFE2E, 0xF60F, 0x9369, 0xDD8F, 0xF630, 0xD550, 0x5986,
  0x928D, 0xA2CD, 0xA2CD, 0xA2CD, 0xA2CD, 0xA2CD, 0xA2CD, 0xA2CD,
  0xAAEE, 0xB32F, 0xBB70, 0xBB70, 0xBB2F, 0xB2EE, 0xAACE, 0x9ACD,
  0x7A2A, 0x934B, 0xF650, 0xEE11, 0x82E9, 0x6A09, 0x8370, 0x8DB9,
  0x761A, 0x667B, 0x66BC, 0x55FB, 0x2C16, 0x357A, 0x375F, 0x3F5F,
  0x377E, 0x377F, 0x377F, 0x375F, 0x467C, 0x2C36, 0x2D39, 0x375F,
  0x375F, 0x377F, 0x377F, 0x375E, 0x471E, 0x2CB8, 0x2437, 0x2539,
  0x3F5F, 0x3F7F, 0x377F, 0x377F, 0x377F, 0x473E, 0x6D12, 0x83AE,
  0x4BF4, 0x2C17, 0x2DDB, 0x3F5F, 0x375F, 0x377F, 0x375F, 0x3F3E,
  0x56BA, 0x8C6F, 0xAB6A, 0xAB6A, 0xAB6A, 0xAB8A, 0xAB8A, 0xAB8A,
  0xAB8A, 0xAB8A, 0xAB8A, 0xAB8A, 0xAB8A, 0xAB8A, 0xAB8A, 0xAB8A,
  0xAB8A, 0xAB8A, 0xAB8A, 0xAB8A, 0xAB8A, 0xAB8A, 0xAB6A, 0xAB6A,
  0xAB8A, 0xAB8A, 0xAB8A, 0xAB8A, 0xAB8A, 0xAB8A, 0xAB8A, 0xAB6A,
  0xAB8A, 0xAB8A, 0xAB8A, 0xAB6A, 0xAB8A, 0x9B4B, 0x69C7, 0x82AA,
  0x9A8A, 0xE36F, 0xE36F, 0xA28B, 0x92EA, 0xA36B, 0xA34A, 0xAB8B,
  0xAB8A, 0xAB6A, 0xAB69, 0xAB6A, 0xAB6B, 0x9B09, 0xAB6A, 0xA36A,
  0x9B4B, 0x6A08, 0x4126, 0x3927, 0x5A4B, 0x6ACA, 0xD56F, 0xC48E,
  0xD432, 0xEC76, 0xF475, 0xF476, 0xF476, 0xF476, 0xF476, 0xF476,
  0xF476, 0xF476, 0xF476, 0xEC96, 0xECF6, 0xF5D9, 0xE557, 0xE4B6,
  0xEC95, 0xF476, 0xF476, 0xF476, 0xF4B4, 0xF5B0, 0xFE0D, 0xFE2D,
  0xFE2D, 0xF62D, 0xFE2D, 0xEDCE, 0xABEA, 0xAC0B, 0xE5D0, 0xF60E,
  0xFE2D, 0xFE2D, 0xFE0D, 0xFE2D, 0xFE2D, 0xFE2D, 0xFE2D, 0xFE2D,
  0xFE2D, 0xFE2D, 0xFE2D, 0xFE2D, 0xFE2D, 0xFE2D, 0xFE2D, 0xFE2D,
  0xFE2D, 0xFE2D, 0xFE2D, 0xFE2D, 0xFE2D, 0xFE2D, 0xFE0D, 0xFE0D,
  0xFE2D, 0xFE2D, 0xFE2D, 0xFE2E, 0xFE2D, 0xFE2D, 0xFE2D, 0xFE2D,
  0xFE2D, 0xFE2D, 0xEE0E, 0x8B4A, 0x4126, 0x4A0C, 0x74B5, 0x7D98,
  0x85D9, 0x7DBA, 0x85B9, 0xAE39, 0xC658, 0xC658, 0xC637, 0xC658,
  0xFF9B, 0xFF9B, 0xF79B, 0xF79B, 0xFF9B, 0xFF9B, 0xFF9B, 0xFF9B,
  0xFFBB, 0xFF9B, 0xFF7A, 0xF6B3, 0xF62E, 0xFE2D, 0xFE2D, 0xFE2D,
  0xFE2D, 0xFE2D, 0xFE2D, 0xFE2D, 0xFE2D, 0xFE2D, 0xFE0D, 0xFE0D,
  0xFE0D, 0xFE0D, 0xF60D, 0xBC8C, 0x9BAA, 0xEE30, 0xF631, 0x9B8B,
  0x7209, 0x9AAE, 0xA2CE, 0xA2CE, 0xA2CD, 0xA2CD, 0xA2AD, 0xAAEF,
  0xCBD2, 0xEC95, 0xEC96, 0xEC96, 0xEC96, 0xDC34, 0xC391, 0x92CD,
  0x61C7, 0xC4EE, 0xF62F, 0xC4CF, 0x5A09, 0x5AAD, 0x5516, 0x4F1D,
  0x471D, 0x367B, 0x36BC, 0x471E, 0x2CD8, 0x2CD9, 0x3F3F, 0x377F,
  0x377F, 0x377F, 0x377F, 0x375F, 0x471E, 0x24D7, 0x361B, 0x375F,
  0x375F, 0x375F, 0x3F3E, 0x3F3E, 0x5E19, 0x3C16, 0x2C17, 0x2497,
  0x3EFE, 0x375F, 0x377F, 0x377F, 0x377F, 0x3F5E, 0x6E18, 0x8BCE,
  0x53F3, 0x2C17, 0x2D5A, 0x3F3F, 0x375F, 0x377F, 0x375F, 0x3F5E,
  0x4EFC, 0x84D0, 0xAB8A, 0xAB6A, 0xAB6A, 0xAB6A, 0xAB8A, 0xAB8A,
  0xAB8A, 0xAB8A, 0xAB8A, 0xAB8A, 0xAB8A, 0xAB8A, 0xAB8A, 0xAB8A,
  0xAB8A, 0xAB8A, 0xAB8A, 0xAB8A, 0xAB8A, 0xAB8A, 0xAB8A, 0xAB8A,
  0xAB8A, 0xAB8A, 0xAB8A, 0xAB8A, 0xAB8A, 0xAB8A, 0xAB8A, 0xAB8A,
  0xAB8A, 0xAB8A, 0xAB6A, 0xAB8A, 0xAB8A, 0x9B0A, 0x69E8, 0x9B6C,
  0x8A28, 0xDB8F, 0xCB0D, 0x81E7, 0x69C6, 0x7A48, 0x92C9, 0x92E9,
  0x9B2A, 0xA36A, 0xAB6A, 0xAB6A, 0xAB4A, 0x9B09, 0xA34A, 0x8AA9,
  0x7207, 0x8A89, 0x7208, 0x4107, 0x4148, 0x522B, 0x72EA, 0xC530,
  0xBC2E, 0xCBF1, 0xDC33, 0xEC74, 0xEC75, 0xEC76, 0xEC76, 0xF476,
  0xF476, 0xF476, 0xF476, 0xF476, 0xF496, 0xEC96, 0xEC96, 0xF476,
  0xF496, 0xF476, 0xF476, 0xF475, 0xF4F3, 0xFDEF, 0xFE0D, 0xFE2D,
  0xFE2D, 0xFE2D, 0xFE0D, 0xFE2E, 0xF62E, 0xF60E, 0xFE2E, 0xFE0D,
  0xFE2D, 0xFE2D, 0xFE2D, 0xFE2D, 0xFE2D, 0xFE2D, 0xFE2D, 0xFE2D,
  0xFE2D, 0xFE2D, 0xFE2D, 0xFE2D, 0xFE2D, 0xFE2D, 0xFE2D, 0xFE2D,
  0xFE2D, 0xFE2D, 0xFE2D, 0xFE2D, 0xFE2D, 0xFE2D, 0xFE0D, 0xFE0D,
  0xFE2D, 0xFE2D, 0xFE2D, 0xFE2D, 0xFE2D, 0xFE2D, 0xFE2D, 0xFE2D,
  0xFE2D, 0xFE2D, 0xF62E, 0xD52D, 0x7AA8, 0x4988, 0x31CA, 0x6C13,
  0x8599, 0x7DB9, 0x85BA, 0x95D9, 0xCEDB, 0xE71B, 0xE71B, 0xE71B,
  0xFF9B, 0xFF9B, 0xFF9B, 0xF79B, 0xFF9B, 0xFF9B, 0xFFBB, 0xFFBB,
  0xFFBB, 0xFF9B, 0xF79B, 0xEF18, 0xE610, 0xFE2D, 0xFE2D, 0xFE2D,
  0xFE2D, 0xFE2D, 0xFE2D, 0xFE2D, 0xFE2D, 0xFE2D, 0xFE2D, 0xFE2D,
  0xFE0D, 0xFE0D, 0xFE2D, 0xEDCE, 0x9B89, 0xB46B, 0xF630, 0xEDF0,
  0x7A88, 0x824B, 0xA2CE, 0xA2CD, 0xA2CD, 0xA2CD, 0xA2CE, 0xD3F3,
  0xEC76, 0xF476, 0xF476, 0xEC96, 0xEC96, 0xE4B6, 0xC4B6, 0x630D,
  0x6C0E, 0xD652, 0xEE11, 0x7AA9, 0x522B, 0x4413, 0x46BC, 0x371D,
  0x3F3E, 0x2E9C, 0x36FD, 0x3F5F, 0x35FC, 0x2478, 0x3E9D, 0x377F,
  0x377F, 0x377F, 0x377F, 0x375F, 0x375F, 0x261B, 0x3F1E, 0x377F,
  0x375F, 0x373E, 0x36FD, 0x56DB, 0x74B1, 0x5BF3, 0x33F7, 0x2457,
  0x365D, 0x377F, 0x377F, 0x377F, 0x375F, 0x3F5E, 0x56FC, 0x7C70,
  0x63D2, 0x3418, 0x24F9, 0x471F, 0x375F, 0x377F, 0x375F, 0x375E,
  0x473D, 0x7553, 0xA38B, 0xAB6A, 0xAB6A, 0xAB6A, 0xAB8A, 0xAB8A,
  0xAB8A, 0xAB8A, 0xAB8A, 0xAB8A, 0xAB8A, 0xAB8A, 0xAB8A, 0xAB8A,
  0xAB8A, 0xAB8A, 0xAB8A, 0xAB8A, 0xAB8A, 0xAB8A, 0xAB8A, 0xAB8A,
  0xAB8A, 0xAB8A, 0xAB8A, 0xAB8A, 0xAB8A, 0xAB8A, 0xAB8A, 0xAB8A,
  0xAB8A, 0xAB8A, 0xAB6A, 0xAB8A, 0xAB8A, 0xA34A, 0x7207, 0x82A8,
  0x7A48, 0xAACB, 0x9A69, 0xA32B, 0x82A9, 0x8AA9, 0x9B2A, 0x9309,
  0x92E9, 0x7207, 0x8269, 0x930A, 0xA36B, 0x8AA9, 0x69E6, 0x69E7,
  0xAB4B, 0xDC6D, 0xCC0C, 0x8269, 0x4107, 0x3928, 0x49EA, 0x7B8C,
  0xBCF0, 0xC48F, 0xC40D, 0xB38C, 0xBB8E, 0xC3B1, 0xEC96, 0xF496,
  0xF476, 0xF476, 0xF476, 0xF476, 0xF476, 0xEC76, 0xEC96, 0xF476,
  0xF476, 0xF476, 0xF476, 0xEC95, 0xD471, 0xEDCE, 0xFE0D, 0xFE2D,
  0xFE2D, 0xFE0D, 0xFE2D, 0xFE0D, 0xFE0D, 0xFE0D, 0xFE2D, 0xFE2D,
  0xFE2D, 0xFE2D, 0xFE2D, 0xFE2D, 0xFE2D, 0xFE2D, 0xFE2D, 0xFE2D,
  0xFE2D, 0xFE2D, 0xFE2D, 0xFE2D, 0xFE2D, 0xFE2D, 0xFE2D, 0xFE2D,
  0xFE2D, 0xFE2D, 0xFE2D, 0xFE2D, 0xFE2D, 0xFE2D, 0xFE2D, 0xFE2D,
  0xFE2D, 0xFE2D, 0xFE2D, 0xFE2D, 0xFE2D, 0xFE2D, 0xFE2D, 0xFE2D,
  0xFE2D, 0xFE2D, 0xFE0E, 0xFE2E, 0xDD6E, 0xA3EC, 0x49A7, 0x41C9,
  0x63D1, 0x8DB8, 0x85D9, 0x95D9, 0xC69A, 0xF79C, 0xF7BC, 0xF79C,
  0xFF9B, 0xFF9B, 0xFF9B, 0xF77B, 0xF79B, 0xFF9B, 0xFFBB, 0xFF9C,
  0xFFBB, 0xFF9B, 0xF79C, 0xE73A, 0xDDD1, 0xF62E, 0xFE2D, 0xFE2D,
  0xFE2D, 0xFE2D, 0xFE2D, 0xFE2D, 0xFE2D, 0xFE2D, 0xFE2D, 0xFE2D,
  0xFE0D, 0xFE0D, 0xFE2D, 0xFE0E, 0xE5AF, 0x82E7, 0xCD4E, 0xF62F,
  0xC4EE, 0x59A6, 0x824B, 0xA2AD, 0xA2CD, 0xA2AD, 0xC3B1, 0xEC75,
  0xF476, 0xF476, 0xF476, 0xE4B6, 0xBD17, 0x8D79, 0x763B, 0x565A,
  0x5EBA, 0xA6B6, 0x7AE9, 0x61E8, 0x5A6D, 0x3C76, 0x3EBE, 0x371E,
  0x375F, 0x377E, 0x375E, 0x375E, 0x3E9D, 0x1C77, 0x35DB, 0x3F5F,
  0x375F, 0x377F, 0x377F, 0x375F, 0x375F, 0x373F, 0x375F, 0x377F,
  0x375F, 0x375F, 0x3F3E, 0x65F6, 0x93ED, 0x73D0, 0x33F6, 0x2C17,
  0x359B, 0x373F, 0x377F, 0x377F, 0x375F, 0x375E, 0x475E, 0x6D75,
  0x63F1, 0x33F7, 0x2CF9, 0x471F, 0x375F, 0x377F, 0x377F, 0x377F,
  0x473E, 0x6D95, 0xA3AB, 0xAB8A, 0xAB6A, 0xAB8A, 0xAB8A, 0xAB8A,
  0xAB8A, 0xAB8A, 0xAB8A, 0xAB8A, 0xAB8A, 0xAB8A, 0xAB8A, 0xAB8A,
  0xAB8A, 0xAB8A, 0xAB8A, 0xAB8A, 0xAB8A, 0xAB8A, 0xAB8A, 0xAB8A,
  0xAB8A, 0xAB8A, 0xAB8A, 0xAB8A, 0xAB8A, 0xAB8A, 0xAB8A, 0xAB8A,
  0xAB8A, 0xAB8A, 0xAB6A, 0xAB6A, 0xAB8A, 0xAB6A, 0x8286, 0xB44C,
  0x6A26, 0x8A68, 0xA32A, 0xA36B, 0x8AC9, 0x92A9, 0xAB6B, 0xAB6B,
  0x9B4B, 0x7228, 0x6A08, 0x5986, 0x61C6, 0x61A6, 0x7A89, 0x9B4B,
  0xB38B, 0xD44C, 0xE4AC, 0xD46D, 0x82A9, 0x4126, 0x3907, 0x4A2B,
  0x730A, 0xE5D0, 0xEDCE, 0xED8E, 0xE570, 0x9AEC, 0xDC35, 0xF476,
  0xF476, 0xF476, 0xF496, 0xEC96, 0xEC76, 0xEC76, 0xEC96, 0xF476,
  0xF476, 0xF476, 0xF476, 0xEC96, 0x9AED, 0xCCED, 0xF60D, 0xFE2D,
  0xFE2D, 0xFE0D, 0xFE2D, 0xFE2D, 0xFE2D, 0xFE2D, 0xFE2D, 0xFE2D,
  0xFE2D, 0xFE2D, 0xFE2D, 0xFE2D, 0xFE2D, 0xFE2D, 0xFE2D, 0xFE2D,
  0xFE2D, 0xFE2D, 0xFE2D, 0xFE2D, 0xFE2D, 0xFE2D, 0xFE2D, 0xFE2D,
  0xFE2D, 0xFE2D, 0xFE2D, 0xFE2D, 0xFE2D, 0xFE2D, 0xFE2D, 0xFE2D,
  0xFE2D, 0xFE0D, 0xF60D, 0xFE2D, 0xFE2D, 0xFE2D, 0xFE2D, 0xFE2D,
  0xFE2D, 0xFE2D, 0xFE0E, 0xFE0D, 0xFE2D, 0xEDEF, 0xBCAE, 0x6A68,
  0x41A8, 0x8432, 0xCEFB, 0xD73B, 0xE75B, 0xF79B, 0xFFBC, 0xEF5B,
  0xFF9B, 0xFF9B, 0xFF9B, 0xF79B, 0xF79B, 0xFF9B, 0xFF9C, 0xFF9C,
  0xFFBC, 0xFFBC, 0xFF9C, 0xEF18, 0xDE11, 0xF62E, 0xFE2D, 0xFE2D,
  0xFE0D, 0xFE2D, 0xFE2D, 0xFE2D, 0xFE2D, 0xFE2D, 0xFE2D, 0xFE2D,
  0xFE0D, 0xFE0D, 0xFE2D, 0xFE2D, 0xFE2D, 0xD52E, 0x7286, 0xEE31,
  0xF651, 0xB48D, 0x5986, 0x826C, 0xA2EE, 0xA2CE, 0xE475, 0xDCB6,
  0xDCD7, 0xECB7, 0xEC97, 0xACF7, 0x6E7C, 0x471D, 0x3F5F, 0x373F,
  0x3F5E, 0x4D14, 0x51C9, 0x6A09, 0x5A4B, 0x4415, 0x3E7D, 0x373E,
  0x375E, 0x377F, 0x375F, 0x377F, 0x3EFE, 0x2CF9, 0x2D19, 0x3F1F,
  0x375F, 0x377F, 0x3F5F, 0x3F5F, 0x3F5F, 0x377F, 0x377F, 0x377F,
  0x377F, 0x375F, 0x4F3D, 0x84B1, 0xA38B, 0x8BAE, 0x43F5, 0x3418,
  0x24B8, 0x3F1E, 0x377F, 0x377F, 0x377F, 0x375F, 0x3F5E, 0x5659,
  0x5473, 0x3417, 0x359B, 0x3F3F, 0x375F, 0x377F, 0x377F, 0x377F,
  0x475E, 0x6DD6, 0xA3AB, 0xAB8A, 0xAB6A, 0xAB8A, 0xAB8A, 0xAB8A,
  0xAB8A, 0xAB8A, 0xAB8A, 0xAB8A, 0xAB8A, 0xAB8A, 0xAB8A, 0xAB8A,
  0xAB8A, 0xAB8A, 0xAB8A, 0xAB8A, 0xAB8A, 0xAB8A, 0xAB8A, 0xAB8A,
  0xAB8A, 0xAB8A, 0xAB8A, 0xAB8A, 0xAB8A, 0xAB8A, 0xAB8A, 0xAB8A,
  0xAB8A, 0xAB8A, 0xAB6A, 0xAB6A, 0xAB8A, 0xA329, 0xB42A, 0xCCED,
  0x9349, 0xA36A, 0xA38A, 0xAB8A, 0x9B2A, 0x7207, 0xAB8C, 0xAB6A,
  0xA36B, 0x8288, 0xA38C, 0x934C, 0x8AC9, 0xA36B, 0xAB8B, 0xAB6A,
  0xAB8A, 0xB389, 0xDC2B, 0xE48B, 0xDC8D, 0x8269, 0x40C5, 0x3108,
  0x59E7, 0xEDEF, 0xFE0D, 0xF5ED, 0xAC08, 0x7A08, 0xEC96, 0xF476,
  0xF495, 0xF496, 0xF496, 0xEC96, 0xEC76, 0xF476, 0xEC96, 0xF496,
  0xF476, 0xF476, 0xF475, 0xE496, 0x5948, 0x8B0A, 0xF62F, 0xFE0D,
  0xFE2D, 0xFE2D, 0xFE2D, 0xFE2D, 0xFE2D, 0xFE2D, 0xFE2D, 0xFE2D,
  0xFE2D, 0xFE2D, 0xFE2D, 0xFE2D, 0xFE2D, 0xFE2D, 0xFE2D, 0xFE2D,
  0xFE2D, 0xFE2D, 0xFE2D, 0xFE2D, 0xFE2D, 0xFE2D, 0xFE2D, 0xFE2D,
  0xFE2D, 0xFE2D, 0xFE2D, 0xFE2D, 0xFE2D, 0xFE2D, 0xFE2D, 0xFE2D,
  0xFE2E, 0xFE0E, 0xF60E, 0xFE0E, 0xFE2D, 0xFE2D, 0xFE2D, 0xFE2D,
  0xFE2D, 0xFE2D, 0xFE0E, 0xFE2D, 0xFE2D, 0xFE0D, 0xFE50, 0xD54F,
  0x61E7, 0x51E9, 0xC5F7, 0xF79B, 0xF7BC, 0xFFBC, 0xDEBA, 0x838E,
  0xFF9B, 0xFF9B, 0xFF9B, 0xF79B, 0xF79B, 0xFF9B, 0xFF9C, 0xFF9B,
  0xFF9B, 0xFFBC, 0xFF59, 0xF693, 0xF60E, 0xFE2D, 0xFE2D, 0xFE0D,
  0xFE2D, 0xFE2D, 0xFE2D, 0xFE2D, 0xFE2D, 0xFE2D, 0xFE2D, 0xFE2D,
  0xFE0D, 0xFE2D, 0xF62D, 0xFE2D, 0xFE0D, 0xF60E, 0xBCAC, 0x7A85,
  0xCD2E, 0xEE12, 0xB48E, 0x6A07, 0x722A, 0x9B0F, 0xC518, 0x9DDA,
  0x863A, 0xAD59, 0xB497, 0x5C97, 0x46FE, 0x373D, 0x375E, 0x375F,
  0x373F, 0x4DF9, 0x5A2A, 0x6A09, 0x6A4B, 0x53D3, 0x3DFB, 0x3F5E,
  0x375F, 0x377F, 0x377F, 0x377F, 0x3F3F, 0x2D5A, 0x2478, 0x3EBE,
  0x375F, 0x377F, 0x3F5F, 0x375F, 0x375F, 0x377F, 0x377F, 0x377F,
  0x3F5F, 0x3F5E, 0x6659, 0x93CC, 0xAB6A, 0x9B8C, 0x53D3, 0x2C17,
  0x2437, 0x3E7D, 0x377F, 0x377F, 0x377F, 0x3F5F, 0x373E, 0x473D,
  0x4E5B, 0x24F8, 0x365C, 0x375F, 0x375F, 0x377F, 0x377F, 0x377F,
  0x3F5E, 0x6DF7, 0x9BAB, 0xAB8A, 0xAB6A, 0xAB6A, 0xAB8A, 0xAB8A,
  0xAB8A, 0xAB8A, 0xAB8A, 0xAB8A, 0xAB8A, 0xAB8A, 0xAB8A, 0xAB8A,
  0xAB8A, 0xAB8A, 0xAB8A, 0xAB8A, 0xAB8A, 0xAB8A, 0xAB8A, 0xAB8A,
  0xAB8A, 0xAB8A, 0xAB8A, 0xAB8A, 0xAB8A, 0xAB8A, 0xAB8A, 0xAB8A,
  0xAB8A, 0xAB8A, 0xAB8A, 0xAB6A, 0xAB6A, 0x9B29, 0xEDF0, 0xB42B,
  0xA34A, 0xAB6A, 0xAB6A, 0xAB6B, 0xAB8B, 0x7A87, 0x8AC8, 0x9309,
  0x8AC9, 0x8AC8, 0xAB8A, 0xA36A, 0xA36A, 0xAB6A, 0xAB6A, 0xAB6A,
  0xAB6A, 0xAB6A, 0xB38A, 0xD42B, 0xE48C, 0xDC4D, 0x7A48, 0x4926,
  0x8B2B, 0xE5AF, 0xE5AD, 0xEE0E, 0xDD90, 0x92AB, 0xE475, 0xF496,
  0xF476, 0xF476, 0xF476, 0xF496, 0xEC96, 0xF476, 0xEC96, 0xF476,
  0xF476, 0xEC96, 0xEC96, 0xECF7, 0x726C, 0x4966, 0xD56F, 0xF60E,
  0xFE2D, 0xFE2D, 0xFE2D, 0xFE0D, 0xFE0D, 0xFE0D, 0xFE2D, 0xFE2D,
  0xFE2D, 0xFE2D, 0xFE2D, 0xFE2D, 0xFE2D, 0xFE2D, 0xFE2D, 0xFE2D,
  0xFE2D, 0xFE2D, 0xFE2D, 0xFE2D, 0xFE2D, 0xFE2D, 0xFE2D, 0xFE2D,
  0xFE2D, 0xFE2D, 0xFE2D, 0xFE2D, 0xFE2D, 0xFE2D, 0xFE2D, 0xFE2D,
  0xFE2E, 0xF60E, 0xF60D, 0xF62D, 0xFE2D, 0xFE2D, 0xFE2D, 0xFE2D,
  0xFE2D, 0xFE2D, 0xFE2D, 0xFE2D, 0xFE2D, 0xFE2D, 0xF62D, 0xFE2F,
  0xC48D, 0x59C6, 0x49E8, 0xDE99, 0xE6B9, 0x9C31, 0x5A09, 0x51A7,
  0xFF9B, 0xFF9B, 0xF79B, 0xF79B, 0xF79B, 0xFF9B, 0xFF9B, 0xFF9B,
  0xFF9B, 0xFF58, 0xF6B3, 0xF62E, 0xFE0D, 0xFE0D, 0xFE2D, 0xFE0D,
  0xFE2D, 0xFE2D, 0xFE2D, 0xFE2D, 0xFE2D, 0xFE2D, 0xFE2D, 0xFE2D,
  0xFE2D, 0xFE2D, 0xF62E, 0xFE0D, 0xFE0D, 0xFE2D, 0xF62E, 0xDD4E,
  0x9B68, 0xA40B, 0xDDB0, 0xCD51, 0x7C0F, 0x5453, 0x6E3B, 0x4EBC,
  0x46FD, 0x5DFA, 0x4BB4, 0x2C36, 0x3EDE, 0x375E, 0x375F, 0x375F,
  0x3F5F, 0x4EDC, 0x528B, 0x7A2A, 0xA32D, 0x7BD2, 0x3559, 0x3F3E,
  0x375F, 0x377F, 0x377F, 0x375E, 0x3F5F, 0x361B, 0x2457, 0x35FC,
  0x3F5F, 0x377F, 0x377F, 0x377F, 0x377F, 0x377F, 0x377F, 0x377F,
  0x375F, 0x473D, 0x74D2, 0x9B8B, 0xAB6A, 0xA36B, 0x6BB1, 0x33F7,
  0x2C17, 0x2539, 0x3F5F, 0x377F, 0x377F, 0x3F5F, 0x373E, 0x377F,
  0x3F5F, 0x3F1E, 0x3F3F, 0x375F, 0x375F, 0x377F, 0x377F, 0x377F,
  0x3F5E, 0x6DB6, 0xA38B, 0xAB8A, 0xAB6A, 0xAB6A, 0xAB8A, 0xAB8A,
  0xAB8A, 0xAB8A, 0xAB8A, 0xAB8A, 0xAB8A, 0xAB8A, 0xAB8A, 0xAB8A,
  0xAB8A, 0xAB8A, 0xAB8A, 0xAB8A, 0xAB8A, 0xAB8A, 0xAB8A, 0xAB8A,
  0xAB8A, 0xAB8A, 0xAB8A, 0xAB8A, 0xAB8A, 0xAB8A, 0xAB8A, 0xAB8A,
  0xAB6A, 0xAB6A, 0xAB6A, 0xAB6A, 0xA36B, 0xA38A, 0xEE30, 0x9B49,
  0xA36A, 0xAB6A, 0xAB6B, 0xAB6B, 0xAB6B, 0x7A66, 0xDD50, 0x8287,
  0x8AC9, 0xA36B, 0xAB8A, 0xAB8A, 0xAB6A, 0xAB8A, 0xAB6A, 0xAB8A,
  0xAB8A, 0xAB6A, 0xAB8A, 0xB3AA, 0xD44B, 0xE46C, 0xDC6D, 0x8267,
  0x8AEA, 0x8B29, 0xA3EB, 0xD54F, 0x92EB, 0xAB0E, 0xEC96, 0xF496,
  0xF496, 0xF476, 0xF476, 0xF476, 0xF476, 0xF476, 0xF476, 0xF476,
  0xF476, 0xEC76, 0xEC96, 0xED99, 0xBD16, 0x4146, 0x9BAB, 0xF60F,
  0xFE0D, 0xFE2D, 0xFE0D, 0xFE0D, 0xFE2D, 0xFE2D, 0xFE2D, 0xFE0D,
  0xFE2D, 0xFE2D, 0xFE2D, 0xFE2D, 0xFE2D, 0xFE2D, 0xFE2D, 0xFE2D,
  0xFE2D, 0xFE2D, 0xFE2D, 0xFE2D, 0xFE2D, 0xFE2D, 0xFE2D, 0xFE2D,
  0xFE2D, 0xFE2D, 0xFE2D, 0xFE2D, 0xFE2D, 0xFE2D, 0xFE2D, 0xFE2D,
  0xFE2D, 0xFE0D, 0xFE0D, 0xFE2D, 0xFE2D, 0xFE2D, 0xFE2D, 0xFE2D,
  0xFE2D, 0xFE2D, 0xFE2D, 0xFE2D, 0xFE0D, 0xFE2D, 0xFE2D, 0xFE0D,
  0xFE0F, 0xB44C, 0x5187, 0x6AAC, 0x7B0C, 0x5186, 0x6A47, 0x9BAB,
  0xFF7B, 0xF79B, 0xF79B, 0xF77B, 0xF77B, 0xFF9B, 0xFFBB, 0xFF9B,
  0xFF58, 0xFE92, 0xF62E, 0xFE0D, 0xFE0D, 0xFE2D, 0xFE2D, 0xFE2D,
  0xFE2D, 0xFE2D, 0xFE2D, 0xFE2D, 0xFE2D, 0xFE2D, 0xFE2D, 0xFE2D,
  0xFE2D, 0xFE2D, 0xF60D, 0xFE0D, 0xF62D, 0xFE2D, 0xF62D, 0xF60E,
  0xD58E, 0x83EC, 0x734B, 0x946F, 0x86B9, 0x4F1D, 0x473E, 0x36FD,
  0x36FD, 0x469C, 0x3C77, 0x2C57, 0x367D, 0x377F, 0x377F, 0x375F,
  0x3F5F, 0x4F1E, 0x4B0D, 0x92EC, 0xB38D, 0x83B0, 0x34B7, 0x3F1E,
  0x377F, 0x375F, 0x375E, 0x375F, 0x3F5F, 0x3E9D, 0x2437, 0x359B,
  0x3F1E, 0x377F, 0x377F, 0x377F, 0x377F, 0x377F, 0x377F, 0x377F,
  0x375F, 0x473D, 0x6D75, 0x940D, 0xA38B, 0xAB6A, 0x83AE, 0x3BD6,
  0x2C17, 0x2458, 0x3EDE, 0x377F, 0x375F, 0x3F5F, 0x375F, 0x377F,
  0x377F, 0x3F5F, 0x3F5F, 0x3F5F, 0x377F, 0x377F, 0x3F5E, 0x375E,
  0x473E, 0x6D74, 0xA38B, 0xAB8A, 0xAB8A, 0xAB6A, 0xAB8A, 0xAB8A,
  0xAB8A, 0xAB8A, 0xAB8A, 0xAB8A, 0xAB8A, 0xAB8A, 0xAB8A, 0xAB8A,
  0xAB8A, 0xAB8A, 0xAB8A, 0xAB8A, 0xAB8A, 0xAB8A, 0xAB8A, 0xAB8A,
  0xAB8A, 0xAB8A, 0xAB8A, 0xAB8A, 0xAB8A, 0xAB8A, 0xAB8A, 0xAB8A,
  0xAB6A, 0xAB6A, 0xAB6A, 0xAB8A, 0x9B2B, 0xA40D, 0xCD2F, 0x8AC8,
  0xA36A, 0xAB6A, 0xAB6A, 0xAB6A, 0xAB6A, 0x92E7, 0xE58F, 0x9309,
  0xA38B, 0xAB6A, 0xAB8A, 0xAB8A, 0xAB8A, 0xAB8A, 0xAB8A, 0xAB8A,
  0xAB8A, 0xAB8A, 0xAB8A, 0xAB8A, 0xB369, 0xCC0B, 0xE4AC, 0xCC2B,
  0x8A88, 0x5145, 0x59E7, 0xA3ED, 0x930E, 0xE475, 0xF476, 0xF476,
  0xF496, 0xF476, 0xF476, 0xF476, 0xF476, 0xF476, 0xF476, 0xF476,
  0xF476, 0xF476, 0xEC96, 0xED78, 0xAC12, 0x59A8, 0xBC4D, 0xF60F,
  0xFE0D, 0xFE2D, 0xFE0D, 0xFE0D, 0xFE2D, 0xFE2D, 0xFE2D, 0xFE0D,
  0xFE2D, 0xFE2D, 0xFE2D, 0xFE2D, 0xFE2D, 0xFE2D, 0xFE2D, 0xFE2D,
  0xFE2D, 0xFE2D, 0xFE2D, 0xFE2D, 0xFE2D, 0xFE2D, 0xFE2D, 0xFE2D,
  0xFE2D, 0xFE2D, 0xFE2D, 0xFE2D, 0xFE2D, 0xFE2D, 0xFE2D, 0xFE2D,
  0xFE2D, 0xFE2D, 0xFE2D, 0xFE2D, 0xFE2D, 0xFE2D, 0xFE2D, 0xFE2D,
  0xFE2D, 0xFE2D, 0xFE2D, 0xFE2D, 0xFE2D, 0xFE2D, 0xFE2D, 0xFE0D,
  0xFE0D, 0xEDCE, 0x936A, 0x4965, 0x6206, 0xAC0B, 0xD52D, 0xF5EF,
  0xFF7B, 0xF79B, 0xF79C, 0xF79B, 0xFF9B, 0xFF7B, 0xFF9B, 0xFF58,
  0xF692, 0xF62E, 0xFE2D, 0xFE2D, 0xFE2D, 0xFE2D, 0xFE2D, 0xFE2D,
  0xFE2D, 0xFE2D, 0xFE2D, 0xFE2D, 0xFE2D, 0xFE2D, 0xFE0D, 0xFE0D,
  0xFE0D, 0xF60D, 0xFE2D, 0xF62D, 0xF62E, 0xE64F, 0xDE71, 0xDE71,
  0xCE32, 0x7D32, 0x6473, 0x4BF2, 0x4E7B, 0x375F, 0x375F, 0x375F,
  0x373E, 0x471E, 0x34D7, 0x2C16, 0x361C, 0x375F, 0x375E, 0x375F,
  0x375F, 0x473E, 0x5C72, 0xABAD, 0xB36B, 0x938E, 0x3C14, 0x3EBE,
  0x3F5F, 0x375F, 0x375F, 0x375F, 0x375F, 0x3EFE, 0x1C57, 0x2D1A,
  0x3EFE, 0x377F, 0x377F, 0x377F, 0x377F, 0x377F, 0x377F, 0x377F,
  0x377F, 0x3F5F, 0x4F1C, 0x6DF6, 0x844E, 0xA38B, 0x938D, 0x53B3,
  0x3417, 0x2417, 0x2E1C, 0x3F5F, 0x3F5F, 0x375F, 0x375F, 0x377F,
  0x377F, 0x375F, 0x375F, 0x377F, 0x377F, 0x373E, 0x373E, 0x375E,
  0x473D, 0x74F2, 0xAB8A, 0xAB8A, 0xAB8A, 0xAB6A, 0xAB8A, 0xAB8A,
  0xAB8A, 0xAB8A, 0xAB8A, 0xAB8A, 0xAB8A, 0xAB8A, 0xAB8A, 0xAB8A,
  0xAB8A, 0xAB8A, 0xAB8A, 0xAB8A, 0xAB8A, 0xAB8A, 0xAB8A, 0xAB8A,
  0xAB8A, 0xAB8A, 0xAB8A, 0xAB8A, 0xAB8A, 0xAB6A, 0xAB6A, 0xA38B,
  0xA36B, 0xA38B, 0xAB6A, 0xAB8B, 0x8AEB, 0xB4D2, 0x936B, 0x9B4A,
  0xA36A, 0xAB8A, 0xAB6A, 0xB36A, 0xA34A, 0xA3A9, 0xD52D, 0x9B4A,
  0xAB8A, 0xAB8A, 0xAB8A, 0xAB8A, 0xAB8A, 0xAB8A, 0xAB8A, 0xAB8A,
  0xAB6A, 0xAB6A, 0xAB8A, 0xAB6A, 0xAB6A, 0xB369, 0xD44C, 0xE48C,
  0xD42C, 0x69E7, 0x4106, 0x4968, 0x61EB, 0xDC76, 0xEC76, 0xF476,
  0xEC96, 0xEC96, 0xF476, 0xF476, 0xF476, 0xF476, 0xF476, 0xEC76,
  0xEC76, 0xF476, 0xF476, 0xECB6, 0xD475, 0xC412, 0xED53, 0xFDD0,
  0xFDEE, 0xFE0E, 0xFE2D, 0xFE0D, 0xFE2D, 0xFE2D, 0xFE0D, 0xFE0D,
  0xFE2D, 0xFE2D, 0xFE2D, 0xFE2D, 0xFE2D, 0xFE2D, 0xFE2D, 0xFE2D,
  0xFE2D, 0xFE2D, 0xFE2D, 0xFE2D, 0xFE2D, 0xFE2D, 0xFE2D, 0xFE2D,
  0xFE2D, 0xFE2D, 0xFE2D, 0xFE2D, 0xFE2D, 0xFE2D, 0xFE2D, 0xFE2D,
  0xFE2D, 0xFE2D, 0xFE2D, 0xFE2D, 0xFE2D, 0xFE2D, 0xFE2D, 0xFE2D,
  0xFE2D, 0xFE2D, 0xFE2D, 0xFE2D, 0xFE2D, 0xFE2D, 0xFE2D, 0xFE0D,
  0xFE2D, 0xF60D, 0xDDAD, 0xBC6C, 0xD52D, 0xF60F, 0xF60E, 0xFE2D,
  0xFF7B, 0xF79B, 0xF79B, 0xF79B, 0xFF9B, 0xFF9B, 0xFF37, 0xF671,
  0xF62D, 0xFE2D, 0xFE2D, 0xFE2D, 0xFE2D, 0xFE2D, 0xFE2D, 0xFE2D,
  0xFE2D, 0xFE2D, 0xFE2D, 0xFE0D, 0xFE2D, 0xFE2D, 0xFE2D, 0xFE0E,
  0xFE2D, 0xF62D, 0xF62E, 0xCE11, 0xA674, 0x86B7, 0x6EF9, 0x76B8,
  0x75B6, 0x5D16, 0x54F8, 0x3456, 0x3E3C, 0x375E, 0x377E, 0x375F,
  0x377F, 0x3F5E, 0x35BA, 0x2C37, 0x35BB, 0x375F, 0x375F, 0x375F,
  0x375F, 0x3F5E, 0x6E18, 0xA3AD, 0xAB6A, 0x9B8C, 0x53D2, 0x35BB,
  0x3F3F, 0x375E, 0x377F, 0x377F, 0x377F, 0x3F3F, 0x2D3A, 0x2478,
  0x367D, 0x3F5F, 0x375F, 0x377F, 0x377F, 0x377F, 0x377F, 0x377F,
  0x377F, 0x377F, 0x3F7F, 0x3F3E, 0x5EBA, 0x846F, 0x93AC, 0x73D0,
  0x3BF6, 0x2C18, 0x2D9A, 0x3F3F, 0x377F, 0x377F, 0x3F7F, 0x3F7F,
  0x375F, 0x375F, 0x377F, 0x377F, 0x3F5F, 0x375E, 0x375E, 0x3F5E,
  0x5EBA, 0x8C4F, 0xAB6A, 0xAB8A, 0xAB8A, 0xAB6A, 0xAB8A, 0xAB8A,
  0xAB8A, 0xAB8A, 0xAB8A, 0xAB8A, 0xAB8A, 0xAB8A, 0xAB8A, 0xAB8A,
  0xAB8A, 0xAB8A, 0xAB8A, 0xAB8A, 0xAB8A, 0xAB8A, 0xAB8A, 0xAB8A,
  0xAB8A, 0xAB8A, 0xAB8A, 0xAB8A, 0xAB8A, 0xAB8A, 0xAB6B, 0x7A69,
  0x4904, 0x5946, 0x9B0A, 0x9B4B, 0x7B2C, 0xDE78, 0x7A48, 0xAB6B,
  0xAB6A, 0xAB8A, 0xAB8A, 0xAB6A, 0x92E9, 0xBCAE, 0xC50E, 0x9B4A,
  0xAB8A, 0xAB8A, 0xAB6B, 0xAB8A, 0xAB8A, 0xAB8A, 0xAB8A, 0xAB8A,
  0xAB6A, 0xAB6A, 0xAB8A, 0xAB6A, 0xAB6A, 0xB36A, 0xB349, 0xDC4C,
  0xEC8D, 0xD42D, 0x61A7, 0x3907, 0x40E7, 0x71CB, 0xE496, 0xF476,
  0xF476, 0xEC76, 0xF476, 0xF476, 0xF476, 0xF476, 0xF476, 0xF476,
  0xF476, 0xF476, 0xF476, 0xF476, 0xEC96, 0xEC95, 0xF4D5, 0xF4F3,
  0xF532, 0xFD91, 0xFDEF, 0xFE0E, 0xFE2D, 0xFE2D, 0xFE0D, 0xFE0D,
  0xFE2D, 0xFE2D, 0xFE2D, 0xFE2D, 0xFE2D, 0xFE2D, 0xFE2D, 0xFE2D,
  0xFE2D, 0xFE2D, 0xFE2D, 0xFE2D, 0xFE2D, 0xFE2D, 0xFE2D, 0xFE2D,
  0xFE2D, 0xFE2D, 0xFE2D, 0xFE2D, 0xFE2D, 0xFE2D, 0xFE2D, 0xFE2D,
  0xFE2D, 0xFE2D, 0xFE2D, 0xFE2D, 0xFE2D, 0xFE2D, 0xFE2D, 0xFE2D,
  0xFE2D, 0xFE2D, 0xFE2D, 0xFE2D, 0xFE2D, 0xFE2D, 0xFE2D, 0xFE2D,
  0xFE0D, 0xFE0D, 0xFE2D, 0xFE2E, 0xFE0E, 0xFE0D, 0xFE2D, 0xFE2D,
  0xFF7B, 0xF77B, 0xF79B, 0xF79B, 0xFF7A, 0xFF37, 0xF672, 0xFE2E,
  0xFE2D, 0xFE2D, 0xFE2D, 0xFE2D, 0xFE2D, 0xFE2D, 0xFE2D, 0xFE2D,
  0xFE2D, 0xFE2D, 0xFE0D, 0xFE2D, 0xF60E, 0xF62E, 0xF62E, 0xF62E,
  0xEE2E, 0xDE10, 0xAE34, 0x6658, 0x46FB, 0x3F3E, 0x3F1E, 0x4F1D,
  0x4D77, 0x5537, 0x5537, 0x3C97, 0x2D5A, 0x3F5E, 0x377E, 0x375F,
  0x3F5F, 0x377F, 0x3EBD, 0x2437, 0x2D39, 0x3F5F, 0x377F, 0x377F,
  0x377F, 0x377F, 0x5EFB, 0x93ED, 0xAB8A, 0xA38B, 0x6BB1, 0x24D7,
  0x3F3E, 0x3F7F, 0x375F, 0x377F, 0x377F, 0x3F5F, 0x3E1C, 0x2457,
  0x35FC, 0x3F3F, 0x377F, 0x3F7F, 0x377F, 0x377F, 0x377F, 0x377F,
  0x377F, 0x377F, 0x377F, 0x377F, 0x3F5E, 0x5EDB, 0x7533, 0x840F,
  0x4BD3, 0x2BF7, 0x2CD8, 0x46DE, 0x375E, 0x377F, 0x377F, 0x375F,
  0x3F5F, 0x3F5F, 0x377F, 0x375F, 0x377F, 0x375E, 0x375F, 0x473D,
  0x7554, 0x9BAC, 0xAB6A, 0xAB8A, 0xAB6A, 0xAB8A, 0xAB8A, 0xAB8A,
  0xAB8A, 0xAB8A, 0xAB8A, 0xAB8A, 0xAB8A, 0xAB8A, 0xAB8A, 0xAB8A,
  0xAB8A, 0xAB8A, 0xAB8A, 0xAB8A, 0xAB8A, 0xAB8A, 0xAB8A, 0xAB8A,
  0xAB8A, 0xAB8A, 0xAB8A, 0xAB8A, 0xAB8A, 0xAB8A, 0x8269, 0x4927,
  0x4927, 0x4907, 0x61A8, 0x6A29, 0xA4B3, 0xA4D2, 0xA36C, 0xAB6A,
  0xAB6A, 0xAB8A, 0xA38A, 0xAB6A, 0x92EA, 0xC532, 0xA3ED, 0x9B2A,
  0xAB6A, 0xAB8A, 0xAB6B, 0xAB8A, 0xAB8A, 0xAB8A, 0xAB8A, 0xAB8A,
  0xAB6A, 0xAB6A, 0xAB8A, 0xAB8A, 0xAB6A, 0xAB6B, 0xAB6A, 0xB3AA,
  0xD44B, 0xE48C, 0xC3CC, 0x61A6, 0x4107, 0x38C6, 0x824D, 0xE455,
  0xF475, 0xF476, 0xF476, 0xF476, 0xF476, 0xF476, 0xF476, 0xF496,
  0xF476, 0xF456, 0xF476, 0xEC76, 0xEC96, 0xF496, 0xF496, 0xEC96,
  0xEC75, 0xEC94, 0xF4F3, 0xF571, 0xFDEE, 0xFE2D, 0xFE2D, 0xFE2D,
  0xFE2D, 0xFE2D, 0xFE2D, 0xFE2D, 0xFE2D, 0xFE2D, 0xFE2D, 0xFE2D,
  0xFE2D, 0xFE2D, 0xFE2D, 0xFE2D, 0xFE2D, 0xFE2D, 0xFE2D, 0xFE2D,
  0xFE2D, 0xFE2D, 0xFE2D, 0xFE2D, 0xFE2D, 0xFE2D, 0xFE2D, 0xFE2D,
  0xFE2D, 0xFE2D, 0xFE2D, 0xFE2D, 0xFE2D, 0xFE2D, 0xFE2D, 0xFE2D,
  0xFE2D, 0xFE2D, 0xFE2D, 0xFE2D, 0xFE2D, 0xFE2D, 0xFE2D, 0xFE2D,
  0xFE0D, 0xFE0D, 0xFE0D, 0xFE2D, 0xFE0D, 0xFE0D, 0xFE0D, 0xFE2D,
  0xFF7B, 0xF77B, 0xF79B, 0xFF79, 0xFF16, 0xF671, 0xF60E, 0xFE2E,
  0xFE0D, 0xFE0D, 0xFE0D, 0xFE2D, 0xFE2D, 0xFE2D, 0xFE2D, 0xFE2D,
  0xFE2D, 0xFE2D, 0xF60E, 0xEE0F, 0xCDD0, 0xBE32, 0xB672, 0xB652,
  0xAE54, 0x7DB4, 0x5E9A, 0x473E, 0x373E, 0x375E, 0x373E, 0x3F3E,
  0x4DB9, 0x5536, 0x5537, 0x4CF8, 0x2CD8, 0x3F1E, 0x377F, 0x375F,
  0x375F, 0x375F, 0x3F3F, 0x353A, 0x24B8, 0x3F1F, 0x377F, 0x377F,
  0x377F, 0x377F, 0x4F3D, 0x846F, 0xAB8A, 0xA38A, 0x7BAF, 0x2C56,
  0x3EDE, 0x375E, 0x377F, 0x377F, 0x377F, 0x3F5F, 0x46DE, 0x2478,
  0x2CF9, 0x3F3F, 0x377F, 0x3F7F, 0x377F, 0x377F, 0x377F, 0x377F,
  0x377F, 0x377F, 0x377F, 0x377F, 0x377F, 0x3F3E, 0x4EFC, 0x65B6,
  0x5C94, 0x3416, 0x2C38, 0x357A, 0x3EFE, 0x3F5F, 0x377F, 0x375F,
  0x377F, 0x377F, 0x375F, 0x375F, 0x377F, 0x375F, 0x3F5E, 0x6679,
  0x8C0E, 0xA36B, 0xAB6A, 0xAB8A, 0xAB8A, 0xAB8A, 0xAB8A, 0xAB8A,
  0xAB8A, 0xAB8A, 0xAB8A, 0xAB8A, 0xAB8A, 0xAB8A, 0xAB8A, 0xAB8A,
  0xAB8A, 0xAB8A, 0xAB8A, 0xAB8A, 0xAB8A, 0xAB8A, 0xAB8A, 0xAB8A,
  0xAB8A, 0xAB8A, 0xAB8A, 0xAB8A, 0xAB6A, 0xAB6A, 0x7208, 0x4928,
  0x4928, 0x4908, 0x4907, 0x4927, 0x7B2F, 0x72AB, 0xA38B, 0xAB8A,
  0xAB6A, 0xAB6A, 0xAB8A, 0xA36B, 0x932B, 0xDDF7, 0xA3CE, 0xA34B,
  0xAB6A, 0xAB8A, 0xAB8A, 0xAB8A, 0xAB8A, 0xAB8A, 0xAB8A, 0xAB8A,
  0xAB8A, 0xAB8A, 0xAB8A, 0xAB8A, 0xAB8A, 0xAB6B, 0xAB6A, 0xAB6A,
  0xB389, 0xD44B, 0xE48D, 0xC3CC, 0x61C7, 0x4126, 0x4907, 0x9AAE,
  0xE475, 0xF476, 0xF476, 0xF476, 0xF476, 0xF476, 0xF476, 0xF496,
  0xF476, 0xF476, 0xF476, 0xF476, 0xEC76, 0xF496, 0xF496, 0xF476,
  0xF476, 0xF495, 0xECB4, 0xF551, 0xFDEE, 0xFE0D, 0xFE2D, 0xFE2D,
  0xFE2D, 0xFE2D, 0xFE2D, 0xFE2D, 0xFE2D, 0xFE2D, 0xFE2D, 0xFE2D,
  0xFE2D, 0xFE2D, 0xFE2D, 0xFE2D, 0xFE2D, 0xFE2D, 0xFE2D, 0xFE2D,
  0xFE2D, 0xFE2D, 0xFE2D, 0xFE2D, 0xFE2D, 0xFE2D, 0xFE2D, 0xFE2D,
  0xFE2D, 0xFE2D, 0xFE2D, 0xFE2D, 0xFE2D, 0xFE2D, 0xFE2D, 0xFE2D,
  0xFE2D, 0xFE2D, 0xFE2D, 0xFE2D, 0xFE2D, 0xFE2D, 0xFE2D, 0xFE2D,
  0xFE2D, 0xFE0D, 0xFE0D, 0xFE2D, 0xFE2D, 0xFE2D, 0xFE2D, 0xFE2D,
  0xFF7B, 0xF77B, 0xFF7A, 0xF716, 0xF671, 0xF62E, 0xFE2D, 0xFE0D,
  0xFE0D, 0xFE0D, 0xFE2D, 0xFE2D, 0xFE2D, 0xFE2D, 0xFE2D, 0xFE2D,
  0xFE2D, 0xFE0D, 0xE5F0, 0x94F1, 0x64D4, 0x6E79, 0x5EFA, 0x56FA,
  0x56FB, 0x465B, 0x471E, 0x371D, 0x3F5E, 0x375E, 0x375E, 0x3F5E,
  0x463B, 0x4D57, 0x5537, 0x5518, 0x34D8, 0x3EBD, 0x377E, 0x377F,
  0x377F, 0x3F5F, 0x3F5F, 0x35DC, 0x1C77, 0x471E, 0x375F, 0x377F,
  0x377F, 0x377F, 0x3F5E, 0x7D12, 0xA38A, 0xAB8A, 0x8BAE, 0x3C15,
  0x363C, 0x3F5F, 0x375F, 0x377F, 0x377F, 0x377F, 0x3F3F, 0x2CF9,
  0x2458, 0x36DE, 0x377F, 0x3F5F, 0x377F, 0x377F, 0x377F, 0x377F,
  0x377F, 0x375F, 0x377F, 0x377F, 0x377F, 0x375E, 0x375F, 0x471D,
  0x565A, 0x3D38, 0x2437, 0x2458, 0x359B, 0x3EDE, 0x3F5F, 0x3F5F,
  0x377F, 0x377F, 0x375F, 0x375F, 0x3F5E, 0x471D, 0x5E7A, 0x84B0,
  0xA38B, 0xAB6A, 0xAB8A, 0xAB8A, 0xAB6A, 0xAB6A, 0xAB8A, 0xAB8A,
  0xAB8A, 0xAB8A, 0xAB8A, 0xAB8A, 0xAB8A, 0xAB8A, 0xAB8A, 0xAB8A,
  0xAB8A, 0xAB8A, 0xAB8A, 0xAB8A, 0xAB8A, 0xAB8A, 0xAB8A, 0xAB8A,
  0xAB8A, 0xAB8A, 0xAB8A, 0xAB8A, 0xAB6A, 0xAB8A, 0x7A48, 0x4907,
  0x4928, 0x4928, 0x4927, 0x4928, 0x4948, 0x5986, 0xA38B, 0xAB8A,
  0xAB6A, 0xAB6A, 0xAB6B, 0xAB4B, 0x938D, 0xDE99, 0x8B0B, 0xA36A,
  0xAB8A, 0xAB6A, 0xAB6A, 0xAB8A, 0xAB8A, 0xAB8A, 0xAB8A, 0xAB8A,
  0xAB8A, 0xAB8A, 0xAB8A, 0xAB8A, 0xAB8A, 0xAB8A, 0xAB6A, 0xAB6A,
  0xAB69, 0xB3AA, 0xD42B, 0xE4AC, 0xB38B, 0x5146, 0x40E7, 0x4928,
  0xA310, 0xEC96, 0xF476, 0xF476, 0xF476, 0xF476, 0xF476, 0xF476,
  0xF476, 0xF476, 0xF476, 0xF476, 0xF476, 0xF476, 0xF476, 0xF476,
  0xEC75, 0xF4B4, 0xF552, 0xFDCF, 0xFE0D, 0xFE0D, 0xFE2D, 0xFE2D,
  0xFE2D, 0xFE2D, 0xFE2D, 0xFE2D, 0xFE2D, 0xFE2D, 0xFE2D, 0xFE2D,
  0xFE2D, 0xFE2D, 0xFE2D, 0xFE2D, 0xFE2D, 0xFE2D, 0xFE2D, 0xFE2D,
  0xFE2D, 0xFE2D, 0xFE2D, 0xFE2D, 0xFE2D, 0xFE2D, 0xFE2D, 0xFE2D,
  0xFE2D, 0xFE2D, 0xFE2D, 0xFE2D, 0xFE2D, 0xFE2D, 0xFE2D, 0xFE2D,
  0xFE2D, 0xFE2D, 0xFE2D, 0xFE2D, 0xFE2D, 0xFE2D, 0xFE2D, 0xFE2D,
  0xFE2D, 0xFE2D, 0xFE0D, 0xFE2D, 0xFE2D, 0xFE2D, 0xFE2D, 0xFE2D,
  0xFF5B, 0xFF5A, 0xFF16, 0xF650, 0xFE2E, 0xFE0D, 0xFE0D, 0xFE2D,
  0xFE2D, 0xFE2D, 0xFE0D, 0xFE0D, 0xFE2D, 0xFE2D, 0xFE2D, 0xFE2D,
  0xFE2D, 0xF60E, 0xA531, 0x4415, 0x3559, 0x471E, 0x3F5E, 0x375E,
  0x3F5E, 0x36DD, 0x36DD, 0x371D, 0x375E, 0x375E, 0x375E, 0x377F,
  0x467B, 0x5537, 0x5537, 0x5537, 0x3496, 0x361C, 0x375E, 0x375F,
  0x377F, 0x377F, 0x375F, 0x3E9E, 0x2457, 0x46DE, 0x375F, 0x375F,
  0x377F, 0x377F, 0x3F5E, 0x7575, 0x9BAA, 0xAB8A, 0x938D, 0x4BF4,
  0x357A, 0x3F5F, 0x3F5F, 0x377F, 0x377F, 0x377F, 0x375F, 0x2D7A,
  0x2437, 0x361C, 0x375F, 0x375F, 0x375F, 0x377F, 0x377F, 0x377F,
  0x3F7F, 0x3F5F, 0x375F, 0x375F, 0x377E, 0x377F, 0x375E, 0x377F,
  0x3F5E, 0x46FD, 0x359B, 0x2437, 0x2437, 0x2D5A, 0x46DE, 0x3F3E,
  0x3F7F, 0x375F, 0x375E, 0x3F5E, 0x4F1D, 0x6E18, 0x8470, 0xA3AB,
  0xAB8A, 0xAB8A, 0xAB8A, 0xAB6A, 0xAB6A, 0xAB6A, 0xAB8A, 0xAB8A,
  0xAB8A, 0xAB8A, 0xAB8A, 0xAB8A, 0xAB8A, 0xAB8A, 0xAB8A, 0xAB8A,
  0xAB8A, 0xAB8A, 0xAB8A, 0xAB8A, 0xAB8A, 0xAB8A, 0xAB8A, 0xAB8A,
  0xAB8A, 0xAB8A, 0xAB8A, 0xAB8A, 0xAB8A, 0xAB8A, 0x9B2A, 0x6187,
  0x4927, 0x4908, 0x4908, 0x4928, 0x4928, 0x7208, 0xAB8B, 0xAB6A,
  0xAB8A, 0xAB6A, 0xAB6B, 0x92EB, 0x7AEC, 0xB535, 0x82E9, 0xAB6A,
  0xAB6A, 0xAB6A, 0xAB6A, 0xAB8A, 0xAB8A, 0xAB8A, 0xAB8A, 0xAB8A,
  0xAB8A, 0xAB8A, 0xAB8A, 0xAB8A, 0xAB8A, 0xAB8A, 0xAB6A, 0xAB6A,
  0xAB6A, 0xAB6A, 0xB3AA, 0xCC4C, 0xDC8D, 0xAB2A, 0x5126, 0x3907,
  0x4928, 0xA310, 0xEC76, 0xF476, 0xF476, 0xF476, 0xF496, 0xF476,
  0xF476, 0xF476, 0xF476, 0xF476, 0xF476, 0xF476, 0xF496, 0xEC76,
  0xECB4, 0xF572, 0xFDEF, 0xFE0D, 0xFE2D, 0xFE2D, 0xFE2D, 0xFE2D,
  0xFE2D, 0xFE2D, 0xFE2D, 0xFE0E, 0xFE2D, 0xFE0D, 0xFE0D, 0xFE2D,
  0xFE2D, 0xFE2D, 0xFE2D, 0xFE2D, 0xFE2D, 0xFE2D, 0xFE2D, 0xFE2D,
  0xFE2D, 0xFE2D, 0xFE2D, 0xFE2D, 0xFE2D, 0xFE2D, 0xFE2D, 0xFE2D,
  0xFE2D, 0xFE2D, 0xFE2D, 0xFE2D, 0xFE2D, 0xFE2D, 0xFE2D, 0xFE2D,
  0xFE2D, 0xFE2D, 0xFE2D, 0xFE2D, 0xFE2D, 0xFE2D, 0xFE2D, 0xFE2D,
  0xFE2D, 0xFE2D, 0xFE2D, 0xFE2D, 0xFE2D, 0xFE2D, 0xFE2D, 0xFE0D,
  0xFF79, 0xFF16, 0xF650, 0xFE2E, 0xFE2D, 0xFE2D, 0xFE0D, 0xFE2D,
  0xF62D, 0xE62F, 0xEE2F, 0xF62E, 0xFE2D, 0xFE2D, 0xFE0D, 0xFE0D,
  0xFE0D, 0xF60E, 0x8CD2, 0x2C37, 0x363C, 0x3F5F, 0x375E, 0x375F,
  0x375F, 0x369D, 0x2E1B, 0x3F3E, 0x377F, 0x375E, 0x375E, 0x377F,
  0x46DD, 0x4D58, 0x5D17, 0x5D37, 0x3C55, 0x359A, 0x375E, 0x3F7F,
  0x377F, 0x377F, 0x377F, 0x46FF, 0x2478, 0x361C, 0x3F5F, 0x375F,
  0x377F, 0x377F, 0x377F, 0x5DF7, 0x93CC, 0xAB6A, 0x9B8C, 0x53D3,
  0x3519, 0x3F3F, 0x375F, 0x377F, 0x377F, 0x377F, 0x377F, 0x35DB,
  0x2437, 0x2D3A, 0x3F3F, 0x375F, 0x375F, 0x375F, 0x375F, 0x377F,
  0x377F, 0x3F5F, 0x3F5F, 0x377E, 0x375E, 0x2F1E, 0x375F, 0x375F,
  0x3F5F, 0x3F5F, 0x3F1E, 0x35DB, 0x2458, 0x2437, 0x2477, 0x3DFB,
  0x3EDE, 0x471D, 0x4EDB, 0x6659, 0x7D33, 0x8BCD, 0xA38B, 0xAB6A,
  0xAB8A, 0xAB8A, 0xAB8A, 0xAB8A, 0xAB8A, 0xAB8A, 0xAB8A, 0xAB8A,
  0xAB8A, 0xAB8A, 0xAB8A, 0xAB8A, 0xAB8A, 0xAB8A, 0xAB8A, 0xAB8A,
  0xAB8A, 0xAB8A, 0xAB8A, 0xAB8A, 0xAB8A, 0xAB8A, 0xAB8A, 0xAB8A,
  0xAB8A, 0xAB8A, 0xAB8A, 0xAB8A, 0xAB6A, 0xAB8A, 0xA36A, 0xA36B,
  0x828A, 0x5967, 0x4927, 0x4108, 0x5148, 0x828A, 0xAB6B, 0xAB6A,
  0xAB6A, 0xA36A, 0x82A9, 0x5126, 0x4927, 0x4147, 0x7A69, 0xA36B,
  0xAB8A, 0xAB8A, 0xAB6A, 0xAB8A, 0xAB8A, 0xAB8A, 0xAB8A, 0xAB8A,
  0xAB8A, 0xAB8A, 0xAB8A, 0xAB8A, 0xAB8A, 0xAB8A, 0xAB8A, 0xAB8A,
  0xAB8A, 0xAB6A, 0xAB6A, 0xB38A, 0xDC4C, 0xE4AE, 0x9B0A, 0x4947,
  0x38E7, 0x5969, 0xDC55, 0xEC75, 0xF476, 0xF476, 0xF476, 0xF476,
  0xF476, 0xF476, 0xF476, 0xF476, 0xF476, 0xF476, 0xF476, 0xECB3,
  0xF551, 0xFDEF, 0xFE0D, 0xFE2D, 0xFE2D, 0xFE2D, 0xFE2D, 0xFE2D,
  0xFE2D, 0xFE2D, 0xFE0D, 0xFE0D, 0xFE0D, 0xFE0D, 0xFE0D, 0xFE2D,
  0xFE2D, 0xFE2D, 0xFE2D, 0xFE2D, 0xFE2D, 0xFE2D, 0xFE2D, 0xFE2D,
  0xFE2D, 0xFE2D, 0xFE2D, 0xFE2D, 0xFE2D, 0xFE2D, 0xFE2D, 0xFE2D,
  0xFE2D, 0xFE2D, 0xFE2D, 0xFE2D, 0xFE2D, 0xFE2D, 0xFE2D, 0xFE2D,
  0xFE2D, 0xFE2D, 0xFE2D, 0xFE2D, 0xFE2D, 0xFE2D, 0xFE2D, 0xFE2D,
  0xFE2D, 0xFE2D, 0xFE2D, 0xFE2D, 0xFE2D, 0xFE2D, 0xFE2D, 0xFE2D,
  0xFEF5, 0xF650, 0xF60D, 0xFE2E, 0xFE2D, 0xFE2D, 0xFE0D, 0xF62D,
  0xCE71, 0x8ED6, 0x8EB6, 0xBE92, 0xEE2E, 0xFE2D, 0xFE0E, 0xFE0D,
  0xFE0D, 0xF62F, 0x9513, 0x2456, 0x3EFE, 0x377F, 0x377E, 0x377F,
  0x375F, 0x363C, 0x2539, 0x3F3F, 0x375F, 0x375E, 0x375F, 0x375E,
  0x3F1E, 0x4599, 0x5537, 0x5494, 0x22AF, 0x2CB7, 0x3F5F, 0x3F5F,
  0x377F, 0x377F, 0x375F, 0x3F3F, 0x2CF9, 0x2519, 0x3F3F, 0x375F,
  0x377F, 0x377F, 0x377F, 0x56BA, 0x8C2E, 0xAB6A, 0xA38C, 0x63D2,
  0x2C97, 0x3F1F, 0x375F, 0x375F, 0x377F, 0x377F, 0x3F7F, 0x363C,
  0x2458, 0x2498, 0x36DE, 0x375E, 0x375F, 0x377F, 0x377F, 0x377F,
  0x375F, 0x373F, 0x3F3F, 0x375F, 0x375F, 0x375F, 0x371D, 0x377F,
  0x377F, 0x377F, 0x377E, 0x473F, 0x465D, 0x3539, 0x34D8, 0x3C15,
  0x4454, 0x64B3, 0x7C50, 0x8BCD, 0x9BAB, 0xAB8A, 0xAB8A, 0xAB6A,
  0xAB8A, 0xAB8A, 0xAB8A, 0xAB8A, 0xAB8A, 0xAB8A, 0xAB8A, 0xAB8A,
  0xAB8A, 0xAB8A, 0xAB8A, 0xAB8A, 0xAB8A, 0xAB8A, 0xAB8A, 0xAB8A,
  0xAB8A, 0xAB8A, 0xAB8A, 0xAB8A, 0xAB8A, 0xAB8A, 0xAB8A, 0xAB8A,
  0xAB8A, 0xAB8A, 0xAB8A, 0xAB8A, 0xAB6A, 0xAB6A, 0xAB8A, 0xAB6A,
  0xAB8A, 0x9B4B, 0x61C7, 0x5167, 0x5987, 0x92C9, 0xAB6A, 0xAB6A,
  0xAB6A, 0xA32B, 0x5987, 0x4928, 0x4928, 0x4928, 0x5987, 0x9B4B,
  0xAB8A, 0xAB8A, 0xAB6A, 0xAB8A, 0xAB8A, 0xAB8A, 0xAB8A, 0xAB8A,
  0xAB8A, 0xAB8A, 0xAB8A, 0xAB8A, 0xAB8A, 0xAB8A, 0xAB8A, 0xAB8A,
  0xAB8A, 0xAB6A, 0xAB8A, 0xAB6A, 0xBBAA, 0xD44B, 0xD44C, 0x8249,
  0x4927, 0x4107, 0x5948, 0xD413, 0xEC96, 0xF476, 0xF476, 0xF476,
  0xF476, 0xF476, 0xF476, 0xF476, 0xF476, 0xF475, 0xF4B4, 0xF571,
  0xFDEE, 0xFE0D, 0xFE2D, 0xFE2D, 0xFE2D, 0xFE2D, 0xFE2D, 0xFE2D,
  0xFE2D, 0xFE2D, 0xFE2D, 0xEDCD, 0xDD4D, 0xEDCE, 0xF62D, 0xFE2D,
  0xFE0D, 0xFE2D, 0xFE2D, 0xFE2D, 0xFE2D, 0xFE2D, 0xFE2D, 0xFE2D,
  0xFE2D, 0xFE2D, 0xFE2D, 0xFE2D, 0xFE2D, 0xFE2D, 0xFE2D, 0xFE2D,
  0xFE2D, 0xFE2D, 0xFE2D, 0xFE2D, 0xFE2D, 0xFE2D, 0xFE2D, 0xFE2D,
  0xFE2D, 0xFE2D, 0xFE2D, 0xFE2D, 0xFE2D, 0xFE2D, 0xFE2D, 0xFE2D,
  0xFE2D, 0xFE2D, 0xFE2D, 0xFE2D, 0xFE2D, 0xFE2D, 0xFE2D, 0xFE2E,
  0xF693, 0xF64F, 0xFE2E, 0xFE2D, 0xFE0D, 0xFE0D, 0xF60D, 0xDE50,
  0x86D7, 0x4F5C, 0x473D, 0x76F8, 0xCE71, 0xF62E, 0xFE0D, 0xFE2D,
  0xFE0D, 0xEE0E, 0x8CF3, 0x2CF8, 0x3F5E, 0x377F, 0x377F, 0x375E,
  0x3F3E, 0x357A, 0x1C57, 0x3EDE, 0x375F, 0x375F, 0x375E, 0x375F,
  0x3F5E, 0x461A, 0x54F6, 0x3AAD, 0x298A, 0x2BB3, 0x3EFE, 0x3F5F,
  0x377F, 0x377F, 0x375F, 0x3F5F, 0x2D5A, 0x1C77, 0x3F1E, 0x375F,
  0x377F, 0x377F, 0x377F, 0x4F3D, 0x7CB1, 0xAB6A, 0xA38B, 0x6BD1,
  0x2C36, 0x3EBE, 0x375F, 0x3F5F, 0x377F, 0x377F, 0x377F, 0x365C,
  0x2457, 0x2438, 0x361C, 0x375E, 0x375F, 0x377F, 0x377F, 0x377F,
  0x375F, 0x367C, 0x469D, 0x3F3F, 0x375F, 0x375F, 0x375F, 0x377E,
  0x377F, 0x375F, 0x375F, 0x3F5E, 0x473E, 0x56DC, 0x6D97, 0x7BB0,
  0x8BAE, 0x9BAC, 0xA38B, 0xAB6A, 0xAB8A, 0xAB8A, 0xAB6A, 0xAB6A,
  0xAB8A, 0xAB8A, 0xAB8A, 0xAB8A, 0xAB8A, 0xAB8A, 0xAB8A, 0xAB8A,
  0xAB8A, 0xAB8A, 0xAB8A, 0xAB8A, 0xAB8A, 0xAB8A, 0xAB8A, 0xAB8A,
  0xAB8A, 0xAB8A, 0xAB8A, 0xAB8A, 0xAB8A, 0xAB8A, 0xAB8A, 0xAB8A,
  0xAB8A, 0xAB8A, 0xAB8A, 0xAB8A, 0xAB8A, 0xAB6A, 0xAB6A, 0xAB8A,
  0xAB6A, 0xAB6A, 0x9B4B, 0x82A9, 0x8AE9, 0xA36A, 0xAB8A, 0xAB6A,
  0xAB6A, 0x9B0A, 0x5147, 0x4928, 0x4928, 0x4928, 0x5168, 0x9B2A,
  0xAB6A, 0xAB8A, 0xAB8A, 0xAB8A, 0xAB8A, 0xAB8A, 0xAB8A, 0xAB8A,
  0xAB8A, 0xAB8A, 0xAB8A, 0xAB8A, 0xAB8A, 0xAB8A, 0xAB8A, 0xAB8A,
  0xAB8A, 0xAB8A, 0xAB8A, 0xAB6A, 0xAB6A, 0xBBA9, 0xD42B, 0xCC0D,
  0x7208, 0x4107, 0x4107, 0x7A2C, 0xDC55, 0xEC96, 0xF476, 0xF476,
  0xF476, 0xF476, 0xF476, 0xF476, 0xF476, 0xF4B4, 0xFD70, 0xFDEE,
  0xFE0D, 0xFE2D, 0xFE2D, 0xFE2D, 0xFE2D, 0xFE2D, 0xFE2D, 0xFE2D,
  0xFE2D, 0xFE2D, 0xF5EE, 0xA3AA, 0x6A27, 0x9B8A, 0xDD8E, 0xFE2E,
  0xFE2D, 0xFE2D, 0xFE2D, 0xFE2D, 0xFE2D, 0xFE2D, 0xFE2D, 0xFE2D,
  0xFE2D, 0xFE2D, 0xFE2D, 0xFE2D, 0xFE2D, 0xFE2D, 0xFE2D, 0xFE2D,
  0xFE2D, 0xFE2D, 0xFE2D, 0xFE0D, 0xFE0D, 0xFE0D, 0xFE2D, 0xFE2D,
  0xFE2D, 0xFE2D, 0xFE2D, 0xFE2D, 0xFE2D, 0xFE2D, 0xFE2D, 0xFE2D,
  0xFE2D, 0xFE2D, 0xFE2D, 0xFE2D, 0xFE2D, 0xFE0D, 0xFE2D, 0xF60E,
  0xFF17, 0xFEF5, 0xF6B3, 0xF670, 0xFE2E, 0xF60E, 0xEE50, 0x9EB5,
  0x4F1B, 0x3F5E, 0x3F5F, 0x473D, 0x8ED7, 0xE650, 0xFE0D, 0xFE0D,
  0xFE0D, 0xE60F, 0x7CF4, 0x3DDB, 0x3F5F, 0x375F, 0x375F, 0x375E,
  0x4F1C, 0x4D37, 0x2437, 0x361C, 0x375F, 0x375F, 0x375F, 0x377F,
  0x375F, 0x4E7B, 0x4370, 0x3189, 0x3949, 0x3331, 0x35FB, 0x3F7F,
  0x377F, 0x377F, 0x377F, 0x375F, 0x2DBB, 0x2457, 0x3EBE, 0x375F,
  0x377F, 0x377F, 0x377E, 0x475E, 0x6D54, 0xA38B, 0xAB8B, 0x73D0,
  0x2C16, 0x35DB, 0x3F5E, 0x375E, 0x377F, 0x377F, 0x377F, 0x3E9D,
  0x2C57, 0x2C17, 0x2D3A, 0x3F3F, 0x375F, 0x377F, 0x377F, 0x375F,
  0x3F5F, 0x35FB, 0x3CB7, 0x3DFB, 0x3F1E, 0x3F5F, 0x375E, 0x377F,
  0x375F, 0x3F3E, 0x3F5E, 0x473D, 0x5E9B, 0x6D74, 0x8C2F, 0xA38B,
  0xAB8A, 0xAB8A, 0xAB6A, 0xAB8A, 0xAB8A, 0xAB8A, 0xAB6A, 0xAB6A,
  0xAB8A, 0xAB8A, 0xAB8A, 0xAB8A, 0xAB8A, 0xAB8A, 0xAB8A, 0xAB8A,
  0xAB8A, 0xAB8A, 0xAB8A, 0xAB8A, 0xAB8A, 0xAB8A, 0xAB8A, 0xAB8A,
  0xAB8A, 0xAB8A, 0xAB8A, 0xAB8A, 0xAB8A, 0xAB8A, 0xAB8A, 0xAB8A,
  0xAB8A, 0xAB8A, 0xAB8A, 0xAB8A, 0xAB8A, 0xAB8A, 0xAB8A, 0xAB6A,
  0xAB6A, 0xAB6A, 0xAB8A, 0xAB8A, 0xAB8A, 0xAB6A, 0xAB6A, 0xAB6A,
  0xAB6A, 0xA34A, 0x61A8, 0x4908, 0x4928, 0x4927, 0x5987, 0x9B2A,
  0xAB6A, 0xAB6A, 0xAB8A, 0xAB8A, 0xAB8A, 0xAB8A, 0xAB8A, 0xAB8A,
  0xAB8A, 0xAB8A, 0xAB8A, 0xAB8A, 0xAB8A, 0xAB8A, 0xAB8A, 0xAB8A,
  0xAB8A, 0xAB8A, 0xAB8A, 0xAB6A, 0xAB6A, 0xAB6A, 0xC3CA, 0xDC4C,
  0xBBAC, 0x5987, 0x4127, 0x4907, 0x9AAE, 0xE476, 0xF476, 0xF476,
  0xF476, 0xF476, 0xF476, 0xF476, 0xF495, 0xF532, 0xFDEE, 0xFE0D,
  0xFE2D, 0xFE0D, 0xFE0D, 0xFE2D, 0xFE2D, 0xFE2D, 0xFE2D, 0xFE2D,
  0xFE0D, 0xF60E, 0xAC0B, 0x4966, 0x4106, 0x5166, 0xABEB, 0xFE2E,
  0xFE0D, 0xFE2D, 0xFE2D, 0xFE2D, 0xFE2D, 0xFE2D, 0xFE2D, 0xFE2D,
  0xFE2D, 0xFE2D, 0xFE2D, 0xFE2D, 0xFE2D, 0xFE2D, 0xFE2D, 0xFE2D,
  0xFE2D, 0xFE2D, 0xFE0D, 0xFE0E, 0xFE2D, 0xFE2D, 0xFE2D, 0xFE2D,
  0xFE2D, 0xFE2D, 0xFE2D, 0xFE2D, 0xFE2D, 0xFE2D, 0xFE2D, 0xFE2D,
  0xFE2D, 0xFE2D, 0xFE2D, 0xFE2D, 0xFE2D, 0xFE0D, 0xFE0D, 0xF5EE,
  0xFF5A, 0xF77A, 0xFF7A, 0xFF38, 0xFED5, 0xF694, 0xB655, 0x5EFB,
  0x3F3E, 0x373E, 0x375F, 0x375F, 0x571C, 0xAE94, 0xF62E, 0xFE0D,
  0xF62D, 0xD5F0, 0x4C73, 0x46BD, 0x377F, 0x3F5F, 0x375F, 0x377E,
  0x66DB, 0x6517, 0x2BF8, 0x2D7A, 0x3F3F, 0x375F, 0x375F, 0x375F,
  0x375F, 0x4EFD, 0x21CA, 0x3907, 0x4988, 0x4AF0, 0x24D8, 0x3F3F,
  0x375F, 0x375F, 0x377F, 0x375E, 0x365D, 0x2C57, 0x2DDB, 0x375F,
  0x377F, 0x377F, 0x377E, 0x3F5E, 0x6618, 0x93AC, 0xAB8B, 0x73CF,
  0x3416, 0x24F9, 0x3F3F, 0x375F, 0x377F, 0x377F, 0x377F, 0x46DD,
  0x3C77, 0x2BF7, 0x2498, 0x46FF, 0x375E, 0x375E, 0x377E, 0x377E,
  0x3F5E, 0x4E7B, 0x5412, 0x4C34, 0x3D59, 0x4EFD, 0x3F3E, 0x375E,
  0x375E, 0x473E, 0x56DB, 0x6DB6, 0x844F, 0x9BCB, 0xA38A, 0xAB8A,
  0xAB6A, 0xAB6A, 0xAB6A, 0xAB6A, 0xAB6A, 0xAB8A, 0xAB8A, 0xAB6A,
  0xAB8A, 0xAB8A, 0xAB8A, 0xAB8A, 0xAB8A, 0xAB8A, 0xAB8A, 0xAB8A,
  0xAB8A, 0xAB8A, 0xAB8A, 0xAB8A, 0xAB8A, 0xAB8A, 0xAB8A, 0xAB8A,
  0xAB8A, 0xAB8A, 0xAB8A, 0xAB8A, 0xAB8A, 0xAB8A, 0xAB8A, 0xAB8A,
  0xAB8A, 0xAB8A, 0xAB8A, 0xAB8A, 0xAB8A, 0xAB8A, 0xAB8A, 0xAB6A,
  0xAB6A, 0xAB6A, 0xAB6A, 0xAB6A, 0xAB6A, 0xAB6A, 0xAB6A, 0xAB6A,
  0xAB6A, 0xA36A, 0x61C7, 0x4928, 0x4908, 0x5967, 0x8AEA, 0xA36A,
  0xAB6A, 0xAB6A, 0xAB8A, 0xAB8A, 0xAB8A, 0xAB8A, 0xAB8A, 0xAB8A,
  0xAB8A, 0xAB8A, 0xAB8A, 0xAB8A, 0xAB8A, 0xAB8A, 0xAB8A, 0xAB8A,
  0xAB8A, 0xAB8A, 0xAB8A, 0xAB6A, 0xAB6A, 0xAB6A, 0xB38A, 0xC3CA,
  0xD46D, 0x92C9, 0x4905, 0x4947, 0x48E7, 0xAB10, 0xEC76, 0xF476,
  0xF476, 0xF476, 0xF476, 0xF476, 0xF495, 0xF512, 0xFE0E, 0xFE0E,
  0xFE2D, 0xFE2D, 0xFE0D, 0xFE2D, 0xFE2D, 0xFE2D, 0xFE2D, 0xFE2D,
  0xFE0D, 0xE5AE, 0x5185, 0x4127, 0x4127, 0x4127, 0x7A88, 0xF62F,
  0xFE0D, 0xFE2D, 0xFE2D, 0xFE2D, 0xFE2D, 0xFE2D, 0xFE2D, 0xFE2D,
  0xFE2D, 0xFE2D, 0xFE2D, 0xFE2D, 0xFE2D, 0xFE2D, 0xFE2D, 0xFE2D,
  0xFE2D, 0xFE2D, 0xFE0E, 0xFE0E, 0xFE0D, 0xFE0D, 0xFE2D, 0xFE2D,
  0xFE2D, 0xFE2D, 0xFE2D, 0xFE2D, 0xFE2D, 0xFE2D, 0xFE2D, 0xFE2D,
  0xFE2D, 0xFE2D, 0xFE2D, 0xFE2D, 0xFE2D, 0xFE2D, 0xFE0D, 0xFE0E,
  0xFF5B, 0xFF7B, 0xF77B, 0xF77B, 0xFF7B, 0xE73A, 0x6DF9, 0x475F,
  0x3F5F, 0x375F, 0x377F, 0x375F, 0x3F5E, 0x76F8, 0xDE70, 0xF62D,
  0xF62D, 0xC5D1, 0x3CB5, 0x3F3F, 0x377F, 0x377E, 0x377F, 0x3F5E,
  0x6E5A, 0x54D6, 0x33F8, 0x2CD9, 0x3F1E, 0x375F, 0x375F, 0x375F,
  0x3F7F, 0x4F1D, 0x2A2B, 0x4127, 0x61EA, 0x52CF, 0x2416, 0x3EBE,
  0x375F, 0x375F, 0x377F, 0x375E, 0x3EDE, 0x2457, 0x2D5A, 0x3F5F,
  0x377F, 0x377F, 0x3F7E, 0x375F, 0x5EDB, 0x8BED, 0xAB8B, 0x7BAF,
  0x33F6, 0x1C77, 0x473F, 0x375F, 0x377F, 0x375F, 0x377F, 0x4EDD,
  0x4477, 0x2C17, 0x2437, 0x361C, 0x3F5E, 0x377E, 0x377F, 0x377F,
  0x375E, 0x4EDC, 0x7C10, 0x83AF, 0x63B0, 0x6492, 0x6679, 0x471C,
  0x5EFB, 0x6DB6, 0x844F, 0x93CC, 0xA38A, 0xAB8A, 0xAB8A, 0xAB8A,
  0xAB6A, 0xAB6A, 0xAB6A, 0xAB6A, 0xAB6A, 0xAB8A, 0xAB8A, 0xAB8A,
  0xAB8A, 0xAB8A, 0xAB8A, 0xAB8A, 0xAB8A, 0xAB8A, 0xAB8A, 0xAB8A,
  0xAB8A, 0xAB8A, 0xAB8A, 0xAB8A, 0xAB8A, 0xAB8A, 0xAB8A, 0xAB8A,
  0xAB8A, 0xAB8A, 0xAB8A, 0xAB8A, 0xAB8A, 0xAB8A, 0xAB8A, 0xAB8A,
  0xAB8A, 0xAB8A, 0xAB8A, 0xAB8A, 0xAB8A, 0xAB8A, 0xAB8A, 0xAB8A,
  0xAB8A, 0xAB8A, 0xAB8A, 0xAB8A, 0xAB8A, 0xAB6A, 0xAB8A, 0xAB8A,
  0xAB6A, 0xAB6B, 0x7A48, 0x5127, 0x5127, 0x8269, 0xAB8B, 0xAB6A,
  0xAB8A, 0xAB6A, 0xAB8A, 0xAB8A, 0xAB8A, 0xAB8A, 0xAB8A, 0xAB8A,
  0xAB8A, 0xAB8A, 0xAB8A, 0xAB8A, 0xAB8A, 0xAB8A, 0xAB8A, 0xAB8A,
  0xAB8A, 0xAB8A, 0xAB8A, 0xAB6A, 0xAB6A, 0xAB6A, 0xAB6A, 0xAB8A,
  0xC40B, 0xDC8E, 0x8A88, 0x4946, 0x4127, 0x698A, 0xD3F4, 0xEC76,
  0xF476, 0xF476, 0xF476, 0xF476, 0xF496, 0xECB4, 0xF571, 0xFE0E,
  0xFE2D, 0xFE2D, 0xFE2D, 0xFE2D, 0xFE2D, 0xFE2D, 0xFE2D, 0xFE2D,
  0xFE2D, 0xC4CD, 0x4105, 0x4127, 0x4107, 0x4107, 0x6A27, 0xF60F,
  0xFE0D, 0xFE2D, 0xFE2D, 0xFE2D, 0xFE2D, 0xFE2D, 0xFE2D, 0xFE2D,
  0xFE2D, 0xFE2D, 0xFE2D, 0xFE2D, 0xFE2D, 0xFE2D, 0xFE2D, 0xFE2D,
  0xFE2D, 0xFE0D, 0xF60E, 0xED8D, 0xDD2D, 0xE54E, 0xED8E, 0xFE0E,
  0xFE2D, 0xFE2D, 0xFE2D, 0xFE2D, 0xFE2D, 0xFE2D, 0xFE2D, 0xFE2D,
  0xFE2D, 0xFE2D, 0xFE2D, 0xFE2D, 0xFE2D, 0xFE2D, 0xFE2D, 0xFE2E,
  0xF75B, 0xF77B, 0xF77B, 0xFF7B, 0xF79B, 0xBE9B, 0x3C97, 0x3E7D,
  0x3F5F, 0x375F, 0x375F, 0x377F, 0x3F5F, 0x473D, 0x9EB5, 0xE64F,
  0xF62F, 0xA552, 0x4578, 0x3F5F, 0x377F, 0x377E, 0x377F, 0x473E,
  0x55B8, 0x54F7, 0x3417, 0x2C98, 0x3EDE, 0x375F, 0x375F, 0x377F,
  0x377F, 0x473E, 0x3BB1, 0x51C9, 0x6A2A, 0x52AE, 0x2BF6, 0x363C,
  0x375F, 0x375F, 0x377F, 0x375E, 0x3F1E, 0x2519, 0x24B9, 0x3EFE,
  0x377F, 0x3F5F, 0x377E, 0x377F, 0x4F1D, 0x7C90, 0xA38B, 0x83AE,
  0x3BF6, 0x2457, 0x3EBE, 0x375F, 0x377F, 0x375F, 0x375F, 0x4EDD,
  0x4C75, 0x3417, 0x2C17, 0x24D9, 0x3F3E, 0x3F7F, 0x375F, 0x375F,
  0x3F5E, 0x4EFC, 0x8450, 0xA38B, 0xA38B, 0x9BAC, 0x842E, 0x7D74,
  0x84B0, 0x93AC, 0xA38A, 0xAB8A, 0xAB8A, 0xAB8A, 0xAB8A, 0xAB8A,
  0xAB8A, 0xAB6A, 0xAB8A, 0xAB8A, 0xAB8A, 0xAB8A, 0xAB8A, 0xAB8A,
  0xAB8A, 0xAB8A, 0xAB8A, 0xAB8A, 0xAB8A, 0xAB8A, 0xAB8A, 0xAB8A,
  0xAB8A, 0xAB8A, 0xAB8A, 0xAB8A, 0xAB8A, 0xAB8A, 0xAB8A, 0xAB8A,
  0xAB8A, 0xAB8A, 0xAB8A, 0xAB8A, 0xAB8A, 0xAB8A, 0xAB8A, 0xAB8A,
  0xAB8A, 0xAB8A, 0xAB8A, 0xAB8A, 0xAB8A, 0xAB8A, 0xAB8A, 0xAB8A,
  0xAB8A, 0xAB8A, 0xAB8A, 0xAB8A, 0xAB8A, 0xAB8A, 0xAB8A, 0xAB8A,
  0xAB6A, 0xAB8A, 0xA36B, 0x92C9, 0x92C9, 0xAB6B, 0xAB6A, 0xAB6A,
  0xAB8A, 0xAB8A, 0xAB8A, 0xAB8A, 0xAB8A, 0xAB8A, 0xAB8A, 0xAB8A,
  0xAB8A, 0xAB8A, 0xAB8A, 0xAB8A, 0xAB8A, 0xAB8A, 0xAB8A, 0xAB8A,
  0xAB8A, 0xAB8A, 0xAB8A, 0xAB8A, 0xAB8A, 0xAB8A, 0xAB8A, 0xAB8A,
  0xAB8A, 0xC3EB, 0xD46D, 0x7A48, 0x4948, 0x4907, 0x824D, 0xE476,
  0xF476, 0xF476, 0xF476, 0xF476, 0xF496, 0xF496, 0xF4D3, 0xFDD0,
  0xFE2E, 0xFE0D, 0xFE2D, 0xFE2D, 0xFE2D, 0xFE2D, 0xFE2D, 0xFE2D,
  0xF60E, 0x9BAB, 0x4107, 0x4107, 0x4127, 0x4127, 0x59E7, 0xE5D0,
  0xFE0D, 0xFE2D, 0xFE2D, 0xFE2D, 0xFE2D, 0xFE2D, 0xFE2D, 0xFE2D,
  0xFE2D, 0xFE2D, 0xFE2D, 0xFE2D, 0xFE2D, 0xFE2D, 0xFE2D, 0xFE2D,
  0xFE2D, 0xFE0D, 0xE5AF, 0x7267, 0x51A6, 0x5186, 0x7268, 0xDD6E,
  0xFE2D, 0xFE0D, 0xFE2D, 0xFE2D, 0xFE2D, 0xFE2D, 0xFE2D, 0xFE2D,
  0xFE2D, 0xFE2D, 0xFE2D, 0xFE2D, 0xFE2D, 0xFE2D, 0xFE2D, 0xFE2D,
  0xF75B, 0xF77B, 0xF77B, 0xF75A, 0xF75B, 0xA619, 0x3437, 0x24D8,
  0x3EDE, 0x3F5E, 0x377F, 0x377F, 0x377E, 0x3F7E, 0x5F1B, 0xBE93,
  0xE650, 0x7CD2, 0x45DA, 0x375E, 0x377F, 0x377E, 0x375F, 0x46FD,
  0x4D77, 0x4D37, 0x3437, 0x2458, 0x365D, 0x3F7F, 0x375E, 0x375F,
  0x375F, 0x3F3E, 0x4D36, 0x5A0A, 0x6A09, 0x5A8D, 0x33F6, 0x359A,
  0x3F5F, 0x377F, 0x377F, 0x377F, 0x3F5E, 0x361C, 0x2478, 0x3E7D,
  0x3F5F, 0x3F5F, 0x377E, 0x3F5E, 0x3F3E, 0x7574, 0x9BAB, 0x83AF,
  0x3BF6, 0x1C37, 0x36BD, 0x375F, 0x377F, 0x377F, 0x375E, 0x4EDC,
  0x6473, 0x3BF5, 0x2C18, 0x2458, 0x3EDD, 0x3F7E, 0x3F5F, 0x3F5E,
  0x3EBB, 0x4EFC, 0x84D1, 0xA38A, 0xAB8A, 0xAB8A, 0xA38B, 0x9BAB,
  0xA38B, 0xAB6A, 0xAB8A, 0xAB8A, 0xAB8A, 0xAB8A, 0xAB8A, 0xAB8A,
  0xAB8A, 0xAB8A, 0xAB8A, 0xAB8A, 0xAB8A, 0xAB8A, 0xAB8A, 0xAB8A,
  0xAB8A, 0xAB8A, 0xAB8A, 0xAB8A, 0xAB8A, 0xAB8A, 0xAB8A, 0xAB8A,
  0xAB8A, 0xAB8A, 0xAB8A, 0xAB8A, 0xAB8A, 0xAB8A, 0xAB8A, 0xAB8A,
  0xAB8A, 0xAB8A, 0xAB8A, 0xAB8A, 0xAB8A, 0xAB8A, 0xAB8A, 0xAB8A,
  0xAB8A, 0xAB8A, 0xAB8A, 0xAB8A, 0xAB8A, 0xAB8A, 0xAB8A, 0xAB8A,
  0xAB8A, 0xAB8A, 0xAB8A, 0xAB8A, 0xAB8A, 0xAB8A, 0xAB8A, 0xAB8A,
  0xAB8A, 0xAB8A, 0xAB6A, 0xAB8A, 0xAB6B, 0xAB6A, 0xAB6A, 0xAB6A,
  0xAB8A, 0xAB8A, 0xAB8A, 0xAB8A, 0xAB8A, 0xAB8A, 0xAB8A, 0xAB8A,
  0xAB8A, 0xAB8A, 0xAB8A, 0xAB8A, 0xAB8A, 0xAB8A, 0xAB8A, 0xAB8A,
  0xAB8A, 0xAB8A, 0xAB8A, 0xAB6A, 0xAB6A, 0xAB6A, 0xAB6A, 0xAB8A,
  0xAB8A, 0xB38A, 0xD44C, 0xBBCC, 0x61A8, 0x4928, 0x4907, 0xAAF0,
  0xEC76, 0xF496, 0xEC96, 0xF496, 0xF476, 0xEC76, 0xEC95, 0xF552,
  0xFDEF, 0xFE2D, 0xFE2D, 0xFE2D, 0xFE2D, 0xFE2D, 0xFE2D, 0xFE2D,
  0xEDCE, 0x82A9, 0x4107, 0x4127, 0x4127, 0x4127, 0x5186, 0xD52E,
  0xFE2D, 0xFE2D, 0xFE2D, 0xFE2D, 0xFE2D, 0xFE2D, 0xFE2D, 0xFE2D,
  0xFE2D, 0xFE2D, 0xFE2D, 0xFE2D, 0xFE2D, 0xFE2D, 0xFE2D, 0xFE2D,
  0xFE2D, 0xF60E, 0xA3CA, 0x5167, 0x4127, 0x4106, 0x4925, 0xABEA,
  0xFE0E, 0xFE2D, 0xFE2D, 0xFE2D, 0xFE2D, 0xFE2D, 0xFE2D, 0xFE2D,
  0xFE2D, 0xFE2D, 0xFE2D, 0xFE2D, 0xFE2D, 0xFE2D, 0xFE2D, 0xFE2D,
  0xF77B, 0xF77B, 0xF75B, 0xF75A, 0xF77B, 0xC69B, 0x4C76, 0x2C37,
  0x2D9B, 0x3F5E, 0x3F7F, 0x3F5F, 0x375F, 0x377F, 0x3F5E, 0x7F19,
  0xBE74, 0x5453, 0x463C, 0x375E, 0x375F, 0x3F5F, 0x3F5F, 0x467B,
  0x4D57, 0x5537, 0x3C78, 0x2437, 0x35BB, 0x3F5F, 0x3F5F, 0x373E,
  0x375E, 0x3F5E, 0x4DF9, 0x628C, 0x6A09, 0x5A4C, 0x3BD5, 0x2D19,
  0x3F3E, 0x377F, 0x375F, 0x377F, 0x375E, 0x3EDE, 0x2478, 0x359B,
  0x3F5F, 0x377F, 0x377F, 0x377F, 0x373E, 0x6659, 0x8BEE, 0x6BB1,
  0x33F6, 0x24F8, 0x3F1F, 0x375F, 0x377F, 0x377F, 0x375F, 0x569A,
  0x7C50, 0x4BF4, 0x33F8, 0x2C38, 0x361C, 0x3F7E, 0x375E, 0x3F3E,
  0x469A, 0x5E79, 0x846F, 0xA38A, 0xAB6A, 0xAB6A, 0xAB8A, 0xAB8A,
  0xAB6A, 0xAB6A, 0xAB8A, 0xAB8A, 0xAB8A, 0xAB8A, 0xAB8A, 0xAB8A,
  0xAB8A, 0xAB8A, 0xAB8A, 0xAB8A, 0xAB8A, 0xAB8A, 0xAB8A, 0xAB8A,
  0xAB8A, 0xAB8A, 0xAB8A, 0xAB8A, 0xAB8A, 0xAB8A, 0xAB8A, 0xAB8A,
  0xAB8A, 0xAB8A, 0xAB8A, 0xAB8A, 0xAB8A, 0xAB8A, 0xAB8A, 0xAB8A,
  0xAB8A, 0xAB8A, 0xAB8A, 0xAB8A, 0xAB8A, 0xAB8A, 0xAB8A, 0xAB8A,
  0xAB8A, 0xAB8A, 0xAB8A, 0xAB8A, 0xAB8A, 0xAB8A, 0xAB8A, 0xAB8A,
  0xAB8A, 0xAB8A, 0xAB8A, 0xAB8A, 0xAB8A, 0xAB8A, 0xAB8A, 0xAB8A,
  0xAB8A, 0xAB8A, 0xAB8A, 0xAB8A, 0xAB8A, 0xAB8A, 0xAB8A, 0xAB8A,
  0xAB8A, 0xAB8A, 0xAB8A, 0xAB8A, 0xAB8A, 0xAB8A, 0xAB8A, 0xAB8A,
  0xAB8A, 0xAB8A, 0xAB8A, 0xAB8A, 0xAB8A, 0xAB8A, 0xAB8A, 0xAB8A,
  0xAB8A, 0xAB8A, 0xAB8A, 0xAB6A, 0xAB6A, 0xAB6A, 0xAB6A, 0xAB6A,
  0xAB6A, 0xAB6A, 0xB36A, 0xD42C, 0xB38C, 0x5147, 0x4107, 0x5928,
  0xCBF3, 0xEC76, 0xF496, 0xF476, 0xF496, 0xF4B6, 0xEC76, 0xECB4,
  0xFD91, 0xFE0E, 0xFE2D, 0xFE2D, 0xFE2D, 0xFE2D, 0xFE2D, 0xFE2D,
  0xE58E, 0x6A07, 0x4107, 0x4127, 0x4127, 0x4127, 0x4926, 0xC4CD,
  0xFE0D, 0xFE2D, 0xFE2D, 0xFE2D, 0xFE2D, 0xFE2D, 0xFE2D, 0xFE2D,
  0xFE2D, 0xFE2D, 0xFE2D, 0xFE2D, 0xFE2D, 0xFE2D, 0xFE0D, 0xFE0D,
  0xFE2D, 0xF5EE, 0x6A26, 0x4927, 0x4107, 0x4127, 0x4906, 0x9B89,
  0xFE0E, 0xFE0E, 0xFE2D, 0xFE2D, 0xFE2D, 0xFE2D, 0xFE2D, 0xFE2D,
  0xFE2D, 0xFE2D, 0xFE2D, 0xFE2D, 0xFE2D, 0xFE2D, 0xFE2D, 0xFE2D,
  0xF75B, 0xF77B, 0xF77B, 0xF77B, 0xF77B, 0xE75C, 0x8DB9, 0x3C36,
  0x2478, 0x3E9E, 0x3F5F, 0x375F, 0x377F, 0x377F, 0x375E, 0x4F3C,
  0x7E99, 0x3496, 0x3E9D, 0x373E, 0x3F5F, 0x3F5F, 0x3F5F, 0x463A,
  0x5557, 0x5537, 0x44D8, 0x2C37, 0x2D19, 0x371E, 0x3F5E, 0x3F5F,
  0x375E, 0x3F5E, 0x4E9B, 0x5AED, 0x6A09, 0x624B, 0x43B4, 0x2CB9,
  0x3EFE, 0x377F, 0x375F, 0x377F, 0x375F, 0x3F3E, 0x2D3A, 0x2497,
  0x473F, 0x3F7F, 0x375F, 0x377F, 0x375E, 0x4E7A, 0x7472, 0x4BF3,
  0x2C57, 0x365D, 0x3F5F, 0x375F, 0x375E, 0x375F, 0x375F, 0x65F7,
  0x8BED, 0x63D1, 0x33F7, 0x2C17, 0x3D59, 0x4F1E, 0x3F5E, 0x473D,
  0x669A, 0x7CF2, 0x9BAB, 0xAB8A, 0xAB6A, 0xAB6A, 0xAB6A, 0xAB8A,
  0xAB6A, 0xAB6A, 0xAB6A, 0xAB6A, 0xAB6A, 0xAB8A, 0xAB8A, 0xAB8A,
  0xAB8A, 0xAB8A, 0xAB8A, 0xAB8A, 0xAB8A, 0xAB8A, 0xAB8A, 0xAB8A,
  0xAB8A, 0xAB8A, 0xAB8A, 0xAB8A, 0xAB8A, 0xAB8A, 0xAB8A, 0xAB8A,
  0xAB8A, 0xAB8A, 0xAB8A, 0xAB8A, 0xAB8A, 0xAB8A, 0xAB8A, 0xAB8A,
  0xAB8A, 0xAB8A, 0xAB8A, 0xAB8A, 0xAB8A, 0xAB8A, 0xAB8A, 0xAB8A,
  0xAB8A, 0xAB8A, 0xAB8A, 0xAB8A, 0xAB8A, 0xAB8A, 0xAB8A, 0xAB8A,
  0xAB8A, 0xAB8A, 0xAB8A, 0xAB8A, 0xAB8A, 0xAB8A, 0xAB8A, 0xAB8A,
  0xAB8A, 0xAB8A, 0xAB8A, 0xAB8A, 0xAB8A, 0xAB8A, 0xAB8A, 0xAB8A,
  0xAB8A, 0xAB8A, 0xAB8A, 0xAB8A, 0xAB8A, 0xAB8A, 0xAB8A, 0xAB8A,
  0xAB8A, 0xAB8A, 0xAB8A, 0xAB8A, 0xAB8A, 0xAB8A, 0xAB8A, 0xAB8A,
  0xAB8A, 0xAB8A, 0xAB8A, 0xAB6A, 0xA34A, 0xA329, 0xAB6A, 0xAB6A,
  0xAB6A, 0xAB6A, 0xA36A, 0xBBAA, 0xDC8D, 0x8AAA, 0x4907, 0x4107,
  0x7A2C, 0xE496, 0xF476, 0xF476, 0xF4B6, 0xF4B6, 0xF496, 0xF496,
  0xECD3, 0xFDCF, 0xFE0D, 0xFE2D, 0xFE0D, 0xFE0D, 0xFE2D, 0xFE2D,
  0xDD6E, 0x59C7, 0x4127, 0x4127, 0x4127, 0x4107, 0x4926, 0xB44B,
  0xFE0D, 0xFE2D, 0xFE2D, 0xFE2D, 0xFE2D, 0xFE2D, 0xFE2D, 0xFE2D,
  0xFE2D, 0xFE2D, 0xFE2D, 0xFE2D, 0xFE2D, 0xFE2D, 0xFE0D, 0xFE0D,
  0xFE0E, 0xDD6E, 0x61E7, 0x4107, 0x4107, 0x4127, 0x4926, 0x9B8A,
  0xFE0E, 0xFE2E, 0xFE2D, 0xFE2D, 0xFE2D, 0xFE2D, 0xFE2D, 0xFE2D,
  0xFE2D, 0xFE2D, 0xFE2D, 0xFE2D, 0xFE2D, 0xFE2D, 0xFE2D, 0xFE2D,
  0xF75B, 0xF75B, 0xF77B, 0xF77B, 0xF77B, 0xF77B, 0xEF7D, 0x8558,
  0x3437, 0x24F9, 0x3EFE, 0x377F, 0x377F, 0x377F, 0x377F, 0x375E,
  0x4F1E, 0x2DBA, 0x36DD, 0x373E, 0x377F, 0x377F, 0x3F3E, 0x45B9,
  0x5537, 0x5537, 0x4D18, 0x2C37, 0x2498, 0x3EBE, 0x373E, 0x3F5E,
  0x373E, 0x375E, 0x46DC, 0x5390, 0x6A09, 0x624B, 0x4394, 0x2478,
  0x3EBE, 0x375F, 0x377F, 0x3F5F, 0x3F5F, 0x3F5E, 0x35DB, 0x2457,
  0x3EBD, 0x375F, 0x375F, 0x375F, 0x375E, 0x3EFD, 0x3D16, 0x2435,
  0x2D9A, 0x3F5F, 0x375F, 0x375E, 0x375E, 0x375F, 0x3F3E, 0x7554,
  0x9BAB, 0x8BAE, 0x53D3, 0x4BD3, 0x6C11, 0x7575, 0x6E78, 0x6D74,
  0x842F, 0x9BAB, 0xAB89, 0xAB8A, 0xAB8A, 0xAB6A, 0xAB6A, 0xAB6A,
  0xAB6A, 0xAB6A, 0xAB6A, 0xAB8A, 0xAB8A, 0xAB8A, 0xAB8A, 0xAB8A,
  0xAB8A, 0xAB8A, 0xAB8A, 0xAB8A, 0xAB8A, 0xAB8A, 0xAB8A, 0xAB8A,
  0xAB8A, 0xAB8A, 0xAB8A, 0xAB8A, 0xAB8A, 0xAB8A, 0xAB8A, 0xAB8A,
  0xAB8A, 0xAB8A, 0xAB8A, 0xAB8A, 0xAB8A, 0xAB8A, 0xAB8A, 0xAB8A,
  0xAB8A, 0xAB8A, 0xAB8A, 0xAB8A, 0xAB8A, 0xAB8A, 0xAB8A, 0xAB8A,
  0xAB8A, 0xAB8A, 0xAB8A, 0xAB8A, 0xAB8A, 0xAB8A, 0xAB8A, 0xAB8A,
  0xAB8A, 0xAB8A, 0xAB8A, 0xAB8A, 0xAB8A, 0xAB8A, 0xAB8A, 0xAB6A,
  0xAB6A, 0xAB6A, 0xAB6A, 0xAB6A, 0xAB6A, 0xAB6A, 0xAB8A, 0xAB8A,
  0xAB8A, 0xAB8A, 0xAB8A, 0xAB8A, 0xAB8A, 0xAB8A, 0xAB8A, 0xAB8A,
  0xAB8A, 0xAB8A, 0xAB8A, 0xAB8A, 0xAB8A, 0xAB8A, 0xAB8A, 0xAB8A,
  0xAB8A, 0xAB8A, 0xAB8A, 0xAB6A, 0xAB8B, 0xA34A, 0xA34A, 0xAB8A,
  0xAB6A, 0xAB6A, 0xA36A, 0xAB6A, 0xC3EB, 0xCC4D, 0x69C8, 0x4127,
  0x4907, 0xBB92, 0xEC96, 0xF475, 0xEC76, 0xEC96, 0xF496, 0xF496,
  0xEC95, 0xF552, 0xFDEE, 0xFE0D, 0xFE0D, 0xFE0D, 0xFE0D, 0xFE2D,
  0xD52E, 0x5187, 0x4127, 0x4127, 0x4128, 0x4107, 0x4946, 0xB44B,
  0xFE0D, 0xFE2D, 0xFE2D, 0xFE2D, 0xFE2D, 0xFE2D, 0xFE2D, 0xFE2D,
  0xFE2D, 0xFE2D, 0xFE2D, 0xFE2D, 0xFE2D, 0xFE2D, 0xFE2D, 0xFE2D,
  0xF60D, 0xC4AC, 0x4126, 0x4127, 0x4107, 0x4127, 0x4927, 0x8AE8,
  0xF60E, 0xFE0D, 0xFE2D, 0xFE2D, 0xFE2D, 0xFE2D, 0xFE2D, 0xFE2D,
  0xFE2D, 0xFE2D, 0xFE2D, 0xFE2D, 0xFE2D, 0xFE2D, 0xFE2D, 0xFE2D,
  0xF75A, 0xF75B, 0xF77B, 0xF77B, 0xF77B, 0xF77B, 0xF77B, 0xE77D,
  0x6CF7, 0x2C37, 0x2D5A, 0x3F1E, 0x377F, 0x3F7F, 0x375F, 0x375F,
  0x3F5F, 0x3F3E, 0x375F, 0x375F, 0x377F, 0x377F, 0x3EFE, 0x4D98,
  0x5517, 0x5537, 0x5538, 0x3457, 0x2437, 0x3E5D, 0x3F5E, 0x3F5E,
  0x375E, 0x375E, 0x3F3D, 0x4C52, 0x624A, 0x622A, 0x4393, 0x2C78,
  0x3EDE, 0x375F, 0x377F, 0x375F, 0x377F, 0x377F, 0x45FA, 0x3436,
  0x2D9B, 0x3F3F, 0x375F, 0x3F5F, 0x375E, 0x3F3E, 0x46FD, 0x36BD,
  0x3F3F, 0x375F, 0x377F, 0x3F5E, 0x375E, 0x3F5F, 0x56FB, 0x8C90,
  0xA36A, 0xA36B, 0x8B8D, 0x8BAE, 0xA38C, 0x9B8B, 0x93CC, 0x9BAB,
  0xAB8A, 0xAB8A, 0xAB8A, 0xAB6A, 0xAB8A, 0xAB6A, 0xAB6A, 0xAB8A,
  0xAB6A, 0xAB6A, 0xAB6A, 0xAB8A, 0xAB8A, 0xAB8A, 0xAB8A, 0xAB8A,
  0xAB8A, 0xAB8A, 0xAB8A, 0xAB8A, 0xAB8A, 0xAB8A, 0xAB8A, 0xAB8A,
  0xAB8A, 0xAB8A, 0xAB8A, 0xAB8A, 0xAB8A, 0xAB8A, 0xAB8A, 0xAB8A,
  0xAB8A, 0xAB8A, 0xAB8A, 0xAB8A, 0xAB8A, 0xAB8A, 0xAB8A, 0xAB8A,
  0xAB8A, 0xAB8A, 0xAB8A, 0xAB8A, 0xAB8A, 0xAB8A, 0xAB8A, 0xAB8A,
  0xAB8A, 0xAB8A, 0xAB8A, 0xAB8A, 0xAB8A, 0xAB8A, 0xAB8A, 0xAB8A,
  0xAB8A, 0xAB8A, 0xAB8A, 0xAB8A, 0xAB8A, 0xAB8A, 0xAB8A, 0xAB6A,
  0xAB6A, 0xAB6A, 0xAB6A, 0xAB6A, 0xAB6A, 0xAB6A, 0xAB8A, 0xAB8A,
  0xAB8A, 0xAB8A, 0xAB8A, 0xAB8A, 0xAB8A, 0xAB8A, 0xAB8A, 0xAB8A,
  0xAB8A, 0xAB8A, 0xAB8A, 0xAB8A, 0xAB8A, 0xAB8A, 0xAB8A, 0xAB8A,
  0xAB8A, 0xAB8A, 0xAB8A, 0xAB8A, 0xAB6B, 0xAB6A, 0xA329, 0xAB6A,
  0xAB8A, 0xAB6A, 0xAB8A, 0x9B29, 0xAB29, 0xCC2C, 0xAB6B, 0x5988,
  0x4107, 0x6169, 0xD414, 0xEC95, 0xF495, 0xEC95, 0xEC95, 0xEC95,
  0xEC94, 0xECD2, 0xF5AF, 0xFE0D, 0xFE2D, 0xFE0D, 0xFE0D, 0xFE2D,
  0xCCCD, 0x4967, 0x3906, 0x4127, 0x4128, 0x4107, 0x5186, 0xCCED,
  0xFE0D, 0xFE2D, 0xFE2D, 0xFE2D, 0xFE2D, 0xFE2D, 0xFE2D, 0xFE2D,
  0xFE2D, 0xFE2D, 0xFE2D, 0xFE2D, 0xFE2D, 0xFE2D, 0xFE2D, 0xFE0D,
  0xF60E, 0x9B8A, 0x4127, 0x3907, 0x4107, 0x4127, 0x4127, 0x82C8,
  0xFE0E, 0xFE0D, 0xFE2D, 0xFE2D, 0xFE2D, 0xFE2D, 0xFE2D, 0xFE2D,
  0xFE2D, 0xFE2D, 0xFE2D, 0xFE2D, 0xFE2D, 0xFE2D, 0xFE2D, 0xFE2D,
  0xF75A, 0xF75B, 0xF77B, 0xF77B, 0xF77B, 0xF77B, 0xF77B, 0xF77B,
  0xC6BC, 0x4C57, 0x2C57, 0x35DB, 0x3F3E, 0x375E, 0x375F, 0x375F,
  0x377E, 0x377F, 0x377F, 0x375F, 0x377F, 0x375F, 0x46BC, 0x4D58,
  0x5537, 0x5537, 0x5537, 0x3C97, 0x2C38, 0x2D5A, 0x3F3E, 0x375E,
  0x377F, 0x375E, 0x3F5E, 0x4DF9, 0x528C, 0x622A, 0x4B72, 0x2CB9,
  0x3EFE, 0x375F, 0x375F, 0x377F, 0x377F, 0x375F, 0x55F9, 0x4BF4,
  0x2C78, 0x3E9D, 0x3F5E, 0x373E, 0x375E, 0x3F5F, 0x375F, 0x375F,
  0x375F, 0x377F, 0x375E, 0x3F5F, 0x377E, 0x4F3D, 0x7573, 0x9BAB,
  0xAB6A, 0xAB8A, 0xAB8A, 0xAB8B, 0xAB6A, 0xAB8A, 0xAB8A, 0xAB8A,
  0xAB6A, 0xAB6A, 0xAB6A, 0xAB6A, 0xAB8A, 0xAB6A, 0xAB8A, 0xAB8A,
  0xAB8A, 0xAB8A, 0xAB8A, 0xAB8A, 0xAB8A, 0xAB8A, 0xAB8A, 0xAB8A,
  0xAB8A, 0xAB8A, 0xAB8A, 0xAB8A, 0xAB8A, 0xAB8A, 0xAB8A, 0xAB8A,
  0xAB8A, 0xAB8A, 0xAB8A, 0xAB8A, 0xAB8A, 0xAB8A, 0xAB8A, 0xAB8A,
  0xAB8A, 0xAB8A, 0xAB8A, 0xAB8A, 0xAB8A, 0xAB8A, 0xAB8A, 0xAB8A,
  0xAB8A, 0xAB8A, 0xAB8A, 0xAB8A, 0xAB8A, 0xAB8A, 0xAB8A, 0xAB8A,
  0xAB8A, 0xAB8A, 0xAB8A, 0xAB8A, 0xAB8A, 0xAB8A, 0xAB8A, 0xAB8A,
  0xAB8A, 0xAB8A, 0xAB8A, 0xAB8A, 0xAB8A, 0xAB8A, 0xAB8A, 0xAB8A,
  0xAB8A, 0xAB8A, 0xAB8A, 0xAB8A, 0xAB8A, 0xAB8A, 0xAB8A, 0xAB8A,
  0xAB8A, 0xAB8A, 0xAB8A, 0xAB6A, 0xAB8A, 0xAB8A, 0xB3AA, 0xB38A,
  0xAB6A, 0xAB6A, 0xAB6A, 0xAB6A, 0xAB6A, 0xAB8A, 0xAB8A, 0xAB8A,
  0xAB6A, 0xAB8A, 0xAB8A, 0xAB8A, 0xAB6A, 0xAB8A, 0xAB6A, 0xA329,
  0xAB6A, 0xAB6A, 0xAB8A, 0xA36A, 0x9AE9, 0xB38A, 0xD46D, 0x8A89,
  0x4927, 0x40E7, 0x8A8D, 0xECF3, 0xF512, 0xF532, 0xF552, 0xF551,
  0xF551, 0xF571, 0xFDCE, 0xFE0D, 0xFE2D, 0xFE0D, 0xFE0D, 0xFE0E,
  0xB44D, 0x4147, 0x4127, 0x4127, 0x4127, 0x4127, 0x61E7, 0xDD4D,
  0xFE2D, 0xFE2D, 0xFE2D, 0xFE2D, 0xFE2D, 0xFE2D, 0xFE2D, 0xFE2D,
  0xFE2D, 0xFE2D, 0xFE2D, 0xFE2D, 0xFE2D, 0xFE2D, 0xFE2D, 0xFE2D,
  0xEDEE, 0x8B09, 0x4127, 0x4107, 0x4127, 0x4127, 0x4127, 0x82E8,
  0xF60E, 0xFE0D, 0xFE2D, 0xFE2D, 0xFE2D, 0xFE2D, 0xFE2D, 0xFE2D,
  0xFE2D, 0xFE2D, 0xFE2D, 0xFE2D, 0xFE2D, 0xFE2D, 0xFE2D, 0xFE2D,
  0xF75B, 0xF75B, 0xF77B, 0xFF7B, 0xFF7B, 0xF77B, 0xF77B, 0xF79B,
  0xEF7C, 0xAE5B, 0x4456, 0x2478, 0x361C, 0x3F5E, 0x377F, 0x3F5F,
  0x377F, 0x377F, 0x375F, 0x377F, 0x3F5F, 0x3F5E, 0x465B, 0x5537,
  0x5537, 0x5537, 0x5537, 0x44B7, 0x2C18, 0x24B8, 0x36FE, 0x375F,
  0x377F, 0x375F, 0x375E, 0x471D, 0x5473, 0x526C, 0x4B72, 0x2D19,
  0x3F1F, 0x377F, 0x375F, 0x377F, 0x375F, 0x3F5E, 0x6DD7, 0x73D0,
  0x3BF5, 0x2D19, 0x473F, 0x375E, 0x375E, 0x377F, 0x377F, 0x377F,
  0x377F, 0x375E, 0x375F, 0x3F5E, 0x473D, 0x65F7, 0x940D, 0xA36A,
  0xAB8A, 0xAB8A, 0xAB8A, 0xAB8A, 0xAB8A, 0xAB8A, 0xAB8A, 0xAB8A,
  0xAB6A, 0xAB6A, 0xAB6A, 0xAB8A, 0xAB8A, 0xAB8A, 0xAB8A, 0xAB8A,
  0xAB8A, 0xAB8A, 0xAB8A, 0xAB8A, 0xAB8A, 0xAB8A, 0xAB8A, 0xAB8A,
  0xAB8A, 0xAB8A, 0xAB8A, 0xAB8A, 0xAB8A, 0xAB8A, 0xAB8A, 0xAB8A,
  0xAB8A, 0xAB8A, 0xAB8A, 0xAB8A, 0xAB8A, 0xAB8A, 0xAB8A, 0xAB8A,
  0xAB8A, 0xAB8A, 0xAB8A, 0xAB8A, 0xAB8A, 0xAB8A, 0xAB8A, 0xAB8A,
  0xAB8A, 0xAB8A, 0xAB8A, 0xAB8A, 0xAB8A, 0xAB8A, 0xAB8A, 0xAB8A,
  0xAB8A, 0xAB8A, 0xAB8A, 0xAB8A, 0xAB8A, 0xAB8A, 0xAB8A, 0xAB8A,
  0xAB8A, 0xAB8A, 0xAB8A, 0xAB8A, 0xAB8A, 0xAB8A, 0xAB8A, 0xAB8A,
  0xAB8A, 0xAB8A, 0xAB8A, 0xAB8A, 0xAB8A, 0xAB8A, 0xAB8A, 0xAB8A,
  0xAB8A, 0xAB8A, 0xAB8A, 0xAB6A, 0xAB8A, 0xAB6A, 0xC3EB, 0xCC2C,
  0xC3CB, 0xAB6A, 0xAB6A, 0xAB6A, 0xAB6A, 0xAB8A, 0xAB8A, 0xAB8A,
  0xAB6A, 0xAB8A, 0xAB8A, 0xAB6A, 0xAB8A, 0xAB8A, 0xAB6A, 0xA34A,
  0xA329, 0xAB6B, 0xAB8A, 0xAB6A, 0xA34A, 0x92C8, 0xC3EB, 0xCC2D,
  0x69A8, 0x4107, 0x5167, 0xC48F, 0xFDEF, 0xFDEF, 0xFE0E, 0xFE0E,
  0xFE0E, 0xFE0E, 0xFE0E, 0xFE2D, 0xFE2D, 0xFE0D, 0xFE2D, 0xF60E,
  0x9BAB, 0x4126, 0x4107, 0x4127, 0x4107, 0x4127, 0x61E7, 0xEDCE,
  0xFE2E, 0xFE2D, 0xFE2D, 0xFE2D, 0xFE2D, 0xFE2D, 0xFE2D, 0xFE2D,
  0xFE2D, 0xFE2D, 0xFE2D, 0xFE2D, 0xFE2D, 0xFE2D, 0xFE2D, 0xFE2D,
  0xE5AD, 0x7AA9, 0x4107, 0x4107, 0x4107, 0x4127, 0x4126, 0x8B29,
  0xF60E, 0xFE0D, 0xFE2D, 0xFE2D, 0xFE2D, 0xFE2D, 0xFE2D, 0xFE2D,
  0xFE2D, 0xFE2D, 0xFE2D, 0xFE2D, 0xFE2D, 0xFE2D, 0xFE2D, 0xFE2D,
  0xF75B, 0xF77B, 0xF77B, 0xFF7B, 0xFF7B, 0xF77B, 0xF77B, 0xF77B,
  0xF77B, 0xEF7C, 0x95DA, 0x3417, 0x2498, 0x3E9D, 0x375F, 0x375F,
  0x375F, 0x377F, 0x3F5F, 0x375F, 0x3F5F, 0x3F5F, 0x45FA, 0x5537,
  0x5537, 0x5536, 0x5557, 0x4CB7, 0x3417, 0x2C58, 0x367D, 0x375F,
  0x3F5F, 0x375E, 0x377F, 0x377F, 0x4EBC, 0x4474, 0x3C75, 0x363B,
  0x375F, 0x375F, 0x377F, 0x377F, 0x3F5F, 0x475E, 0x7D54, 0x9BAC,
  0x6BD1, 0x3C16, 0x2D7A, 0x3F3E, 0x377F, 0x375F, 0x375F, 0x377F,
  0x377F, 0x377F, 0x3F5F, 0x3E7B, 0x6E17, 0x8C4E, 0xA38B, 0xAB6A,
  0xAB8A, 0xAB8A, 0xAB8A, 0xAB8A, 0xAB8A, 0xAB8A, 0xAB8A, 0xAB8A,
  0xAB8A, 0xAB8A, 0xAB8A, 0xAB8A, 0xAB8A, 0xAB8A, 0xAB8A, 0xAB8A,
  0xAB8A, 0xAB8A, 0xAB8A, 0xAB8A, 0xAB8A, 0xAB8A, 0xAB8A, 0xAB8A,
  0xAB8A, 0xAB8A, 0xAB8A, 0xAB8A, 0xAB8A, 0xAB8A, 0xAB8A, 0xAB8A,
  0xAB8A, 0xAB8A, 0xAB8A, 0xAB8A, 0xAB8A, 0xAB8A, 0xAB8A, 0xAB8A,
  0xAB8A, 0xAB8A, 0xAB8A, 0xAB8A, 0xAB8A, 0xAB8A, 0xAB8A, 0xAB8A,
  0xAB8A, 0xAB8A, 0xAB8A, 0xAB8A, 0xAB8A, 0xAB8A, 0xAB8A, 0xAB8A,
  0xAB8A, 0xAB8A, 0xAB8A, 0xAB8A, 0xAB8A, 0xAB8A, 0xAB8A, 0xAB8A,
  0xAB8A, 0xAB8A, 0xAB8A, 0xAB8A, 0xAB8A, 0xAB8A, 0xAB8A, 0xAB8A,
  0xAB8A, 0xAB8A, 0xAB8A, 0xAB8A, 0xAB8A, 0xAB8A, 0xAB8A, 0xAB8A,
  0xAB8A, 0xAB8A, 0xAB8A, 0xAB8A, 0xAB8A, 0xAB6A, 0xB369, 0xC3AA,
  0xDC6D, 0xC3EA, 0xB36A, 0xAB6B, 0xAB6B, 0xAB8A, 0xAB8A, 0xAB8A,
  0xAB6A, 0xAB6A, 0xAB8A, 0xAB6A, 0xAB8A, 0xAB8A, 0xAB6A, 0xAB6A,
  0x9B09, 0xA34A, 0xA36A, 0xAB8A, 0xAB6A, 0x9B09, 0xAB29, 0xDC6D,
  0x9AEA, 0x5147, 0x4126, 0x7AC9, 0xF60F, 0xFE0D, 0xFE2D, 0xFE2D,
  0xFE2D, 0xFE2D, 0xFE0D, 0xFE2D, 0xFE2D, 0xFE2D, 0xFE2D, 0xFE2E,
  0x82C8, 0x4127, 0x4107, 0x4127, 0x4127, 0x4127, 0x6A27, 0xF60F,
  0xFE0D, 0xFE2D, 0xFE2D, 0xFE2D, 0xFE2D, 0xFE2D, 0xFE2D, 0xFE2D,
  0xFE2D, 0xFE2D, 0xFE2D, 0xFE2D, 0xFE2D, 0xFE2D, 0xFE2D, 0xFE2D,
  0xD54D, 0x59C6, 0x4107, 0x4107, 0x4127, 0x4127, 0x4126, 0x936A,
  0xF60E, 0xFE2D, 0xFE2D, 0xFE2D, 0xFE2D, 0xFE2D, 0xFE2D, 0xFE2D,
  0xFE2D, 0xFE2D, 0xFE2D, 0xFE2D, 0xFE2D, 0xFE2D, 0xFE2D, 0xFE2D,
  0xF77B, 0xF77B, 0xFF7B, 0xFF7B, 0xFF7B, 0xF77B, 0xF77B, 0xFF7B,
  0xFF7B, 0xFF9B, 0xDF5D, 0x64D7, 0x2C16, 0x24FA, 0x471F, 0x3F5E,
  0x375E, 0x377F, 0x3F5F, 0x375F, 0x375F, 0x475E, 0x4598, 0x5537,
  0x5537, 0x5537, 0x5537, 0x4392, 0x3353, 0x2C17, 0x35BC, 0x373E,
  0x375E, 0x375F, 0x375F, 0x373E, 0x371D, 0x473E, 0x471E, 0x3F5E,
  0x375F, 0x375F, 0x377F, 0x377F, 0x377F, 0x573D, 0x846F, 0xA38A,
  0x9BAC, 0x6BB0, 0x43F4, 0x3D59, 0x3EFE, 0x3F3F, 0x3F5F, 0x3F5F,
  0x471E, 0x4EFC, 0x6659, 0x7D34, 0x8BCD, 0xA38A, 0xAB6A, 0xAB8A,
  0xAB6A, 0xAB6A, 0xAB6A, 0xAB6A, 0xAB8A, 0xAB8A, 0xAB8A, 0xAB8A,
  0xAB8A, 0xAB8A, 0xAB8A, 0xAB8A, 0xAB8A, 0xAB8A, 0xAB8A, 0xAB8A,
  0xAB8A, 0xAB8A, 0xAB8A, 0xAB8A, 0xAB8A, 0xAB8A, 0xAB8A, 0xAB8A,
  0xAB8A, 0xAB8A, 0xAB8A, 0xAB8A, 0xAB8A, 0xAB8A, 0xAB8A, 0xAB8A,
  0xAB8A, 0xAB8A, 0xAB8A, 0xAB8A, 0xAB8A, 0xAB8A, 0xAB8A, 0xAB8A,
  0xAB8A, 0xAB8A, 0xAB8A, 0xAB8A, 0xAB8A, 0xAB8A, 0xAB8A, 0xAB8A,
  0xAB8A, 0xAB8A, 0xAB8A, 0xAB8A, 0xAB8A, 0xAB8A, 0xAB8A, 0xAB8A,
  0xAB8A, 0xAB8A, 0xAB8A, 0xAB8A, 0xAB8A, 0xAB8A, 0xAB8A, 0xAB8A,
  0xAB8A, 0xAB8A, 0xAB8A, 0xAB8A, 0xAB8A, 0xAB8A, 0xAB8A, 0xAB8A,
  0xAB8A, 0xAB8A, 0xAB8A, 0xAB8A, 0xAB8A, 0xAB8A, 0xAB8A, 0xAB8A,
  0xAB8A, 0xAB8A, 0xAB8A, 0xAB8A, 0xAB8A, 0xAB6A, 0xB349, 0xB349,
  0xCBEB, 0xE48D, 0xCC0B, 0xB36A, 0xB38A, 0xAB8A, 0xAB6A, 0xAB8A,
  0xB38A, 0xB36A, 0xAB6A, 0xAB6A, 0xAB8A, 0xAB8A, 0xAB8A, 0xAB6A,
  0xAB6A, 0x9B09, 0xA36A, 0xAB8A, 0xAB6A, 0xA36A, 0xAB49, 0xBBAA,
  0xCC2C, 0x7207, 0x59A9, 0x40E4, 0xC4AD, 0xF60D, 0xFE2D, 0xFE2D,
  0xFE2D, 0xFE2D, 0xFE2D, 0xFE2D, 0xFE2D, 0xFE2D, 0xFE2D, 0xFE2E,
  0x7267, 0x4127, 0x4107, 0x4127, 0x4127, 0x4127, 0x82C9, 0xFE2F,
  0xFE2D, 0xFE2D, 0xFE2D, 0xFE2D, 0xFE2D, 0xFE2D, 0xFE2D, 0xFE2D,
  0xFE2D, 0xFE2D, 0xFE2D, 0xFE2D, 0xFE2D, 0xFE2D, 0xFE0D, 0xFE2D,
  0xC4AC, 0x4946, 0x4107, 0x4107, 0x4107, 0x4127, 0x4926, 0xA3AA,
  0xF60D, 0xFE2D, 0xFE2D, 0xFE2D, 0xFE2D, 0xFE2D, 0xFE2D, 0xFE2D,
  0xFE2D, 0xFE2D, 0xFE2D, 0xFE2D, 0xFE2D, 0xFE2D, 0xFE2D, 0xFE2D,
  0xF75A, 0xF75B, 0xFF7B, 0xFF7B, 0xFF7B, 0xFF7B, 0xF77B, 0xFF7B,
  0xF77B, 0xF79B, 0xF79B, 0xBEDC, 0x4C56, 0x2C18, 0x2D5A, 0x3F1D,
  0x375E, 0x377F, 0x375F, 0x375F, 0x375F, 0x473E, 0x4578, 0x5537,
  0x5537, 0x5537, 0x5CD6, 0x31EB, 0x2A0D, 0x33F6, 0x2498, 0x367C,
  0x375E, 0x375F, 0x3F7F, 0x3F7F, 0x3F5F, 0x373E, 0x375E, 0x3F5E,
  0x3F5F, 0x377F, 0x377F, 0x375F, 0x3F3E, 0x6E18, 0x93AB, 0xAB6A,
  0xAB8A, 0x9BAC, 0x8BCE, 0x63D1, 0x4CB5, 0x4DDA, 0x4DFA, 0x5DD8,
  0x6D55, 0x7C90, 0x8BED, 0xA38B, 0xAB6A, 0xAB6A, 0xAB6A, 0xAB8A,
  0xAB6A, 0xAB6A, 0xAB8A, 0xAB8A, 0xAB8A, 0xAB8A, 0xAB8A, 0xAB8A,
  0xAB8A, 0xAB8A, 0xAB8A, 0xAB8A, 0xAB8A, 0xAB8A, 0xAB8A, 0xAB8A,
  0xAB8A, 0xAB8A, 0xAB8A, 0xAB8A, 0xAB8A, 0xAB8A, 0xAB8A, 0xAB8A,
  0xAB8A, 0xAB8A, 0xAB8A, 0xAB8A, 0xAB8A, 0xAB8A, 0xAB8A, 0xAB8A,
  0xAB8A, 0xAB8A, 0xAB8A, 0xAB8A, 0xAB8A, 0xAB8A, 0xAB8A, 0xAB8A,
  0xAB8A, 0xAB8A, 0xAB8A, 0xAB8A, 0xAB8A, 0xAB8A, 0xAB8A, 0xAB8A,
  0xAB8A, 0xAB8A, 0xAB8A, 0xAB8A, 0xAB8A, 0xAB8A, 0xAB8A, 0xAB8A,
  0xAB8A, 0xAB8A, 0xAB8A, 0xAB8A, 0xAB8A, 0xAB8A, 0xAB8A, 0xAB8A,
  0xAB8A, 0xAB8A, 0xAB8A, 0xAB8A, 0xAB8A, 0xAB8A, 0xAB8A, 0xAB8A,
  0xAB8A, 0xAB8A, 0xAB8A, 0xAB8A, 0xAB8A, 0xAB8A, 0xAB8A, 0xAB8A,
  0xAB8A, 0xAB8A, 0xAB8A, 0xAB8A, 0xAB8A, 0xAB8A, 0xAB6A, 0xAB49,
  0xB349, 0xCBEB, 0xE46C, 0xD42B, 0xD42C, 0xBBCA, 0xAB6A, 0xB38A,
  0xD46C, 0xD44C, 0xB3AA, 0xAB6A, 0xAB8A, 0xAB8A, 0xAB8A, 0xAB8A,
  0xAB6A, 0x9B09, 0x9AE9, 0xAB6A, 0xAB6A, 0xAB6A, 0xAB8A, 0xAB89,
  0xCC2C, 0xC3CB, 0x5966, 0x4106, 0x7288, 0xE58E, 0xF62D, 0xFE2D,
  0xFE2D, 0xFE2D, 0xFE2D, 0xFE2D, 0xFE2D, 0xFE0D, 0xFE2D, 0xF60E,
  0x6A47, 0x4127, 0x4107, 0x4127, 0x4127, 0x4126, 0x936A, 0xFE0E,
  0xFE0D, 0xFE2D, 0xFE2D, 0xFE2D, 0xFE2D, 0xFE2D, 0xFE2D, 0xFE2D,
  0xFE2D, 0xFE2D, 0xFE2D, 0xFE2D, 0xFE2D, 0xFE2D, 0xFE2D, 0xFE2E,
  0xB44C, 0x4926, 0x4127, 0x4127, 0x4127, 0x4127, 0x5166, 0xCCED,
  0xFE2E, 0xFE2D, 0xFE2D, 0xFE2D, 0xFE2D, 0xFE2D, 0xFE2D, 0xFE2D,
  0xFE2D, 0xFE2D, 0xFE2D, 0xFE2D, 0xFE2D, 0xFE2D, 0xFE2D, 0xFE2D,
  0xF75B, 0xF75B, 0xF77B, 0xFF7B, 0xFF7B, 0xFF7B, 0xFF7B, 0xF79B,
  0xF79B, 0xFF9B, 0xF79B, 0xE75C, 0x8537, 0x4C56, 0x2416, 0x35FB,
  0x3F3E, 0x377F, 0x375F, 0x375F, 0x375F, 0x3F3E, 0x45B9, 0x5537,
  0x5537, 0x5D37, 0x5391, 0x3128, 0x3149, 0x3B32, 0x2C17, 0x2519,
  0x3EFE, 0x3F5F, 0x377F, 0x3F7F, 0x377F, 0x377F, 0x375F, 0x375E,
  0x377E, 0x377E, 0x377F, 0x375F, 0x56DB, 0x7C90, 0xA38A, 0xAB6A,
  0xAB8A, 0xAB8A, 0xAB8A, 0x9B8C, 0x83AD, 0x73EF, 0x73CE, 0x83AD,
  0x938C, 0xA38A, 0xAB8A, 0xAB6A, 0xAB6A, 0xAB6A, 0xAB8A, 0xAB8A,
  0xAB6A, 0xAB8A, 0xAB8A, 0xAB8A, 0xAB8A, 0xAB8A, 0xAB8A, 0xAB8A,
  0xAB8A, 0xAB8A, 0xAB8A, 0xAB8A, 0xAB8A, 0xAB8A, 0xAB8A, 0xAB8A,
  0xAB8A, 0xAB8A, 0xAB8A, 0xAB8A, 0xAB8A, 0xAB8A, 0xAB8A, 0xAB8A,
  0xAB8A, 0xAB8A, 0xAB8A, 0xAB8A, 0xAB8A, 0xAB8A, 0xAB8A, 0xAB8A,
  0xAB8A, 0xAB8A, 0xAB8A, 0xAB8A, 0xAB8A, 0xAB8A, 0xAB8A, 0xAB8A,
  0xAB8A, 0xAB8A, 0xAB8A, 0xAB8A, 0xAB8A, 0xAB8A, 0xAB8A, 0xAB8A,
  0xAB8A, 0xAB8A, 0xAB8A, 0xAB8A, 0xAB8A, 0xAB8A, 0xAB8A, 0xAB8A,
  0xAB8A, 0xAB8A, 0xAB8A, 0xAB8A, 0xAB8A, 0xAB8A, 0xAB8A, 0xAB8A,
  0xAB8A, 0xAB8A, 0xAB8A, 0xAB8A, 0xAB8A, 0xAB8A, 0xAB8A, 0xAB8A,
  0xAB8A, 0xAB8A, 0xAB8A, 0xAB8A, 0xAB8A, 0xAB8A, 0xAB8A, 0xAB8A,
  0xAB8A, 0xAB8A, 0xAB8A, 0xAB6A, 0xAB8A, 0xAB8A, 0xAB8A, 0xAB6A,
  0xAB49, 0xB349, 0xD3EB, 0xE48C, 0xE4AC, 0xDC6B, 0xCBEB, 0xBB89,
  0xD42C, 0xDC6C, 0xB3AA, 0xAB8A, 0xAB8A, 0xAB8A, 0xAB8A, 0xAB8A,
  0xAB8A, 0xAB6A, 0x9AE9, 0xA34A, 0xAB6A, 0xAB6A, 0xAB8A, 0xAB6A,
  0xBBAA, 0xDC6D, 0x9ACA, 0x4906, 0x4946, 0xAC2C, 0xF60D, 0xF60D,
  0xFE2D, 0xFE0D, 0xFE0D, 0xFE2D, 0xFE2D, 0xFE2D, 0xFE2D, 0xF5EE,
  0x6A27, 0x4127, 0x4127, 0x4127, 0x4127, 0x4146, 0xAC0B, 0xFE0E,
  0xFE0D, 0xFE2D, 0xFE2D, 0xFE2D, 0xFE2D, 0xFE2D, 0xFE2D, 0xFE2D,
  0xFE2D, 0xFE2D, 0xFE2D, 0xFE2D, 0xFE2D, 0xFE2D, 0xFE0D, 0xF60E,
  0x936A, 0x4127, 0x4127, 0x4127, 0x4127, 0x4127, 0x5186, 0xE5AF,
  0xFE2D, 0xFE0D, 0xFE2D, 0xFE2D, 0xFE2D, 0xFE2D, 0xFE2D, 0xFE2D,
  0xFE2D, 0xFE2D, 0xFE2D, 0xFE2D, 0xFE2D, 0xFE2D, 0xFE2D, 0xFE2D,
  0xF75B, 0xF75B, 0xF75B, 0xFF7B, 0xFF7B, 0xFF7B, 0xFF7B, 0xF79B,
  0xFF7B, 0xFF9B, 0xF77B, 0xE75C, 0xB5F7, 0x95B8, 0x3C16, 0x2498,
  0x3E7D, 0x3F5F, 0x375F, 0x377F, 0x375F, 0x3F3E, 0x45FA, 0x5537,
  0x5537, 0x5CF6, 0x31CA, 0x3907, 0x4127, 0x4A6E, 0x33D6, 0x2438,
  0x2DBB, 0x3F3E, 0x375E, 0x375F, 0x375F, 0x377F, 0x375F, 0x3F5F,
  0x377F, 0x377F, 0x375F, 0x473D, 0x6DB5, 0x9BCC, 0xAB6A, 0xAB6A,
  0xAB6A, 0xAB8A, 0xAB8A, 0xAB8A, 0xA38A, 0xA38B, 0xA38B, 0xA38A,
  0xAB6A, 0xAB6A, 0xAB6A, 0xAB8A, 0xAB8A, 0xAB6A, 0xAB8A, 0xAB8A,
  0xAB6A, 0xAB8A, 0xAB6A, 0xAB8A, 0xAB8A, 0xAB8A, 0xAB8A, 0xAB8A,
  0xAB8A, 0xAB8A, 0xAB8A, 0xAB8A, 0xAB8A, 0xAB8A, 0xAB8A, 0xAB8A,
  0xAB8A, 0xAB8A, 0xAB8A, 0xAB8A, 0xAB8A, 0xAB8A, 0xAB8A, 0xAB8A,
  0xAB8A, 0xAB8A, 0xAB8A, 0xAB8A, 0xAB8A, 0xAB8A, 0xAB8A, 0xAB8A,
  0xAB8A, 0xAB8A, 0xAB8A, 0xAB8A, 0xAB8A, 0xAB8A, 0xAB8A, 0xAB8A,
  0xAB8A, 0xAB8A, 0xAB8A, 0xAB8A, 0xAB8A, 0xAB8A, 0xAB8A, 0xAB8A,
  0xAB8A, 0xAB8A, 0xAB8A, 0xAB8A, 0xAB8A, 0xAB8A, 0xAB8A, 0xAB8A,
  0xAB8A, 0xAB8A, 0xAB8A, 0xAB8A, 0xAB8A, 0xAB8A, 0xAB8A, 0xAB8A,
  0xAB8A, 0xAB8A, 0xAB8A, 0xAB8A, 0xAB8A, 0xAB8A, 0xAB8A, 0xAB8A,
  0xAB8A, 0xAB8A, 0xAB8A, 0xAB8A, 0xAB8A, 0xAB8A, 0xAB8A, 0xAB8A,
  0xAB8A, 0xAB8A, 0xAB8A, 0xAB6A, 0xAB6A, 0xAB8A, 0xAB6A, 0xAB6A,
  0xAB6A, 0xAB4A, 0xBB49, 0xD40B, 0xE48C, 0xEC8B, 0xE48C, 0xCC0B,
  0xC3AA, 0xBBAB, 0xB36A, 0xAB8A, 0xAB8A, 0xAB8A, 0xAB8A, 0xAB8A,
  0xAB8A, 0xAB6A, 0xAB6B, 0x9AE9, 0xAB6A, 0xAB6A, 0xAB8A, 0xAB8A,
  0xAB6A, 0xCC4C, 0xC40D, 0x6187, 0x4106, 0x7268, 0xF5EF, 0xF62D,
  0xFE0E, 0xFE0D, 0xFE0D, 0xFE2D, 0xFE2D, 0xFE0D, 0xFE2D, 0xF60E,
  0x7247, 0x4127, 0x4127, 0x4107, 0x4127, 0x4967, 0xC4CD, 0xFE0D,
  0xFE0D, 0xFE2D, 0xFE2D, 0xFE2D, 0xFE2D, 0xFE2D, 0xFE2D, 0xFE2D,
  0xFE2D, 0xFE2D, 0xFE2D, 0xFE2D, 0xFE2D, 0xFE2D, 0xFE0D, 0xF5EE,
  0x7A88, 0x4127, 0x4127, 0x4127, 0x4127, 0x4107, 0x6A07, 0xEDEF,
  0xFE2D, 0xFE0D, 0xFE2D, 0xFE2D, 0xFE2D, 0xFE2D, 0xFE2D, 0xFE2D,
  0xFE2D, 0xFE2D, 0xFE2D, 0xFE2D, 0xFE2D, 0xFE2D, 0xFE2D, 0xFE2D,
  0xF77B, 0xF77B, 0xF77B, 0xFF7B, 0xFF7B, 0xFF7B, 0xFF7B, 0xF77B,
  0xFF9B, 0xFF9B, 0xF79C, 0xEF5C, 0xBDF6, 0xD6B8, 0x5C33, 0x2C17,
  0x24B9, 0x3F3F, 0x375F, 0x377F, 0x375F, 0x375E, 0x4E7B, 0x5537,
  0x5D16, 0x5412, 0x3128, 0x40E7, 0x5168, 0x622B, 0x4B52, 0x33F7,
  0x2478, 0x465D, 0x3F5E, 0x377F, 0x375F, 0x3F5F, 0x377F, 0x375E,
  0x373E, 0x375E, 0x473E, 0x6E38, 0x8C0D, 0xAB8A, 0xAB6A, 0xAB6A,
  0xAB6A, 0xAB6A, 0xAB8A, 0xAB8A, 0xAB8A, 0xAB8A, 0xAB8A, 0xAB8A,
  0xAB8A, 0xAB6A, 0xAB6A, 0xAB8A, 0xAB8A, 0xAB6A, 0xAB8A, 0xAB8A,
  0xAB8A, 0xAB8A, 0xAB6A, 0xAB8A, 0xAB8A, 0xAB8A, 0xAB8A, 0xAB8A,
  0xAB8A, 0xAB8A, 0xAB8A, 0xAB8A, 0xAB8A, 0xAB8A, 0xAB8A, 0xAB8A,
  0xAB8A, 0xAB8A, 0xAB8A, 0xAB8A, 0xAB8A, 0xAB8A, 0xAB8A, 0xAB8A,
  0xAB8A, 0xAB8A, 0xAB8A, 0xAB8A, 0xAB8A, 0xAB8A, 0xAB8A, 0xAB8A,
  0xAB8A, 0xAB8A, 0xAB8A, 0xAB8A, 0xAB8A, 0xAB8A, 0xAB8A, 0xAB8A,
  0xAB8A, 0xAB8A, 0xAB8A, 0xAB8A, 0xAB8A, 0xAB8A, 0xAB8A, 0xAB8A,
  0xAB8A, 0xAB8A, 0xAB8A, 0xAB8A, 0xAB8A, 0xAB8A, 0xAB8A, 0xAB8A,
  0xAB8A, 0xAB8A, 0xAB8A, 0xAB8A, 0xAB8A, 0xAB8A, 0xAB8A, 0xAB8A,
  0xAB8A, 0xAB8A, 0xAB8A, 0xAB8A, 0xAB8A, 0xAB8A, 0xAB8A, 0xAB8A,
  0xAB6A, 0xAB6A, 0xAB8A, 0xAB8A, 0xAB8A, 0xAB8A, 0xAB8A, 0xAB6A,
  0xBBAA, 0xCC0B, 0xCBEB, 0xBB8A, 0xB369, 0xAB6A, 0xAB6A, 0xAB6A,
  0xAB6A, 0xAB6A, 0xB34A, 0xBB49, 0xDC2B, 0xEC8C, 0xEC8C, 0xE48C,
  0xDC4B, 0xBB8A, 0xAB6A, 0xAB8A, 0xAB8A, 0xAB6A, 0xAB8A, 0xAB8A,
  0xAB6A, 0xAB8A, 0xAB6A, 0x9B09, 0xA34A, 0xAB6A, 0xAB8A, 0xAB8A,
  0xAB8A, 0xB389, 0xDC8D, 0xA32B, 0x4926, 0x4126, 0xBC8D, 0xFE0E,
  0xFE0D, 0xFE0E, 0xFE0D, 0xFE2D, 0xFE2D, 0xFE0D, 0xFE2D, 0xFE0E,
  0x82A8, 0x4107, 0x4127, 0x4127, 0x4108, 0x5987, 0xD50D, 0xF60D,
  0xFE2D, 0xFE2D, 0xFE2D, 0xFE2D, 0xFE2D, 0xFE2D, 0xFE2D, 0xFE2D,
  0xFE2D, 0xFE2D, 0xFE2D, 0xFE2D, 0xFE2D, 0xFE2D, 0xFE2D, 0xEDAD,
  0x7247, 0x4107, 0x4127, 0x4127, 0x4127, 0x3907, 0x82E9, 0xF60E,
  0xFE2D, 0xFE2D, 0xFE2D, 0xFE2D, 0xFE2D, 0xFE2D, 0xFE2D, 0xFE2D,
  0xFE2D, 0xFE2D, 0xFE2D, 0xFE2D, 0xFE2D, 0xFE2D, 0xFE2D, 0xFE2D,
  0xF77B, 0xF77B, 0xFF7B, 0xFF7B, 0xFF7B, 0xFF7B, 0xFF7B, 0xF77B,
  0xFF9B, 0xFF9B, 0xF79C, 0xEF5C, 0xC5F6, 0xE694, 0x9D53, 0x33F6,
  0x2437, 0x3E9D, 0x375E, 0x377F, 0x377F, 0x377E, 0x46BC, 0x4D57,
  0x5CF6, 0x430F, 0x3908, 0x4107, 0x61C9, 0x6A0A, 0x528C, 0x43B4,
  0x2BF7, 0x2437, 0x361C, 0x3F1E, 0x373D, 0x3F5E, 0x375F, 0x375E,
  0x3F3E, 0x4EBC, 0x6576, 0x8BED, 0xA38A, 0xAB8A, 0xAB8A, 0xAB8A,
  0xAB8A, 0xAB8A, 0xAB8A, 0xAB8A, 0xAB8A, 0xAB8A, 0xAB8A, 0xAB8A,
  0xAB8A, 0xAB8A, 0xAB8A, 0xAB8A, 0xAB8A, 0xAB8A, 0xAB8A, 0xAB8A,
  0xAB8A, 0xAB8A, 0xAB8A, 0xAB8A, 0xAB8A, 0xAB8A, 0xAB8A, 0xAB8A,
  0xAB8A, 0xAB8A, 0xAB8A, 0xAB8A, 0xAB8A, 0xAB8A, 0xAB8A, 0xAB8A,
  0xAB8A, 0xAB8A, 0xAB8A, 0xAB8A, 0xAB8A, 0xAB8A, 0xAB8A, 0xAB8A,
  0xAB8A, 0xAB8A, 0xAB8A, 0xAB8A, 0xAB8A, 0xAB8A, 0xAB8A, 0xAB8A,
  0xAB8A, 0xAB8A, 0xAB8A, 0xAB8A, 0xAB8A, 0xAB8A, 0xAB8A, 0xAB8A,
  0xAB8A, 0xAB8A, 0xAB8A, 0xAB8A, 0xAB8A, 0xAB8A, 0xAB8A, 0xAB8A,
  0xAB8A, 0xAB8A, 0xAB8A, 0xAB8A, 0xAB8A, 0xAB8A, 0xAB8A, 0xAB8A,
  0xAB8A, 0xAB8A, 0xAB8A, 0xAB8A, 0xAB8A, 0xAB8A, 0xAB8A, 0xAB8A,
  0xAB8A, 0xAB8A, 0xAB8A, 0xAB8A, 0xAB8A, 0xAB8A, 0xAB8A, 0xAB8A,
  0xAB8A, 0xAB6A, 0xAB6A, 0xAB8A, 0xAB8A, 0xAB8A, 0xAB8A, 0xBBCA,
  0xE48C, 0xE4AC, 0xE4AC, 0xE48C, 0xDC6D, 0xC3CA, 0xAB6A, 0xAB6A,
  0xAB6A, 0xAB6A, 0xAB4A, 0xB34A, 0xBB49, 0xDC2B, 0xECAC, 0xEC8B,
  0xE48C, 0xDC8C, 0xC3CA, 0xB36A, 0xAB8A, 0xAB8A, 0xAB8A, 0xAB8A,
  0xAB6A, 0xAB6A, 0xAB6A, 0xAB6A, 0xA32A, 0xAB6A, 0xAB8A, 0xAB6A,
  0xAB6A, 0xAB6A, 0xCC2B, 0xD44D, 0x61A7, 0x4106, 0x59A5, 0xEDCE,
  0xFE2D, 0xFE0D, 0xFE2D, 0xFE2D, 0xFE2D, 0xFE2D, 0xFE2D, 0xFE2E,
  0xA3CA, 0x4946, 0x4127, 0x3927, 0x4126, 0x7247, 0xE5AE, 0xFE2D,
  0xFE2D, 0xFE2D, 0xFE2D, 0xFE2D, 0xFE2D, 0xFE2D, 0xFE2D, 0xFE2D,
  0xFE2D, 0xFE2D, 0xFE2D, 0xFE2D, 0xFE2D, 0xFE2D, 0xFE0D, 0xF5EE,
  0x7267, 0x4927, 0x4127, 0x4127, 0x4127, 0x4947, 0xAC2C, 0xFE2E,
  0xFE2D, 0xFE2D, 0xFE2D, 0xFE2D, 0xFE2D, 0xFE2D, 0xFE2D, 0xFE2D,
  0xFE2D, 0xFE2D, 0xFE2D, 0xFE2D, 0xFE2D, 0xFE2D, 0xFE2D, 0xFE2D,
  0xF77B, 0xF77B, 0xFF7B, 0xFF7B, 0xFF7B, 0xFF7B, 0xF77B, 0xF75B,
  0xFF9B, 0xFF9B, 0xF79C, 0xEF5C, 0xC5F5, 0xEE51, 0xD612, 0x5433,
  0x2C37, 0x35DB, 0x375F, 0x377F, 0x377F, 0x375E, 0x3EFC, 0x4D98,
  0x5CB5, 0x39EB, 0x3907, 0x4948, 0x69E9, 0x6A09, 0x6A2A, 0x5AAE,
  0x4373, 0x3BD5, 0x2C37, 0x357B, 0x3E5D, 0x3E9D, 0x367D, 0x469C,
  0x55D8, 0x6C51, 0x93CD, 0xAB8A, 0xAB6A, 0xAB6A, 0xAB8A, 0xAB8A,
  0xAB8A, 0xAB8A, 0xAB8A, 0xAB8A, 0xAB8A, 0xAB8A, 0xAB8A, 0xAB8A,
  0xAB8A, 0xAB8A, 0xAB8A, 0xAB8A, 0xAB8A, 0xAB8A, 0xAB8A, 0xAB8A,
  0xAB8A, 0xAB8A, 0xAB8A, 0xAB8A, 0xAB8A, 0xAB8A, 0xAB8A, 0xAB8A,
  0xAB8A, 0xAB8A, 0xAB8A, 0xAB8A, 0xAB8A, 0xAB8A, 0xAB8A, 0xAB8A,
  0xAB8A, 0xAB8A, 0xAB8A, 0xAB8A, 0xAB8A, 0xAB8A, 0xAB8A, 0xAB8A,
  0xAB8A, 0xAB8A, 0xAB8A, 0xAB8A, 0xAB8A, 0xAB8A, 0xAB8A, 0xAB8A,
  0xAB8A, 0xAB8A, 0xAB8A, 0xAB8A, 0xAB8A, 0xAB8A, 0xAB8A, 0xAB8A,
  0xAB8A, 0xAB8A, 0xAB8A, 0xAB8A, 0xAB8A, 0xAB8A, 0xAB8A, 0xAB8A,
  0xAB8A, 0xAB8A, 0xAB8A, 0xAB8A, 0xAB8A, 0xAB8A, 0xAB8A, 0xAB8A,
  0xAB8A, 0xAB8A, 0xAB8A, 0xAB8A, 0xAB8A, 0xAB8A, 0xAB8A, 0xAB8A,
  0xAB8A, 0xAB8A, 0xAB8A, 0xAB8A, 0xAB8A, 0xAB8A, 0xAB8A, 0xAB8A,
  0xAB8A, 0xAB6A, 0xAB6A, 0xAB8A, 0xAB8A, 0xAB69, 0xBBAA, 0xDC6C,
  0xECAC, 0xEC8B, 0xECAC, 0xEC8B, 0xE48B, 0xDC8C, 0xC3CA, 0xAB69,
  0xAB8A, 0xAB6A, 0xAB6A, 0xAB4A, 0xB34A, 0xBB49, 0xDC4B, 0xE48C,
  0xE48B, 0xE48C, 0xE48C, 0xCBEB, 0xB38A, 0xAB6A, 0xAB8A, 0xAB8A,
  0xAB6A, 0xAB6A, 0xAB6A, 0xAB6A, 0xA34A, 0x9AE9, 0xAB8B, 0xAB6B,
  0xAB6A, 0xAB6A, 0xB3AA, 0xD46D, 0xAB6C, 0x5147, 0x4106, 0xB42C,
  0xF60E, 0xFE0D, 0xFE2D, 0xFE2D, 0xFE2D, 0xFE2D, 0xFE2D, 0xFE2D,
  0xDD6E, 0x6A27, 0x4127, 0x4126, 0x61C6, 0xBC8C, 0xF62E, 0xF62D,
  0xFE0D, 0xFE2D, 0xFE2D, 0xFE2D, 0xFE2D, 0xFE2D, 0xFE2D, 0xFE2D,
  0xFE2D, 0xFE2D, 0xFE2D, 0xFE2D, 0xFE2D, 0xFE2D, 0xFE0D, 0xF5EE,
  0x82E9, 0x4106, 0x4127, 0x4127, 0x4127, 0x5186, 0xCD0D, 0xFE2D,
  0xFE2D, 0xFE2D, 0xFE2D, 0xFE2D, 0xFE2D, 0xFE2D, 0xFE2D, 0xFE2D,
  0xFE2D, 0xFE2D, 0xFE2D, 0xFE2D, 0xFE2D, 0xFE2D, 0xFE2D, 0xFE2D,
  0xF77B, 0xF77B, 0xFF7B, 0xFF7B, 0xFF7B, 0xFF7B, 0xFF7B, 0xF77B,
  0xFF9B, 0xFF9B, 0xF79C, 0xEF5B, 0xCDF4, 0xF62F, 0xEE2F, 0x8513,
  0x33F6, 0x2D39, 0x3F3E, 0x377F, 0x375F, 0x3F5E, 0x3F1D, 0x45B9,
  0x53F2, 0x3149, 0x3907, 0x59A9, 0x6A29, 0x6A29, 0x722A, 0x6A2A,
  0x5A8C, 0x52EF, 0x4373, 0x3BF5, 0x3437, 0x3C57, 0x3C14, 0x74B4,
  0x7BCF, 0x9BAC, 0xAB8A, 0xAB6A, 0xAB8A, 0xAB8A, 0xAB8A, 0xAB8A,
  0xAB8A, 0xAB8A, 0xAB8A, 0xAB8A, 0xAB8A, 0xAB8A, 0xAB8A, 0xAB8A,
  0xAB8A, 0xAB8A, 0xAB8A, 0xAB8A, 0xAB8A, 0xAB8A, 0xAB8A, 0xAB8A,
  0xAB8A, 0xAB8A, 0xAB8A, 0xAB8A, 0xAB8A, 0xAB8A, 0xAB8A, 0xAB8A,
  0xAB8A, 0xAB8A, 0xAB8A, 0xAB8A, 0xAB8A, 0xAB8A, 0xAB8A, 0xAB8A,
  0xAB8A, 0xAB8A, 0xAB8A, 0xAB8A, 0xAB8A, 0xAB8A, 0xAB8A, 0xAB8A,
  0xAB8A, 0xAB8A, 0xAB8A, 0xAB8A, 0xAB8A, 0xAB8A, 0xAB8A, 0xAB8A,
  0xAB8A, 0xAB8A, 0xAB8A, 0xAB8A, 0xAB8A, 0xAB8A, 0xAB6A, 0xAB8A,
  0xAB6A, 0xAB8A, 0xAB8A, 0xAB8A, 0xAB8A, 0xAB8A, 0xAB8A, 0xAB8A,
  0xAB8A, 0xAB8A, 0xAB8A, 0xAB8A, 0xAB8A, 0xAB8A, 0xAB8A, 0xAB8A,
  0xAB8A, 0xAB8A, 0xAB8A, 0xAB8A, 0xAB8A, 0xAB8A, 0xAB8A, 0xAB8A,
  0xAB8A, 0xAB8A, 0xAB8A, 0xAB8A, 0xAB8A, 0xAB8A, 0xAB8A, 0xAB8A,
  0xAB6A, 0xAB6A, 0xAB6A, 0xAB6A, 0xB38A, 0xC3EA, 0xDC4B, 0xE48C,
  0xECAB, 0xEC8B, 0xECAB, 0xEC8B, 0xEC8B, 0xE48C, 0xDC6C, 0xC3EA,
  0xAB69, 0xAB8A, 0xAB6A, 0xAB6A, 0xB34A, 0xB329, 0xC369, 0xDC2B,
  0xE48B, 0xEC8B, 0xE48C, 0xE48D, 0xC3EB, 0xB36A, 0xAB6A, 0xAB8A,
  0xAB8A, 0xAB6A, 0xAB8A, 0xAB8A, 0xAB6A, 0x9B09, 0xA34A, 0xAB6B,
  0xAB8A, 0xAB8A, 0xAB6A, 0xCBEB, 0xD44D, 0x7A28, 0x4928, 0x6A48,
  0xDD8D, 0xFE2D, 0xFE2D, 0xFE2D, 0xFE2D, 0xFE2D, 0xFE2D, 0xFE2D,
  0xF60D, 0xBC6C, 0x7AA8, 0x8B29, 0xC48C, 0xF5EE, 0xFE2D, 0xFE2D,
  0xFE2D, 0xFE2D, 0xFE2D, 0xFE2D, 0xFE2D, 0xFE2D, 0xFE2D, 0xFE2D,
  0xFE2D, 0xFE2D, 0xFE2D, 0xFE2D, 0xFE2D, 0xFE2D, 0xFE0D, 0xEDEE,
  0x7AA8, 0x4106, 0x4127, 0x4127, 0x4127, 0x7A88, 0xEDCD, 0xFE2D,
  0xFE2D, 0xFE2D, 0xFE2D, 0xFE2D, 0xFE2D, 0xFE2D, 0xFE2D, 0xFE2D,
  0xFE2D, 0xFE2D, 0xFE2D, 0xFE2D, 0xFE2D, 0xFE2D, 0xFE2D, 0xFE2D,
  0xF77B, 0xF77B, 0xFF7B, 0xFF7B, 0xFF7B, 0xFF7B, 0xFF7B, 0xFF7B,
  0xFF9B, 0xFF9B, 0xF79C, 0xEF5B, 0xD5F3, 0xF60E, 0xF60E, 0xAD52,
  0x3C16, 0x2CB8, 0x3EFE, 0x375F, 0x375F, 0x3F5F, 0x3F3E, 0x4DFA,
  0x42EF, 0x3927, 0x4106, 0x61C9, 0x6A09, 0x7209, 0x720A, 0x6A0A,
  0x6A09, 0x6A0A, 0x5A4C, 0x52AE, 0x52F0, 0x52AF, 0x626C, 0xABAF,
  0xA38B, 0xAB8A, 0xAB6A, 0xAB6A, 0xAB6A, 0xAB6A, 0xAB8A, 0xAB8A,
  0xAB8A, 0xAB8A, 0xAB8A, 0xAB8A, 0xAB8A, 0xAB8A, 0xAB8A, 0xAB8A,
  0xAB8A, 0xAB8A, 0xAB8A, 0xAB8A, 0xAB8A, 0xAB8A, 0xAB8A, 0xAB8A,
  0xAB8A, 0xAB8A, 0xAB8A, 0xAB8A, 0xAB8A, 0xAB8A, 0xAB8A, 0xAB8A,
  0xAB8A, 0xAB8A, 0xAB8A, 0xAB8A, 0xAB8A, 0xAB8A, 0xAB8A, 0xAB8A,
  0xAB8A, 0xAB8A, 0xAB8A, 0xAB8A, 0xAB8A, 0xAB8A, 0xAB8A, 0xAB8A,
  0xAB8A, 0xAB8A, 0xAB8A, 0xAB8A, 0xAB8A, 0xAB8A, 0xAB8A, 0xAB8A,
  0xAB8A, 0xAB8A, 0xAB8A, 0xAB8A, 0xAB8A, 0xAB8A, 0xAB6A, 0xAB6A,
  0xAB8A, 0xAB8A, 0xAB8A, 0xAB8A, 0xAB8A, 0xAB8A, 0xAB8A, 0xAB8A,
  0xAB8A, 0xAB8A, 0xAB8A, 0xAB8A, 0xAB8A, 0xAB8A, 0xAB8A, 0xAB8A,
  0xAB8A, 0xAB8A, 0xAB8A, 0xAB8A, 0xAB8A, 0xAB8A, 0xAB8A, 0xAB8A,
  0xAB8A, 0xAB8A, 0xAB8A, 0xAB8A, 0xAB8A, 0xAB8A, 0xAB8A, 0xAB6A,
  0xAB6A, 0xAB8A, 0xAB8A, 0xAB6A, 0xBBAA, 0xE46C, 0xEC8C, 0xEC8C,
  0xECAC, 0xECAB, 0xECAB, 0xEC8B, 0xECAB, 0xECAB, 0xECAC, 0xDC8C,
  0xBBA9, 0xAB6A, 0xAB8B, 0xAB6A, 0xAB6A, 0xB34A, 0xB329, 0xC38A,
  0xDC4B, 0xEC8C, 0xE46B, 0xDC4B, 0xCC0C, 0xB34A, 0xAB6A, 0xAB6A,
  0xAB8A, 0xAB8A, 0xAB8A, 0xAB8A, 0xAB8A, 0xA32A, 0x9B09, 0xAB6A,
  0xAB8A, 0xA36A, 0xAB6A, 0xBBAA, 0xE48D, 0xAB6B, 0x5127, 0x4946,
  0xBCCD, 0xF62E, 0xFE2D, 0xFE2D, 0xFE2D, 0xFE2D, 0xFE2D, 0xFE2D,
  0xFE0D, 0xF5ED, 0xE58D, 0xEDCE, 0xF60E, 0xFE0D, 0xFE2D, 0xFE2D,
  0xFE2D, 0xFE2D, 0xFE2D, 0xFE2D, 0xFE2D, 0xFE2D, 0xFE2D, 0xFE2D,
  0xFE2D, 0xFE2D, 0xFE2D, 0xFE2D, 0xFE2D, 0xFE2D, 0xFE2D, 0xF60E,
  0x8B09, 0x4106, 0x4127, 0x4127, 0x4125, 0xB44C, 0xF60D, 0xFE2D,
  0xFE2D, 0xFE2D, 0xFE2D, 0xFE2D, 0xFE2D, 0xFE2D, 0xFE2D, 0xFE2D,
  0xFE2D, 0xFE2D, 0xFE2D, 0xFE2D, 0xFE2D, 0xFE2D, 0xFE2D, 0xFE2D,
  0xFF7B, 0xF77B, 0xFF7B, 0xF77B, 0xFF7B, 0xFF9B, 0xFF7B, 0xFF7B,
  0xFF9B, 0xFF9B, 0xF79C, 0xEF5B, 0xE612, 0xFE0E, 0xF60D, 0xCDF2,
  0x4C55, 0x2C78, 0x369D, 0x375F, 0x375F, 0x3F5F, 0x3F5F, 0x4E1B,
  0x29CB, 0x3907, 0x4947, 0x69E9, 0x7209, 0x6A09, 0x69E9, 0x7209,
  0x7209, 0x7209, 0x6A09, 0x6A2A, 0x6A0A, 0x69E9, 0x8A8A, 0xBBAD,
  0xAB6A, 0xAB8A, 0xAB6A, 0xAB89, 0xAB6A, 0xAB6A, 0xAB8A, 0xAB8A,
  0xAB8A, 0xAB8A, 0xAB8A, 0xAB8A, 0xAB8A, 0xAB8A, 0xAB8A, 0xAB8A,
  0xAB8A, 0xAB8A, 0xAB8A, 0xAB8A, 0xAB8A, 0xAB8A, 0xAB8A, 0xAB8A,
  0xAB8A, 0xAB8A, 0xAB8A, 0xAB8A, 0xAB8A, 0xAB8A, 0xAB8A, 0xAB8A,
  0xAB8A, 0xAB8A, 0xAB8A, 0xAB8A, 0xAB8A, 0xAB8A, 0xAB8A, 0xAB8A,
  0xAB8A, 0xAB8A, 0xAB8A, 0xAB8A, 0xAB8A, 0xAB8A, 0xAB8A, 0xAB8A,
  0xAB8A, 0xAB8A, 0xAB8A, 0xAB8A, 0xAB8A, 0xAB8A, 0xAB8A, 0xAB8A,
  0xAB8A, 0xAB8A, 0xAB8A, 0xAB8A, 0xAB8A, 0xAB8A, 0xAB8A, 0xAB6A,
  0xAB8A, 0xAB8A, 0xAB8A, 0xAB8A, 0xAB8A, 0xAB8A, 0xAB8A, 0xAB8A,
  0xAB8A, 0xAB8A, 0xAB8A, 0xAB8A, 0xAB8A, 0xAB8A, 0xAB8A, 0xAB8A,
  0xAB8A, 0xAB8A, 0xAB8A, 0xAB8A, 0xAB8A, 0xAB8A, 0xAB8A, 0xAB8A,
  0xAB8A, 0xAB8A, 0xAB8A, 0xAB8A, 0xAB8A, 0xAB8A, 0xAB8A, 0xAB6A,
  0xAB6A, 0xAB8A, 0xAB8A, 0xAB6A, 0xC3EB, 0xE4AC, 0xEC8C, 0xEC8B,
  0xECAC, 0xECAC, 0xECAC, 0xECAB, 0xECAB, 0xECAC, 0xECAC, 0xE48B,
  0xDC4B, 0xB369, 0xAB6A, 0xAB8A, 0xAB6A, 0xAB6A, 0xB32A, 0xB329,
  0xC369, 0xE48C, 0xECAC, 0xDC2B, 0xBB69, 0xB349, 0xB36A, 0xAB6A,
  0xAB8A, 0xAB8A, 0xAB8A, 0xAB8A, 0xAB8A, 0xA36A, 0x92C9, 0xAB6A,
  0xAB6A, 0xA36A, 0xAB6A, 0xAB69, 0xD42C, 0xD46D, 0x69A6, 0x4107,
  0x59C6, 0xE5AE, 0xFE2D, 0xFE2D, 0xFE2D, 0xFE2D, 0xFE2D, 0xFE2D,
  0xFE0D, 0xFE2D, 0xFE2D, 0xFE2E, 0xFE0D, 0xFE0D, 0xFE2D, 0xFE2D,
  0xFE2D, 0xFE2D, 0xFE2D, 0xFE0D, 0xFE2D, 0xFE2D, 0xFE2D, 0xFE2D,
  0xFE2D, 0xFE2D, 0xFE2D, 0xFE2D, 0xFE2D, 0xFE2D, 0xFE2D, 0xFE2D,
  0xC4CD, 0x5186, 0x4127, 0x4126, 0x5164, 0xDD4D, 0xFE2D, 0xFE2D,
  0xFE0D, 0xFE0D, 0xFE2D, 0xFE2D, 0xFE2D, 0xFE2D, 0xFE2D, 0xFE2D,
  0xFE2D, 0xFE2D, 0xFE2D, 0xFE2D, 0xFE2D, 0xFE2D, 0xFE2D, 0xFE2D,
  0xFF9B, 0xFF7B, 0xFF7B, 0xF77B, 0xFF7B, 0xFF9B, 0xFF7B, 0xFF7B,
  0xFF9B, 0xF79B, 0xFF9B, 0xF75A, 0xEE11, 0xFE0D, 0xF62E, 0xCDF1,
  0x5CB5, 0x2C37, 0x35FB, 0x3F5F, 0x377F, 0x377F, 0x3F5F, 0x45FA,
  0x2149, 0x3907, 0x5188, 0x7209, 0x6A09, 0x6A09, 0x6A09, 0x6A09,
  0x6A09, 0x7209, 0x6A09, 0x6A09, 0x7209, 0x7209, 0xA30C, 0xB3AC,
  0xAB6A, 0xAB6B, 0xAB6B, 0xAB8A, 0xAB8A, 0xAB8A, 0xAB8A, 0xAB8A,
  0xAB8A, 0xAB8A, 0xAB8A, 0xAB8A, 0xAB8A, 0xAB8A, 0xAB8A, 0xAB8A,
  0xAB8A, 0xAB8A, 0xAB8A, 0xAB8A, 0xAB8A, 0xAB8A, 0xAB8A, 0xAB8A,
  0xAB8A, 0xAB8A, 0xAB8A, 0xAB8A, 0xAB8A, 0xAB8A, 0xAB8A, 0xAB8A,
  0xAB8A, 0xAB8A, 0xAB8A, 0xAB8A, 0xAB8A, 0xAB8A, 0xAB8A, 0xAB8A,
  0xAB8A, 0xAB8A, 0xAB8A, 0xAB8A, 0xAB6A, 0xAB6A, 0xAB8A, 0xAB8A,
  0xAB6A, 0xAB6A, 0xAB6A, 0xAB6A, 0xAB8A, 0xAB8A, 0xAB8A, 0xAB8A,
  0xAB8A, 0xAB6A, 0xAB6A, 0xAB6A, 0xAB6A, 0xAB6A, 0xB3AA, 0xAB8A,
  0xAB6A, 0xAB8A, 0xAB8A, 0xAB8A, 0xAB8A, 0xAB8A, 0xAB8A, 0xAB8A,
  0xAB8A, 0xAB8A, 0xAB8A, 0xAB6A, 0xAB6A, 0xAB6A, 0xAB8A, 0xAB6A,
  0xAB8A, 0xAB8A, 0xAB8A, 0xAB8A, 0xAB8A, 0xAB8A, 0xAB8A, 0xAB8A,
  0xAB8A, 0xAB6A, 0xAB6A, 0xAB6A, 0xAB6A, 0xAB6A, 0xAB6A, 0xAB8A,
  0xAB6A, 0xAB6A, 0xAB6A, 0xAB6A, 0xBBCA, 0xE4AD, 0xE48C, 0xEC8B,
  0xECAC, 0xECAC, 0xECAC, 0xEC8B, 0xEC8C, 0xECAC, 0xECAC, 0xEC8C,
  0xECAC, 0xDC6C, 0xB38A, 0xAB8A, 0xAB8A, 0xAB6A, 0xAB6A, 0xB34A,
  0xB329, 0xCBCA, 0xE48B, 0xE48C, 0xD3EB, 0xAB09, 0xB34A, 0xAB6A,
  0xAB8A, 0xAB8A, 0xAB8A, 0xAB8A, 0xAB8A, 0xAB8B, 0x9AE9, 0xA34A,
  0xAB6A, 0xAB8A, 0xAB6A, 0xAB6A, 0xB3AA, 0xDC6C, 0xB38B, 0x5127,
  0x4106, 0x9B89, 0xF60E, 0xFE0D, 0xFE0D, 0xFE0D, 0xFE2D, 0xFE2D,
  0xFE0D, 0xFE2D, 0xFE2D, 0xFE2D, 0xFE2D, 0xFE2D, 0xFE0D, 0xFE2D,
  0xFE2D, 0xFE2D, 0xFE0D, 0xFE0D, 0xFE2D, 0xFE2D, 0xFE2D, 0xFE2D,
  0xFE2D, 0xFE2D, 0xFE2D, 0xFE2D, 0xFE2D, 0xFE2D, 0xFE0D, 0xFE2D,
  0xE58E, 0x7268, 0x4946, 0x7268, 0xABEB, 0xEDEE, 0xFE2D, 0xFE2D,
  0xFE0D, 0xFE0D, 0xFE2D, 0xFE2D, 0xFE2D, 0xFE2D, 0xFE2D, 0xFE2D,
  0xFE2D, 0xFE2D, 0xFE2D, 0xFE2D, 0xFE2D, 0xFE2D, 0xFE2D, 0xFE2D,
  0xFF7B, 0xFF7B, 0xFF9B, 0xF77B, 0xF77B, 0xF77B, 0xFF9B, 0xFF9B,
  0xFF9B, 0xF77B, 0xF79B, 0xEED7, 0xEE11, 0xF630, 0xF693, 0xB636,
  0x5D18, 0x3458, 0x353A, 0x3F5F, 0x377F, 0x375E, 0x375F, 0x4EBC,
  0x29CA, 0x4127, 0x61C9, 0x6A09, 0x6A09, 0x7209, 0x7209, 0x6A09,
  0x6A09, 0x6A09, 0x7209, 0x6A09, 0x6A09, 0x71E9, 0xAB4D, 0xB38C,
  0xAB6A, 0xAB8A, 0xAB8A, 0xAB8A, 0xAB8A, 0xAB8A, 0xAB8A, 0xAB8A,
  0xAB8A, 0xAB8A, 0xAB8A, 0xAB8A, 0xAB8A, 0xAB8A, 0xAB8A, 0xAB8A,
  0xAB8A, 0xAB8A, 0xAB8A, 0xAB8A, 0xAB8A, 0xAB8A, 0xAB8A, 0xAB8A,
  0xAB8A, 0xAB8A, 0xAB8A, 0xAB8A, 0xAB8A, 0xAB8A, 0xAB8A, 0xAB8A,
  0xAB8A, 0xAB8A, 0xAB8A, 0xAB8A, 0xAB8A, 0xAB8A, 0xAB8A, 0xAB8A,
  0xAB8A, 0xAB8A, 0xAB8A, 0xAB8A, 0xAB6A, 0xAB6B, 0xAB8A, 0xAB8A,
  0xAB6A, 0xAB6A, 0xAB6A, 0xAB6A, 0xAB8A, 0xAB8A, 0xAB8A, 0xAB6A,
  0xAB8A, 0xAB6A, 0xAB6A, 0xAB6A, 0xB349, 0xC3CA, 0xCC2C, 0xAB69,
  0xAB8A, 0xAB8A, 0xAB8A, 0xAB8A, 0xAB8A, 0xAB8A, 0xAB8A, 0xAB8A,
  0xAB8A, 0xAB8A, 0xAB8A, 0xAB6A, 0xAB6A, 0xAB8A, 0xAB8A, 0xAB6A,
  0xAB8A, 0xAB8A, 0xAB8A, 0xAB8A, 0xAB6A, 0xAB8A, 0xAB8A, 0xAB8A,
  0xAB8A, 0xAB6A, 0xAB6A, 0xAB6A, 0xAB6A, 0xAB6A, 0xAB6A, 0xAB8A,
  0xAB6A, 0xB38B, 0xB38B, 0xAB6A, 0xB38A, 0xDC4B, 0xE46B, 0xEC8B,
  0xEC8C, 0xEC8C, 0xECAC, 0xEC8C, 0xEC8C, 0xEC8C, 0xEC8C, 0xEC8C,
  0xECAC, 0xECAC, 0xD42B, 0xB389, 0xAB8A, 0xAB6A, 0xAB8B, 0xAB6B,
  0xB329, 0xB329, 0xD3EB, 0xE48C, 0xE44C, 0xBB49, 0xAB4A, 0xAB6A,
  0xAB8A, 0xAB8A, 0xAB8A, 0xAB8A, 0xAB8A, 0xAB6A, 0xAB6A, 0x9B0A,
  0xAB6B, 0xAB8B, 0xAB6A, 0xAB8A, 0xAB8A, 0xD44B, 0xDC8D, 0x7A29,
  0x4928, 0x7227, 0xE5AE, 0xFE2D, 0xFE0D, 0xFE0D, 0xFE2D, 0xFE2D,
  0xFE2D, 0xFE2D, 0xFE2D, 0xFE2D, 0xFE2D, 0xFE2D, 0xFE2D, 0xFE2D,
  0xFE2D, 0xFE2D, 0xFE2D, 0xFE2D, 0xFE2D, 0xFE2D, 0xFE2D, 0xFE2D,
  0xFE2D, 0xFE2D, 0xFE2D, 0xFE2D, 0xFE2D, 0xFE2D, 0xFE2D, 0xFE0C,
  0xF60D, 0xCCEC, 0x9327, 0xBC6B, 0xF60E, 0xFE2D, 0xFE2D, 0xFE2D,
  0xFE2D, 0xFE2D, 0xFE2D, 0xFE2D, 0xFE2D, 0xFE2D, 0xFE2D, 0xFE2D,
  0xFE2D, 0xFE2D, 0xFE2D, 0xFE2D, 0xFE2D, 0xFE2D, 0xFE2D, 0xFE2D,
  0xFF7B, 0xFF7B, 0xFF7B, 0xF77B, 0xF77B, 0xF77B, 0xF75B, 0xEF1B,
  0xE6D9, 0xEF1A, 0xE6D9, 0xA4B0, 0xCD91, 0xEED6, 0xF739, 0x9E38,
  0x5538, 0x3478, 0x2497, 0x46DE, 0x375F, 0x375E, 0x3F5E, 0x4E3B,
  0x29AA, 0x4928, 0x6A0A, 0x6A09, 0x6A09, 0x7209, 0x7209, 0x6A09,
  0x6A09, 0x6A09, 0x7209, 0x6A09, 0x6A09, 0x7209, 0xB38E, 0xB36B,
  0xAB6A, 0xAB8A, 0xAB8A, 0xAB8A, 0xAB8A, 0xAB8A, 0xAB8A, 0xAB8A,
  0xAB8A, 0xAB8A, 0xAB8A, 0xAB8A, 0xAB8A, 0xAB8A, 0xAB8A, 0xAB8A,
  0xAB8A, 0xAB8A, 0xAB8A, 0xAB8A, 0xAB8A, 0xAB8A, 0xAB8A, 0xAB8A,
  0xAB8A, 0xAB8A, 0xAB8A, 0xAB8A, 0xAB8A, 0xAB8A, 0xAB8A, 0xAB8A,
  0xAB8A, 0xAB8A, 0xAB8A, 0xAB8A, 0xAB8A, 0xAB8A, 0xAB8A, 0xAB8A,
  0xAB8A, 0xAB8A, 0xAB8A, 0xAB8A, 0xAB6A, 0xAB6A, 0xAB8A, 0xAB8A,
  0xAB8A, 0xAB6A, 0xAB6A, 0xAB6A, 0xAB8A, 0xAB8A, 0xAB6A, 0xAB6A,
  0xAB8A, 0xAB8A, 0xAB6A, 0xB34A, 0xBB69, 0xDC6C, 0xC3CA, 0xAB8A,
  0xAB8A, 0xAB8A, 0xAB8A, 0xAB8A, 0xAB8A, 0xAB8A, 0xAB8A, 0xAB8A,
  0xAB8A, 0xAB8A, 0xAB6A, 0xAB6A, 0xAB6A, 0xAB8A, 0xAB8A, 0xAB8A,
  0xAB8A, 0xAB8A, 0xAB6A, 0xAB6A, 0xAB6A, 0xAB8A, 0xAB6A, 0xAB8A,
  0xAB8A, 0xAB8A, 0xAB6B, 0xAB6A, 0xAB8A, 0xAB6A, 0xAB8A, 0xAB6A,
  0xAB6A, 0xB36A, 0xB36B, 0xB36A, 0xB389, 0xD40A, 0xE48B, 0xEC8B,
  0xEC8C, 0xEC8C, 0xECAC, 0xEC8C, 0xEC8C, 0xEC8C, 0xEC8C, 0xEC8C,
  0xECAC, 0xECAB, 0xE48C, 0xCC0B, 0xB389, 0xAB6A, 0xAB6A, 0xAB6A,
  0xAB4A, 0xB349, 0xBB69, 0xCBCA, 0xDC0B, 0xBB6A, 0xAB6A, 0xAB6A,
  0xAB8A, 0xAB8A, 0xAB8A, 0xAB8A, 0xAB8A, 0xAB6A, 0xAB6A, 0x92E9,
  0xA34A, 0xAB6A, 0xAB6A, 0xAB6A, 0xAB8A, 0xC3EB, 0xE48D, 0xAB2B,
  0x5127, 0x5986, 0xC4AC, 0xFE2D, 0xFE0D, 0xFE0E, 0xFE2D, 0xFE2D,
  0xFE2D, 0xFE2D, 0xFE2D, 0xFE2D, 0xFE2D, 0xFE2D, 0xFE2D, 0xFE2D,
  0xFE2D, 0xFE2D, 0xFE2D, 0xFE2D, 0xFE2D, 0xFE2D, 0xFE2D, 0xFE2D,
  0xFE2D, 0xFE2D, 0xFE2D, 0xFE2D, 0xFE2D, 0xFE2D, 0xFE2D, 0xFE0D,
  0xFE2D, 0xF62E, 0xF60E, 0xF60E, 0xFE2D, 0xFE2D, 0xFE2D, 0xFE2D,
  0xFE2D, 0xFE2D, 0xFE2D, 0xFE2D, 0xFE2D, 0xFE2D, 0xFE2D, 0xFE2D,
  0xFE2D, 0xFE2D, 0xFE2D, 0xFE2D, 0xFE2D, 0xFE2D, 0xFE2D, 0xFE2D,
  0xFF7B, 0xFF7B, 0xFF7B, 0xFF7B, 0xF77B, 0xC5D6, 0x7B6D, 0x732C,
  0x7B6D, 0x6AEB, 0x7B8D, 0xB554, 0xBDB5, 0xEF3B, 0xEF7C, 0x7DB8,
  0x5559, 0x3CB8, 0x2437, 0x2D9B, 0x46FF, 0x365C, 0x3599, 0x3BF3,
  0x3148, 0x5168, 0x6A0A, 0x6A09, 0x6A09, 0x7209, 0x7209, 0x6A09,
  0x6A09, 0x6A09, 0x7209, 0x6A09, 0x6A09, 0x7A2A, 0xBBCE, 0xB36B,
  0xAB8A, 0xAB8A, 0xAB8A, 0xAB8A, 0xAB8A, 0xAB8A, 0xAB8A, 0xAB8A,
  0xAB8A, 0xAB8A, 0xAB8A, 0xAB8A, 0xAB8A, 0xAB8A, 0xAB8A, 0xAB8A,
  0xAB8A, 0xAB8A, 0xAB8A, 0xAB8A, 0xAB8A, 0xAB8A, 0xAB8A, 0xAB8A,
  0xAB8A, 0xAB8A, 0xAB8A, 0xAB8A, 0xAB8A, 0xAB8A, 0xAB8A, 0xAB8A,
  0xAB8A, 0xAB8A, 0xAB8A, 0xAB8A, 0xAB8A, 0xAB8A, 0xAB8A, 0xAB8A,
  0xAB8A, 0xAB8A, 0xAB8A, 0xAB8A, 0xAB8A, 0xAB8A, 0xAB8A, 0xAB8A,
  0xAB8A, 0xAB8A, 0xAB6A, 0xAB8A, 0xAB8A, 0xAB6A, 0xAB6A, 0xAB4A,
  0xAB6A, 0xAB8A, 0xAB6A, 0xB369, 0xD42C, 0xDC6C, 0xB389, 0xAB6A,
  0xAB8A, 0xAB8A, 0xAB8A, 0xAB8A, 0xAB8A, 0xAB8A, 0xAB8A, 0xAB8A,
  0xAB8A, 0xAB6A, 0xAB6A, 0xAB6A, 0xAB6A, 0xAB8A, 0xAB8A, 0xAB8A,
  0xB3CB, 0xAB6A, 0xAB6A, 0xAB6A, 0xAB6A, 0xAB8A, 0xAB6A, 0xAB8A,
  0xAB8A, 0xAB8A, 0xAB6A, 0xB34A, 0xB38A, 0xB38A, 0xAB8A, 0xAB6A,
  0xAB6A, 0xB36A, 0xB34A, 0xC3CB, 0xD40B, 0xE48C, 0xEC8C, 0xEC8C,
  0xECAC, 0xECAC, 0xECAC, 0xEC8C, 0xEC8C, 0xEC8C, 0xEC8C, 0xEC8C,
  0xEC8C, 0xEC8B, 0xEC8B, 0xE48C, 0xCC2B, 0xAB49, 0xAB8A, 0xAB6A,
  0xAB4A, 0xAB4A, 0xB329, 0xB329, 0xBB49, 0xB349, 0xAB6A, 0xAB6A,
  0xAB8A, 0xAB8A, 0xAB8A, 0xAB8A, 0xAB8A, 0xAB6A, 0xAB6A, 0xA36A,
  0x9AE9, 0xAB6A, 0xAB6A, 0xA349, 0xAB6A, 0xB38A, 0xDC6C, 0xD42C,
  0x69A7, 0x5167, 0x9349, 0xF60E, 0xFE0D, 0xFE0E, 0xFE2D, 0xFE2D,
  0xFE2D, 0xFE2D, 0xFE2D, 0xFE2D, 0xFE2D, 0xFE2D, 0xFE2D, 0xFE2D,
  0xFE2D, 0xFE2D, 0xFE2D, 0xFE2D, 0xFE2D, 0xFE2D, 0xFE2D, 0xFE2D,
  0xFE2D, 0xFE2D, 0xFE2D, 0xFE2D, 0xFE2D, 0xFE2D, 0xFE0D, 0xFE0D,
  0xFE0D, 0xFE0D, 0xFE0D, 0xFE0D, 0xFE0D, 0xFE2D, 0xFE2D, 0xFE2D,
  0xFE2D, 0xFE2D, 0xFE2D, 0xFE2D, 0xFE2D, 0xFE2D, 0xFE2D, 0xFE2D,
  0xFE2D, 0xFE2D, 0xFE2D, 0xFE2D, 0xFE2D, 0xFE2D, 0xFE2D, 0xFE2D,
  0xF77B, 0xFF7B, 0xF77B, 0xFF7B, 0xBD95, 0x7B8D, 0xDE99, 0xEF3B,
  0xEF3C, 0xEF1B, 0x83CE, 0x9C92, 0xCDD8, 0xEF1C, 0xDF5D, 0x6557,
  0x5559, 0x5539, 0x3457, 0x2C37, 0x2CD8, 0x2CB8, 0x3B93, 0x298A,
  0x3928, 0x59A9, 0x6A0A, 0x6A09, 0x6A09, 0x6A09, 0x6A09, 0x6A09,
  0x6A09, 0x6A09, 0x6A09, 0x6A09, 0x6A09, 0x824A, 0xBBAE, 0xB36B,
  0xAB8A, 0xAB8A, 0xAB8A, 0xAB8A, 0xAB8A, 0xAB8A, 0xAB8A, 0xAB8A,
  0xAB8A, 0xAB8A, 0xAB8A, 0xAB8A, 0xAB8A, 0xAB8A, 0xAB8A, 0xAB8A,
  0xAB8A, 0xAB8A, 0xAB8A, 0xAB8A, 0xAB8A, 0xAB8A, 0xAB8A, 0xAB8A,
  0xAB8A, 0xAB8A, 0xAB8A, 0xAB8A, 0xAB8A, 0xAB8A, 0xAB8A, 0xAB8A,
  0xAB8A, 0xAB8A, 0xAB8A, 0xAB8A, 0xAB8A, 0xAB8A, 0xAB8A, 0xAB8A,
  0xAB8A, 0xAB8A, 0xAB8A, 0xAB8A, 0xAB8A, 0xAB8A, 0xAB8A, 0xAB8A,
  0xAB6A, 0xAB6A, 0xAB89, 0xAB8A, 0xAB6A, 0xAB6A, 0xB34A, 0xB349,
  0xC3EB, 0xB3A9, 0xB389, 0xCBCA, 0xECAD, 0xCC0A, 0xB369, 0xAB6A,
  0xAB8A, 0xAB8A, 0xAB8A, 0xAB8A, 0xAB8A, 0xAB8A, 0xAB8A, 0xAB8A,
  0xAB8A, 0xAB6A, 0xAB6A, 0xAB6A, 0xAB6A, 0xAB6A, 0xAB6A, 0xB3AB,
  0xBBCB, 0xAB6A, 0xAB6A, 0xAB8A, 0xAB8A, 0xA36A, 0xAB6A, 0xAB8A,
  0xAB8A, 0xB38A, 0xBB8A, 0xCBCA, 0xC389, 0xB38A, 0xAB8A, 0xAB6A,
  0xAB6A, 0xAB6A, 0xB329, 0xCBCB, 0xE48C, 0xEC8C, 0xEC8C, 0xECAC,
  0xECAC, 0xECAC, 0xECAC, 0xEC8C, 0xEC8C, 0xEC8C, 0xEC8C, 0xEC8C,
  0xEC8C, 0xEC8B, 0xEC8B, 0xEC8C, 0xE4AC, 0xAB29, 0x9B2A, 0xAB8A,
  0xA34A, 0xAB6B, 0xAB6A, 0xB34A, 0xB329, 0xAB49, 0xAB4A, 0xAB6A,
  0xAB8A, 0xAB8A, 0xAB8A, 0xAB8A, 0xAB8A, 0xAB6A, 0xAB6A, 0xAB6A,
  0x9B09, 0xAB6B, 0xAB6A, 0xA329, 0xA329, 0xAB8A, 0xBBC9, 0xE46C,
  0xAB4B, 0x5126, 0x61A6, 0xE5AE, 0xFE2E, 0xFE0D, 0xFE2D, 0xFE2D,
  0xFE2D, 0xFE2D, 0xFE2D, 0xFE2D, 0xFE2D, 0xFE2D, 0xFE2D, 0xFE2D,
  0xFE2D, 0xFE2D, 0xFE2D, 0xFE2D, 0xFE2D, 0xFE2D, 0xFE2D, 0xFE2D,
  0xFE2D, 0xFE2D, 0xFE2D, 0xFE2D, 0xFE2D, 0xFE2D, 0xFE0D, 0xFE0D,
  0xFE0D, 0xFE2D, 0xFE0D, 0xFE0D, 0xFE0D, 0xFE2D, 0xFE2D, 0xFE2D,
  0xFE2D, 0xFE2D, 0xFE2D, 0xFE2D, 0xFE2D, 0xFE2D, 0xFE2D, 0xFE2D,
  0xFE2D, 0xFE2D, 0xFE2D, 0xFE2D, 0xFE2D, 0xFE2D, 0xFE2D, 0xFE2D,
  0xFF7B, 0xF77B, 0xF77A, 0xCE16, 0xA4D2, 0xFF9C, 0xFFBC, 0xFF9C,
  0xFF9C, 0xFF9C, 0xF77C, 0x9C71, 0x732D, 0xCE39, 0xAE19, 0x64F6,
  0x5CF7, 0x5C96, 0x5435, 0x43B3, 0x4C35, 0x64F8, 0x428F, 0x3908,
  0x4127, 0x61E9, 0x6A09, 0x6A09, 0x6A09, 0x6A09, 0x6A09, 0x7209,
  0x7209, 0x7209, 0x6A09, 0x6A09, 0x6A09, 0x8A6A, 0xBBAE, 0xB36B,
  0xAB8A, 0xAB8A, 0xAB8A, 0xAB8A, 0xAB8A, 0xAB8A, 0xAB8A, 0xAB8A,
  0xAB8A, 0xAB8A, 0xAB8A, 0xAB8A, 0xAB8A, 0xAB8A, 0xAB8A, 0xAB8A,
  0xAB8A, 0xAB8A, 0xAB8A, 0xAB8A, 0xAB8A, 0xAB8A, 0xAB8A, 0xAB8A,
  0xAB8A, 0xAB8A, 0xAB8A, 0xAB8A, 0xAB8A, 0xAB8A, 0xAB8A, 0xAB8A,
  0xAB8A, 0xAB8A, 0xAB8A, 0xAB8A, 0xAB8A, 0xAB8A, 0xAB8A, 0xAB8A,
  0xAB8A, 0xAB8A, 0xAB8A, 0xAB8A, 0xAB8A, 0xAB8A, 0xAB6A, 0xAB6A,
  0xAB49, 0xB369, 0xB389, 0xAB8A, 0xAB6A, 0xAB49, 0xB349, 0xD40B,
  0xE48C, 0xDC4B, 0xDC4B, 0xDC4B, 0xE48D, 0xB389, 0xAB8A, 0xAB6A,
  0xAB8A, 0xAB8A, 0xAB8A, 0xAB8A, 0xAB8A, 0xAB8A, 0xAB8A, 0xAB8A,
  0xAB8A, 0xAB6A, 0xAB6A, 0xAB8A, 0xAB6A, 0xAB6A, 0xB38A, 0xC3EB,
  0xB36A, 0xB369, 0xB3AA, 0xAB6A, 0xAB8A, 0xAB8A, 0xAB6A, 0xAB8A,
  0xB389, 0xCC2C, 0xE48C, 0xEC8C, 0xE48C, 0xC3CA, 0xAB6A, 0xAB6A,
  0xAB6A, 0xAB6A, 0xB34A, 0xBB29, 0xE46C, 0xEC8C, 0xEC8C, 0xECAC,
  0xECAC, 0xECAC, 0xECAC, 0xEC8C, 0xEC8C, 0xEC8C, 0xEC8C, 0xEC8C,
  0xEC8C, 0xEC8B, 0xE46B, 0xE46B, 0xE48C, 0xCC2C, 0x8287, 0xA34A,
  0xAB8B, 0xA32A, 0xA34A, 0xAB6A, 0xAB4A, 0xAB4A, 0xAB6A, 0xAB6A,
  0xAB8A, 0xAB8A, 0xAB8A, 0xAB8A, 0xAB8A, 0xAB8A, 0xAB8A, 0xAB6A,
  0x9B09, 0x9B2A, 0xAB6A, 0xAB6A, 0x9AC8, 0xAB6A, 0xAB69, 0xDC6C,
  0xDC6E, 0x6186, 0x5146, 0xB42C, 0xF60E, 0xFE2D, 0xFE2D, 0xFE2D,
  0xFE2D, 0xFE2D, 0xFE2D, 0xFE2D, 0xFE2D, 0xFE2D, 0xFE2D, 0xFE2D,
  0xFE2D, 0xFE2D, 0xFE2D, 0xFE2D, 0xFE2D, 0xFE2D, 0xFE2D, 0xFE2D,
  0xFE2D, 0xFE2D, 0xFE2D, 0xFE2D, 0xFE2D, 0xFE2D, 0xFE0D, 0xFE0D,
  0xFE2D, 0xFE2D, 0xFE2D, 0xFE2D, 0xFE2D, 0xFE2D, 0xFE2D, 0xFE2D,
  0xFE2D, 0xFE2D, 0xFE2D, 0xFE2D, 0xFE2D, 0xFE2D, 0xFE2D, 0xFE2D,
  0xFE2D, 0xFE2D, 0xFE2D, 0xFE2D, 0xFE2D, 0xFE2D, 0xFE2D, 0xFE2D,
  0xF75B, 0xF77B, 0xC5D5, 0x9C70, 0xE71A, 0xF79B, 0xFFBB, 0xF79B,
  0xF7BB, 0xF79B, 0xFFBB, 0xFF9B, 0xC5F6, 0x83EF, 0x6BCF, 0x5B8F,
  0x6390, 0x634E, 0x6B8F, 0x6B8F, 0x5B2E, 0x5B4F, 0x39A9, 0x3907,
  0x4947, 0x6A09, 0x7209, 0x6A09, 0x6A09, 0x6A09, 0x6A09, 0x7209,
  0x7209, 0x7209, 0x6A09, 0x6A09, 0x6A09, 0x928B, 0xC3AE, 0xAB8B,
  0xAB8A, 0xAB8A, 0xAB8A, 0xAB8A, 0xAB8A, 0xAB8A, 0xAB8A, 0xAB8A,
  0xAB8A, 0xAB8A, 0xAB8A, 0xAB8A, 0xAB8A, 0xAB8A, 0xAB8A, 0xAB8A,
  0xAB8A, 0xAB8A, 0xAB8A, 0xAB8A, 0xAB8A, 0xAB8A, 0xAB8A, 0xAB8A,
  0xAB8A, 0xAB8A, 0xAB8A, 0xAB8A, 0xAB8A, 0xAB8A, 0xAB8A, 0xAB8A,
  0xAB8A, 0xAB8A, 0xAB8A, 0xAB8A, 0xAB8A, 0xAB8A, 0xAB8A, 0xAB8A,
  0xAB8A, 0xAB8A, 0xAB8A, 0xAB8A, 0xAB8A, 0xAB6A, 0xAB6A, 0xB36A,
  0xB329, 0xCC0B, 0xCC2C, 0xAB49, 0xAB4A, 0xB329, 0xC369, 0xE46B,
  0xEC8C, 0xEC8C, 0xEC8C, 0xE46C, 0xCC0B, 0xAB6A, 0xAB8A, 0xAB6A,
  0xAB8A, 0xAB8A, 0xAB6A, 0xAB6A, 0xAB8A, 0xAB8A, 0xAB8A, 0xAB8A,
  0xAB8A, 0xAB8A, 0xAB8A, 0xAB8A, 0xAB6A, 0xAB4A, 0xC3CB, 0xC3CB,
  0xBB89, 0xD44B, 0xDC6C, 0xB38A, 0xAB69, 0xBBAA, 0xCC0B, 0xCC0A,
  0xDC4B, 0xE48C, 0xE4AC, 0xECAC, 0xE48B, 0xD42B, 0xAB69, 0xAB6A,
  0xAB6A, 0xAB6A, 0xB34A, 0xB329, 0xD3EA, 0xEC8C, 0xEC8C, 0xECAC,
  0xECAC, 0xECAC, 0xECAC, 0xEC8C, 0xEC8C, 0xEC8B, 0xEC8B, 0xEC8C,
  0xEC8C, 0xEC8B, 0xE46B, 0xD3EA, 0xDC4C, 0xD42B, 0xA34A, 0x92A8,
  0xA36B, 0xAB8B, 0x92C9, 0xAB6B, 0xAB6A, 0xAB6A, 0xAB6A, 0xAB6A,
  0xAB8A, 0xAB8A, 0xAB8A, 0xAB8A, 0xAB8A, 0xAB8A, 0xAB8A, 0xAB6A,
  0xA34A, 0x92C8, 0xAB8A, 0xAB6A, 0xA32A, 0xA32A, 0xAB8A, 0xCC0B,
  0xE48C, 0x9B0B, 0x5107, 0x7226, 0xEDCE, 0xFE0D, 0xFE2D, 0xFE2D,
  0xFE2D, 0xFE2D, 0xFE2D, 0xFE2D, 0xFE2D, 0xFE2D, 0xFE2D, 0xFE2D,
  0xFE2D, 0xFE2D, 0xFE2D, 0xFE2D, 0xFE2D, 0xFE2D, 0xFE2D, 0xFE2D,
  0xFE2D, 0xFE2D, 0xFE2D, 0xFE2D, 0xFE2D, 0xFE2D, 0xFE0D, 0xFE0D,
  0xFE2D, 0xFE2D, 0xFE2D, 0xFE2D, 0xFE2D, 0xFE2D, 0xFE2D, 0xFE2D,
  0xFE2D, 0xFE2D, 0xFE2D, 0xFE2D, 0xFE2D, 0xFE2D, 0xFE2D, 0xFE2D,
  0xFE2D, 0xFE2D, 0xFE2D, 0xFE2D, 0xFE2D, 0xFE2D, 0xFE2D, 0xFE2D,
  0xF75B, 0xD657, 0x732C, 0xDEB9, 0xFF9B, 0xF79B, 0xFFBB, 0xFFBB,
  0xFFBB, 0xFFBB, 0xFFBB, 0xFFBB, 0xF79B, 0xEF5B, 0xCE37, 0xBDB5,
  0xC5F6, 0xE71A, 0xF79B, 0xF77B, 0xDED9, 0xB555, 0x6AEC, 0x4147,
  0x5188, 0x6A09, 0x7209, 0x6A09, 0x6A09, 0x6A09, 0x6A09, 0x6A09,
  0x6A09, 0x6A09, 0x6A09, 0x6A09, 0x7209, 0x92AB, 0xC3AE, 0xAB6B,
  0xAB8A, 0xAB8A, 0xAB8A, 0xAB8A, 0xAB8A, 0xAB8A, 0xAB8A, 0xAB8A,
  0xAB8A, 0xAB8A, 0xAB8A, 0xAB8A, 0xAB8A, 0xAB8A, 0xAB8A, 0xAB8A,
  0xAB8A, 0xAB8A, 0xAB8A, 0xAB8A, 0xAB8A, 0xAB8A, 0xAB8A, 0xAB8A,
  0xAB8A, 0xAB8A, 0xAB8A, 0xAB8A, 0xAB8A, 0xAB8A, 0xAB8A, 0xAB8A,
  0xAB8A, 0xAB8A, 0xAB8A, 0xAB8A, 0xAB8A, 0xAB8A, 0xAB8A, 0xAB8A,
  0xAB8A, 0xAB8A, 0xAB8A, 0xAB8A, 0xAB8A, 0xAB8A, 0xAB6A, 0xB34A,
  0xC38A, 0xDC4C, 0xBBCB, 0xAB4A, 0xB32A, 0xBB29, 0xD40B, 0xEC8B,
  0xECAC, 0xEC8B, 0xECAC, 0xDC4B, 0xB3AA, 0xAB8A, 0xAB8A, 0xAB8A,
  0xAB8A, 0xAB8A, 0xAB8A, 0xAB6A, 0xAB6A, 0xAB6A, 0xAB8A, 0xAB8A,
  0xAB8A, 0xAB8A, 0xAB8A, 0xAB8A, 0xAB6A, 0xB349, 0xDC4C, 0xD40A,
  0xD42B, 0xE48B, 0xE4AC, 0xBBAA, 0xB369, 0xDC6B, 0xE48C, 0xECAC,
  0xEC8B, 0xECAC, 0xECAC, 0xEC8B, 0xEC8B, 0xE46C, 0xB38A, 0xAB6A,
  0xAB6A, 0xAB8A, 0xAB6A, 0xB34A, 0xBB6A, 0xE48C, 0xEC8C, 0xEC8C,
  0xEC8C, 0xECAB, 0xECAB, 0xECAC, 0xEC8B, 0xEC6B, 0xEC8B, 0xEC8C,
  0xECAB, 0xECAB, 0xECAC, 0xDC2B, 0xBB89, 0xCBEB, 0xBB8B, 0x92C9,
  0x92E9, 0xAB8B, 0xAB4A, 0x92A8, 0xAB6B, 0xAB6A, 0xAB8A, 0xAB8A,
  0xAB8A, 0xAB8A, 0xAB8A, 0xAB8A, 0xAB8A, 0xAB8A, 0xAB8A, 0xAB8A,
  0xAB8B, 0x92E9, 0x9B2A, 0xAB6B, 0xAB4A, 0x9B09, 0xAB6A, 0xBBAA,
  0xE48C, 0xC3ED, 0x6168, 0x5966, 0xCCEC, 0xFE0D, 0xFE2D, 0xFE2D,
  0xFE2D, 0xFE2D, 0xFE2D, 0xFE2D, 0xFE2D, 0xFE2D, 0xFE2D, 0xFE2D,
  0xFE2D, 0xFE2D, 0xFE2D, 0xFE2D, 0xFE2D, 0xFE2D, 0xFE2D, 0xFE2D,
  0xFE2D, 0xFE2D, 0xFE2D, 0xFE2D, 0xFE2D, 0xFE2D, 0xFE0D, 0xFE2D,
  0xFE2D, 0xFE0D, 0xFE0D, 0xFE0D, 0xFE2D, 0xFE2D, 0xFE2D, 0xFE2D,
  0xFE2D, 0xFE2D, 0xFE2D, 0xFE2D, 0xFE2D, 0xFE2D, 0xFE2D, 0xFE2D,
  0xFE2D, 0xFE2D, 0xFE2D, 0xFE2D, 0xFE2D, 0xFE2D, 0xFE2D, 0xFE2D,
  0xF75C, 0x8C0F, 0xCE37, 0xFF9B, 0xFFBB, 0xFFBB, 0xFFBB, 0xFFBB,
  0xFFBB, 0xFFBB, 0xFFBB, 0xFFBB, 0xFFBB, 0xF79B, 0xF79B, 0xFFBC,
  0xFFBB, 0xFFBB, 0xFFBB, 0xFFBB, 0xFFBB, 0xF79B, 0xDE98, 0x72EC,
  0x51A8, 0x6A29, 0x7209, 0x7209, 0x7209, 0x7209, 0x6A09, 0x6A09,
  0x6A09, 0x6A09, 0x6A09, 0x6A09, 0x7209, 0x9ACC, 0xC3AE, 0xAB6B,
  0xAB8A, 0xAB8A, 0xAB8A, 0xAB8A, 0xAB8A, 0xAB8A, 0xAB8A, 0xAB8A,
  0xAB8A, 0xAB8A, 0xAB8A, 0xAB8A, 0xAB8A, 0xAB8A, 0xAB8A, 0xAB8A,
  0xAB8A, 0xAB8A, 0xAB8A, 0xAB8A, 0xAB8A, 0xAB8A, 0xAB8A, 0xAB8A,
  0xAB8A, 0xAB8A, 0xAB8A, 0xAB8A, 0xAB8A, 0xAB8A, 0xAB8A, 0xAB8A,
  0xAB8A, 0xAB8A, 0xAB8A, 0xAB8A, 0xAB8A, 0xAB8A, 0xAB8A, 0xAB8A,
  0xAB8A, 0xAB8A, 0xAB8A, 0xAB8A, 0xAB6A, 0xAB8A, 0xAB6A, 0xB349,
  0xD40B, 0xCC2C, 0xB36A, 0xB34A, 0xB34A, 0xCBAA, 0xE48C, 0xEC8B,
  0xECAC, 0xE48B, 0xE48C, 0xD42B, 0xAB69, 0xAB6A, 0xAB8A, 0xAB8A,
  0xAB8A, 0xAB8A, 0xAB6A, 0x9B09, 0xA32A, 0xAB6A, 0xAB8A, 0xAB8A,
  0xAB8A, 0xAB8A, 0xAB8A, 0xAB6A, 0xB349, 0xCBEB, 0xE48C, 0xDC6B,
  0xE48C, 0xEC8B, 0xECAC, 0xBB89, 0xC38A, 0xE48C, 0xEC8B, 0xECAB,
  0xECAB, 0xECAB, 0xECAC, 0xECAB, 0xEC8B, 0xE48C, 0xC3CA, 0xAB6A,
  0xAB6A, 0xAB8A, 0xAB6A, 0xAB4A, 0xB32A, 0xD3EB, 0xEC8C, 0xEC8C,
  0xEC8B, 0xECAB, 0xECAB, 0xEC8B, 0xEC8B, 0xEC6B, 0xEC8B, 0xECAC,
  0xECAB, 0xECAC, 0xEC8C, 0xE4AC, 0xC3AA, 0xB369, 0xB36A, 0xA34A,
  0x7A67, 0xAB6B, 0xBBEC, 0x92C8, 0x9AE9, 0xAB8B, 0xAB8A, 0xAB8A,
  0xAB6A, 0xAB6A, 0xAB8A, 0xAB8A, 0xAB8A, 0xAB8A, 0xAB8A, 0xAB8A,
  0xAB8A, 0xA38A, 0x92E9, 0xAB6B, 0xAB6A, 0x9B0A, 0xA36B, 0xB38A,
  0xD42C, 0xDC6D, 0x7A28, 0x5126, 0xABEA, 0xFE2E, 0xF60D, 0xFE2D,
  0xFE2D, 0xFE2D, 0xFE2D, 0xFE2D, 0xFE0D, 0xFE0D, 0xFE2D, 0xFE2D,
  0xFE2D, 0xFE2D, 0xFE2D, 0xFE2D, 0xFE2D, 0xFE2D, 0xFE2D, 0xFE2D,
  0xFE2D, 0xFE2D, 0xFE2D, 0xFE2D, 0xFE2D, 0xFE2D, 0xFE2D, 0xFE2D,
  0xFE2D, 0xFE0D, 0xFE0D, 0xFE2D, 0xFE2D, 0xFE2D, 0xFE2D, 0xFE2D,
  0xFE2D, 0xFE2D, 0xFE2D, 0xFE2D, 0xFE2D, 0xFE2D, 0xFE2D, 0xFE2D,
  0xFE2D, 0xFE2D, 0xFE2D, 0xFE2D, 0xFE2D, 0xFE2D, 0xFE2D, 0xFE2D,
  0xDE99, 0x8C0F, 0xF79C, 0xFF9B, 0xFFBB, 0xFFBB, 0xFFBB, 0xFFBB,
  0xFFBB, 0xFFBB, 0xFFBB, 0xFFBB, 0xFFBB, 0xFFBB, 0xF79B, 0xFFBB,
  0xF79B, 0xFFBB, 0xFFBB, 0xFFBB, 0xFFBB, 0xFFBB, 0xFF9C, 0xE6BA,
  0x51E8, 0x61E9, 0x6A09, 0x7209, 0x6A09, 0x69E9, 0x6A09, 0x6A09,
  0x6A09, 0x6A09, 0x6A09, 0x6A09, 0x7209, 0x9AEC, 0xC3AE, 0xAB6B,
  0xAB8A, 0xAB8A, 0xAB8A, 0xAB8A, 0xAB8A, 0xAB8A, 0xAB8A, 0xAB8A,
  0xAB8A, 0xAB8A, 0xAB8A, 0xAB8A, 0xAB8A, 0xAB8A, 0xAB8A, 0xAB8A,
  0xAB8A, 0xAB8A, 0xAB8A, 0xAB8A, 0xAB8A, 0xAB8A, 0xAB8A, 0xAB8A,
  0xAB8A, 0xAB8A, 0xAB8A, 0xAB8A, 0xAB8A, 0xAB8A, 0xAB8A, 0xAB8A,
  0xAB8A, 0xAB8A, 0xAB8A, 0xAB8A, 0xAB8A, 0xAB8A, 0xAB8A, 0xAB8A,
  0xAB8A, 0xAB8A, 0xAB8A, 0xAB8A, 0xAB6A, 0xAB6A, 0xAB4A, 0xBB8A,
  0xDC4C, 0xBB8A, 0xAB69, 0xB349, 0xBB49, 0xDC4C, 0xEC8C, 0xEC8B,
  0xEC8B, 0xE48B, 0xDC4B, 0xBBAA, 0xAB6A, 0xAB6A, 0xAB8A, 0xAB8A,
  0xAB8A, 0xAB6A, 0xAB4B, 0x92C8, 0xAB6A, 0xAB8A, 0xAB8A, 0xAB8A,
  0xAB8A, 0xAB6A, 0xAB8A, 0xAB6A, 0xBB69, 0xE46D, 0xE48C, 0xE48C,
  0xEC8C, 0xEC8C, 0xE4AC, 0xB369, 0xC3AA, 0xECAC, 0xEC8B, 0xECAB,
  0xECAB, 0xECAB, 0xECAC, 0xECAB, 0xEC8B, 0xE48C, 0xD42C, 0xB36A,
  0xAB6A, 0xAB8A, 0xAB6A, 0xAB4A, 0xB329, 0xBB29, 0xDC4C, 0xEC8C,
  0xEC8B, 0xECAC, 0xECAC, 0xE48C, 0xEC8B, 0xEC8B, 0xEC8C, 0xECAC,
  0xECAC, 0xECAC, 0xEC8C, 0xECAC, 0xD42B, 0xB369, 0xAB4A, 0xAB6A,
  0x9309, 0x8AA8, 0xB38B, 0xC42D, 0x8AA8, 0xAB6A, 0xAB6A, 0xAB6B,
  0xAB6A, 0xAB6A, 0xAB8A, 0xAB8A, 0xAB8A, 0xAB8A, 0xAB8A, 0xAB6A,
  0xAB6A, 0xA36A, 0x92C9, 0xA34A, 0xAB6B, 0xA34B, 0x8A68, 0xAB8A,
  0xC3EB, 0xE48D, 0x9AE9, 0x5146, 0x82A8, 0xEDCF, 0xDD4C, 0xF5EE,
  0xFE2D, 0xFE2D, 0xFE2D, 0xFE0D, 0xFE0D, 0xFE0D, 0xFE2D, 0xFE2D,
  0xFE2D, 0xFE2D, 0xFE2D, 0xFE2D, 0xFE2D, 0xFE2D, 0xFE2D, 0xFE2D,
  0xFE2D, 0xFE2D, 0xFE2D, 0xFE2D, 0xFE2D, 0xFE2D, 0xFE0D, 0xFE0D,
  0xFE2D, 0xFE0D, 0xFE2D, 0xFE2D, 0xFE2D, 0xFE2D, 0xFE2D, 0xFE2D,
  0xFE2D, 0xFE2D, 0xFE2D, 0xFE2D, 0xFE2D, 0xFE2D, 0xFE2D, 0xFE2D,
  0xFE2D, 0xFE2D, 0xFE2D, 0xFE2D, 0xFE2D, 0xFE2D, 0xFE2D, 0xFE2D,
  0xD657, 0x9C91, 0xF79B, 0xFF9B, 0xFF9B, 0xFFBB, 0xFFBB, 0xFFBB,
  0xFFBB, 0xFFBB, 0xFFBB, 0xFFBB, 0xF79B, 0xD697, 0xD677, 0xF79B,
  0xFFBB, 0xFFBB, 0xFFBB, 0xFFBB, 0xFFBB, 0xFFBB, 0xFFBC, 0xF79C,
  0xBD54, 0x59E8, 0x6A09, 0x7209, 0x69C9, 0x61A8, 0x6A09, 0x6A09,
  0x6A09, 0x6A09, 0x6A09, 0x6A09, 0x7209, 0x9AEC, 0xC3AE, 0xAB6B,
  0xAB8A, 0xAB8A, 0xAB8A, 0xAB8A, 0xAB8A, 0xAB8A, 0xAB8A, 0xAB8A,
  0xAB8A, 0xAB8A, 0xAB8A, 0xAB8A, 0xAB8A, 0xAB8A, 0xAB8A, 0xAB8A,
  0xAB8A, 0xAB8A, 0xAB8A, 0xAB8A, 0xAB8A, 0xAB8A, 0xAB8A, 0xAB8A,
  0xAB8A, 0xAB8A, 0xAB8A, 0xAB8A, 0xAB8A, 0xAB8A, 0xAB8A, 0xAB8A,
  0xAB8A, 0xAB8A, 0xAB8A, 0xAB8A, 0xAB8A, 0xAB8A, 0xAB8A, 0xAB8A,
  0xAB8A, 0xAB8A, 0xAB8A, 0xAB8A, 0xAB6A, 0xAB6A, 0xAB4A, 0xC3EB,
  0xC3CB, 0xB369, 0xB36A, 0xB349, 0xC3AA, 0xE46C, 0xECAC, 0xEC8B,
  0xEC8C, 0xEC8C, 0xCC2B, 0xAB69, 0xAB6A, 0xAB8A, 0xAB8A, 0xAB8A,
  0xAB6A, 0xB34B, 0xB36D, 0xAB6B, 0xAB6A, 0xAB8A, 0xAB8A, 0xAB8A,
  0xAB8A, 0xAB6A, 0xAB6A, 0xB369, 0xCBEB, 0xEC8C, 0xDC4B, 0xDC4B,
  0xEC8B, 0xEC8C, 0xDC6C, 0xB349, 0xC3CA, 0xECAC, 0xEC8B, 0xECAC,
  0xECAC, 0xECAB, 0xEC8C, 0xECAC, 0xECAC, 0xEC8C, 0xDC8C, 0xB38A,
  0xAB6A, 0xAB6A, 0xAB6A, 0xAB6A, 0xB34A, 0xB329, 0xD40B, 0xE48C,
  0xECAB, 0xECAC, 0xECAC, 0xEC8C, 0xEC8B, 0xEC8B, 0xEC8B, 0xECAC,
  0xECAC, 0xECAC, 0xEC8C, 0xEC8B, 0xE46C, 0xBBAA, 0xAB6A, 0xAB6A,
  0xAB6B, 0x8AA8, 0xA34A, 0xC3EB, 0x92C8, 0x9B2A, 0xAB6A, 0xAB6A,
  0xAB6A, 0xAB6A, 0xAB8A, 0xAB8A, 0xAB8A, 0xAB8A, 0xAB8A, 0xAB6A,
  0xAB6A, 0xAB8A, 0x9B0A, 0xA32A, 0xA36A, 0xAB6B, 0x8268, 0xA36B,
  0xB38A, 0xE48C, 0xD44D, 0x61A6, 0x5946, 0xE5B0, 0xABC8, 0xC48C,
  0xF60E, 0xFE2D, 0xFE0D, 0xFE0D, 0xFE2D, 0xFE2D, 0xFE2D, 0xFE2D,
  0xFE2D, 0xFE2D, 0xFE2D, 0xFE2D, 0xFE2D, 0xFE2D, 0xFE2D, 0xFE2D,
  0xFE2D, 0xFE2D, 0xFE2D, 0xFE2D, 0xFE2D, 0xFE2D, 0xFE0D, 0xFE0D,
  0xFE2D, 0xFE0D, 0xFE2D, 0xFE0D, 0xFE0D, 0xFE0D, 0xFE2D, 0xFE2D,
  0xFE2D, 0xFE2D, 0xFE2D, 0xFE2D, 0xFE2D, 0xFE2D, 0xFE2D, 0xFE2D,
  0xFE2D, 0xFE2D, 0xFE2D, 0xFE2D, 0xFE2D, 0xFE2D, 0xFE2D, 0xFE2D,
  0xA4D2, 0xB554, 0xF77C, 0xDEB9, 0xF75B, 0xF79B, 0xFFBB, 0xFFBB,
  0xF79B, 0xFFBB, 0xFFBB, 0xF7BB, 0xFFBB, 0xA4D1, 0x83CE, 0xFF9C,
  0xFFBB, 0xFFBB, 0xFFBB, 0xFFBB, 0xFFBB, 0xFFBB, 0xFFBB, 0xF7BB,
  0xEF3B, 0x7B2D, 0x6A09, 0x6A09, 0x5987, 0x61C8, 0x6A09, 0x6A09,
  0x6A09, 0x6A09, 0x6A09, 0x6A09, 0x7209, 0x9AEC, 0xC3AE, 0xB36B,
  0xAB8A, 0xAB8A, 0xAB8A, 0xAB8A, 0xAB8A, 0xAB8A, 0xAB8A, 0xAB8A,
  0xAB8A, 0xAB8A, 0xAB8A, 0xAB8A, 0xAB8A, 0xAB8A, 0xAB8A, 0xAB8A,
  0xAB8A, 0xAB8A, 0xAB8A, 0xAB8A, 0xAB8A, 0xAB8A, 0xAB8A, 0xAB8A,
  0xAB8A, 0xAB8A, 0xAB8A, 0xAB8A, 0xAB8A, 0xAB8A, 0xAB8A, 0xAB8A,
  0xAB8A, 0xAB8A, 0xAB8A, 0xAB8A, 0xAB8A, 0xAB8A, 0xAB8A, 0xAB8A,
  0xAB8A, 0xAB8A, 0xAB8A, 0xAB8A, 0xAB6A, 0xAB6A, 0xB36A, 0xBBEB,
  0xB38A, 0xB36A, 0xB34A, 0xB329, 0xD40B, 0xE44B, 0xEC8C, 0xECAC,
  0xEC8C, 0xDC6C, 0xB3A9, 0xAB8A, 0xAB6A, 0xAB6A, 0xAB8A, 0xAB6A,
  0xB38B, 0xBB8E, 0x9ACB, 0xAB6B, 0xAB8A, 0xAB8A, 0xAB8A, 0xAB8A,
  0xAB8A, 0xAB6A, 0xAB6A, 0xB329, 0xDC2B, 0xEC8C, 0xE46B, 0xE48B,
  0xEC8B, 0xECAC, 0xC3EA, 0xB349, 0xCBEB, 0xECAC, 0xECAB, 0xECAC,
  0xECAC, 0xEC8B, 0xEC8C, 0xECAC, 0xECAB, 0xECAC, 0xE48C, 0xBBCA,
  0xAB6A, 0xAB6A, 0xAB8A, 0xAB6A, 0xAB6A, 0xB34A, 0xBB8A, 0xE48C,
  0xECAC, 0xECAC, 0xECAC, 0xEC8B, 0xECAC, 0xE48C, 0xE48B, 0xEC8B,
  0xECAC, 0xECAC, 0xEC8C, 0xEC8B, 0xE4AC, 0xCC2B, 0xAB8A, 0xAB6A,
  0xAB6B, 0xAB6C, 0x9B2A, 0xB38A, 0xBBCC, 0x7A26, 0xA34A, 0xAB8A,
  0xAB6B, 0xAB6A, 0xAB8A, 0xAB8A, 0xAB8A, 0xAB8A, 0xAB8A, 0xAB6A,
  0xAB8A, 0xAB8A, 0xA34A, 0x92C9, 0xA36A, 0xAB6A, 0xA34A, 0x92E9,
  0xAB6A, 0xCC0B, 0xE48D, 0x92A9, 0x5127, 0xBC6D, 0xD4ED, 0x82A6,
  0xD52D, 0xF60E, 0xFE0D, 0xFE2D, 0xFE2D, 0xFE2D, 0xFE2D, 0xFE2D,
  0xFE2D, 0xFE2D, 0xFE2D, 0xFE2D, 0xFE2D, 0xFE2D, 0xFE2D, 0xFE2D,
  0xFE2D, 0xFE2D, 0xFE2D, 0xFE2D, 0xFE2D, 0xFE2D, 0xFE0D, 0xFE2D,
  0xFE2D, 0xFE0D, 0xFE0D, 0xFE0D, 0xFE0D, 0xFE0D, 0xFE2D, 0xFE2D,
  0xFE2D, 0xFE2D, 0xFE2D, 0xFE2D, 0xFE2D, 0xFE2D, 0xFE2D, 0xFE2D,
  0xFE2D, 0xFE2D, 0xFE2D, 0xFE2D, 0xFE2D, 0xFE2D, 0xFE2D, 0xFE2D,
  0xA4D3, 0xBD95, 0xB554, 0x9C91, 0x9450, 0xEF1B, 0xF79B, 0xFFBB,
  0xFFBB, 0xFFBB, 0xFFBB, 0xFFBB, 0xF79B, 0xA512, 0x734C, 0xF79C,
  0xFFBA, 0xFFBB, 0xFFBB, 0xFFBB, 0xFFBB, 0xFFBB, 0xFFBB, 0xFFBB,
  0xF79B, 0xA4B2, 0x59E9, 0x6209, 0x5988, 0x6A09, 0x6A09, 0x6A09,
  0x6A09, 0x6A09, 0x6A09, 0x6A09, 0x7209, 0xA30C, 0xC3AE, 0xB36B,
  0xAB8A, 0xAB8A, 0xAB8A, 0xAB8A, 0xAB8A, 0xAB8A, 0xAB8A, 0xAB8A,
  0xAB8A, 0xAB8A, 0xAB8A, 0xAB8A, 0xAB8A, 0xAB8A, 0xAB8A, 0xAB8A,
  0xAB8A, 0xAB8A, 0xAB8A, 0xAB8A, 0xAB8A, 0xAB8A, 0xAB8A, 0xAB8A,
  0xAB8A, 0xAB8A, 0xAB8A, 0xAB8A, 0xAB8A, 0xAB8A, 0xAB8A, 0xAB8A,
  0xAB8A, 0xAB8A, 0xAB8A, 0xAB8A, 0xAB8A, 0xAB8A, 0xAB8A, 0xAB8A,
  0xAB8A, 0xAB8A, 0xAB8A, 0xAB8A, 0xAB6A, 0xAB6A, 0xB36A, 0xB3AA,
  0xAB8A, 0xB34A, 0xB329, 0xBB49, 0xE46C, 0xEC8C, 0xEC8C, 0xE46B,
  0xE46B, 0xCC0B, 0xAB6A, 0xAB8A, 0xAB8A, 0xAB8A, 0xAB6A, 0xAB6A,
  0xB3AD, 0x9ACB, 0x9289, 0xAB6B, 0xAB8A, 0xAB8A, 0xAB8A, 0xAB8A,
  0xAB8A, 0xAB6A, 0xAB4A, 0xBB69, 0xE46C, 0xEC8B, 0xE48B, 0xEC8C,
  0xEC8B, 0xE48C, 0xB389, 0xB349, 0xCBEB, 0xECAC, 0xECAB, 0xECAC,
  0xE48C, 0xEC8B, 0xEC8C, 0xECAC, 0xEC8B, 0xEC8B, 0xE4AC, 0xC3EA,
  0xAB8A, 0xAB6A, 0xAB6A, 0xAB8A, 0xAB6A, 0xB34A, 0xB349, 0xDC4C,
  0xECAC, 0xEC8B, 0xEC8B, 0xEC8B, 0xE4AC, 0xD40B, 0xE46C, 0xE48B,
  0xECAC, 0xECAC, 0xEC8B, 0xECAB, 0xE4AB, 0xDC6B, 0xAB69, 0xAB6A,
  0xB36B, 0xA34A, 0x8A88, 0xAB6B, 0xC40C, 0x92C9, 0x92A8, 0xAB6B,
  0xAB6A, 0xAB6A, 0xAB8A, 0xAB8A, 0xAB8A, 0xAB8A, 0xAB8A, 0xAB8A,
  0xAB8A, 0xAB6A, 0xAB6B, 0x930A, 0xA34A, 0xAB6A, 0xAB6A, 0x9AE9,
  0xA34A, 0xBBCA, 0xE48C, 0xC3ED, 0x5926, 0x7A47, 0xEDD0, 0x9B69,
  0x8AE8, 0xE5AE, 0xF62D, 0xFE2D, 0xFE0D, 0xFE2D, 0xFE2D, 0xFE2D,
  0xFE2D, 0xFE2D, 0xFE2D, 0xFE2D, 0xFE2D, 0xFE2D, 0xFE2D, 0xFE2D,
  0xFE2D, 0xFE2D, 0xFE2D, 0xFE2D, 0xFE2D, 0xFE2D, 0xFE2D, 0xFE2D,
  0xF62D, 0xF60E, 0xDD4D, 0xD52C, 0xF5ED, 0xFE0D, 0xFE2D, 0xFE2D,
  0xFE2D, 0xFE2D, 0xFE2D, 0xFE2D, 0xFE2D, 0xFE2D, 0xFE2D, 0xFE2D,
  0xFE2D, 0xFE2D, 0xFE2D, 0xFE2D, 0xFE2D, 0xFE2D, 0xFE2D, 0xFE2D,
  0x9431, 0xC5D7, 0x5249, 0x5A6A, 0x5229, 0x9471, 0xBD94, 0xF77B,
  0xF79B, 0xFFBB, 0xFFBB, 0xFFBB, 0xF79B, 0xDEB8, 0xCE16, 0xF79B,
  0xFFBB, 0xFFBB, 0xFFBB, 0xFFBB, 0xFFBB, 0xFFBB, 0xFFBB, 0xFFBB,
  0xFFBB, 0xCDF6, 0x624A, 0x9C11, 0x59E9, 0x6A09, 0x6A09, 0x6A09,
  0x6A09, 0x7209, 0x6A09, 0x6A09, 0x7209, 0xA30D, 0xC3AE, 0xAB6B,
  0xAB8A, 0xAB8A, 0xAB8A, 0xAB8A, 0xAB8A, 0xAB8A, 0xAB8A, 0xAB8A,
  0xAB8A, 0xAB8A, 0xAB8A, 0xAB8A, 0xAB8A, 0xAB8A, 0xAB8A, 0xAB8A,
  0xAB8A, 0xAB8A, 0xAB8A, 0xAB8A, 0xAB8A, 0xAB8A, 0xAB8A, 0xAB8A,
  0xAB8A, 0xAB8A, 0xAB8A, 0xAB8A, 0xAB8A, 0xAB8A, 0xAB8A, 0xAB8A,
  0xAB8A, 0xAB8A, 0xAB8A, 0xAB8A, 0xAB8A, 0xAB8A, 0xAB8A, 0xAB8A,
  0xAB8A, 0xAB8A, 0xAB8A, 0xAB8A, 0xAB6A, 0xAB6A, 0xAB8A, 0xAB8A,
  0xAB6A, 0xB34A, 0xBB29, 0xD40B, 0xE4AC, 0xECAB, 0xEC8B, 0xE48B,
  0xDC6B, 0xBBAA, 0xAB6B, 0xAB6A, 0xAB8A, 0xAB8A, 0xAB6A, 0xB38B,
  0xAB6D, 0x7A29, 0x92EB, 0xAB8B, 0xAB8A, 0xAB8A, 0xAB8A, 0xAB8A,
  0xAB8A, 0xAB6A, 0xB349, 0xD3EB, 0xE46C, 0xE46B, 0xEC8B, 0xEC8B,
  0xEC8B, 0xDC4B, 0xB369, 0xB34A, 0xCBEB, 0xECAC, 0xECAB, 0xECAC,
  0xE48B, 0xE46B, 0xEC8C, 0xECAC, 0xEC8B, 0xEC8B, 0xECAC, 0xCC0B,
  0xAB8A, 0xAB6A, 0xAB6A, 0xAB8A, 0xAB8A, 0xB36A, 0xB34A, 0xCBCA,
  0xE48C, 0xE48B, 0xE46B, 0xE48C, 0xDC4C, 0xBB49, 0xCBAA, 0xE46C,
  0xEC8C, 0xECAB, 0xEC8B, 0xECAC, 0xE4AB, 0xE4AC, 0xBBEA, 0xAB6A,
  0xB36A, 0xAB6A, 0x92C9, 0x9B0A, 0xBBCB, 0xC42D, 0x8227, 0xA32B,
  0xAB6A, 0xAB6A, 0xAB8A, 0xAB8A, 0xAB8A, 0xAB8A, 0xAB8A, 0xAB8A,
  0xAB8A, 0xAB8A, 0x9BAC, 0x942F, 0x932B, 0xA32A, 0xAB6A, 0xAB2A,
  0xAB6A, 0xB3AA, 0xDC6B, 0xDC6D, 0x71C7, 0x5126, 0xDD4E, 0xDD6E,
  0x7266, 0xA3C9, 0xF62E, 0xFE0E, 0xFE2D, 0xFE2D, 0xFE2D, 0xFE2D,
  0xFE2D, 0xFE2D, 0xFE2D, 0xFE2D, 0xFE2D, 0xFE2D, 0xFE2D, 0xFE2D,
  0xFE2D, 0xFE2D, 0xFE2D, 0xFE2D, 0xFE2D, 0xFE2D, 0xFE2D, 0xF60D,
  0xF5EE, 0xABCA, 0x7247, 0x8B28, 0xEDAD, 0xFE0D, 0xFE2D, 0xFE2D,
  0xFE2D, 0xFE2D, 0xFE2D, 0xFE2D, 0xFE2D, 0xFE2D, 0xFE2D, 0xFE2D,
  0xFE2D, 0xFE2D, 0xFE2D, 0xFE2D, 0xFE2D, 0xFE2D, 0xFE2D, 0xFE2D,
  0xA492, 0xA4B3, 0x4166, 0x4187, 0x4168, 0x51E9, 0xAD14, 0x8C0F,
  0xF79C, 0xF79B, 0xFFBB, 0xFFBB, 0xFFBB, 0xFFBB, 0xF79B, 0xFFBB,
  0xFFBB, 0xFFBB, 0xFFBB, 0xFFBB, 0xFFBB, 0xFFBB, 0xFFBB, 0xFFBB,
  0xFFBB, 0xDEB8, 0x5209, 0xF75C, 0xBD75, 0x5A08, 0x6A09, 0x6A09,
  0x6A09, 0x6A09, 0x6A09, 0x6A09, 0x7209, 0xA30C, 0xC3AE, 0xAB6B,
  0xAB8A, 0xAB8A, 0xAB8A, 0xAB8A, 0xAB8A, 0xAB8A, 0xAB8A, 0xAB8A,
  0xAB8A, 0xAB8A, 0xAB8A, 0xAB8A, 0xAB8A, 0xAB8A, 0xAB8A, 0xAB8A,
  0xAB8A, 0xAB8A, 0xAB8A, 0xAB8A, 0xAB8A, 0xAB8A, 0xAB8A, 0xAB8A,
  0xAB8A, 0xAB8A, 0xAB8A, 0xAB8A, 0xAB8A, 0xAB8A, 0xAB8A, 0xAB8A,
  0xAB8A, 0xAB8A, 0xAB8A, 0xAB8A, 0xAB8A, 0xAB8A, 0xAB8A, 0xAB8A,
  0xAB8A, 0xAB8A, 0xAB8A, 0xAB8A, 0xAB6A, 0xAB6A, 0xAB8A, 0xAB6A,
  0xB36A, 0xB329, 0xC36A, 0xEC8C, 0xE48B, 0xE48B, 0xE48C, 0xE46B,
  0xCC4C, 0xAB69, 0xAB8A, 0xAB6A, 0xAB8A, 0xAB8A, 0xAB6A, 0xBBAD,
  0x92CB, 0x7208, 0xA34B, 0xAB6A, 0xAB8A, 0xAB6A, 0xAB6A, 0xAB8A,
  0xAB8A, 0xB34A, 0xBB6A, 0xE44C, 0xE46B, 0xEC8B, 0xEC8B, 0xEC8B,
  0xEC8C, 0xCC0B, 0xAB6A, 0xB34A, 0xCBCB, 0xECAC, 0xEC8B, 0xEC8C,
  0xEC8C, 0xEC8B, 0xEC8C, 0xECAC, 0xECAC, 0xEC8B, 0xEC8B, 0xCC2B,
  0xAB6A, 0xA34A, 0xAB6A, 0xAB8A, 0xAB6A, 0xAB6A, 0xAB4A, 0xB349,
  0xDC6C, 0xE48B, 0xE44A, 0xE48C, 0xC3AA, 0xB329, 0xB349, 0xCBCA,
  0xE46C, 0xE46B, 0xEC8B, 0xEC8B, 0xEC8B, 0xE48B, 0xD42B, 0xB36A,
  0xB38A, 0xAB6A, 0xAB6B, 0x7A06, 0xAB6B, 0xD46D, 0x9AA9, 0x8AA9,
  0xA329, 0xAB8A, 0xA36A, 0xAB8A, 0xAB8A, 0xAB8A, 0xAB6A, 0xAB8A,
  0xAB6B, 0xA38A, 0x942F, 0x9577, 0x832C, 0xA34A, 0xAB6A, 0xAB6A,
  0xAB6A, 0xAB8A, 0xD40A, 0xE46C, 0x92A9, 0x4926, 0xA369, 0xF5EE,
  0xD52E, 0x7245, 0xBC8C, 0xF60E, 0xFE2D, 0xFE2D, 0xFE2D, 0xFE0D,
  0xFE2D, 0xFE2D, 0xFE2D, 0xFE2D, 0xFE2D, 0xFE2D, 0xFE2D, 0xFE2D,
  0xFE2D, 0xFE2D, 0xFE2D, 0xFE0E, 0xFE0D, 0xFE0D, 0xFE0D, 0xF60F,
  0xB44C, 0x5986, 0x4926, 0x7AA7, 0xE58D, 0xFE0D, 0xFE0D, 0xFE2D,
  0xFE2D, 0xFE2D, 0xFE2D, 0xFE2D, 0xFE2D, 0xFE2D, 0xFE2D, 0xFE2D,
  0xFE2D, 0xFE2D, 0xFE2D, 0xFE2D, 0xFE2D, 0xFE2D, 0xFE2D, 0xFE2D,
  0x8BEF, 0xB534, 0x4166, 0x51C9, 0x4989, 0x6A8C, 0x732D, 0xB555,
  0xC5D6, 0xFFBC, 0xF7BB, 0xFFBB, 0xFFBB, 0xFFBB, 0xFFBB, 0xFFBB,
  0xFFBB, 0xFFBB, 0xFFBB, 0xFFBB, 0xFFBB, 0xFFBB, 0xFFBB, 0xF7BB,
  0xFFBB, 0xDE98, 0x4167, 0x6AAB, 0xD638, 0x6A6A, 0x6A09, 0x6A09,
  0x6A09, 0x7209, 0x6A09, 0x7209, 0x7209, 0x9AEC, 0xC3AE, 0xAB6B,
  0xAB8A, 0xAB8A, 0xAB8A, 0xAB8A, 0xAB8A, 0xAB8A, 0xAB8A, 0xAB8A,
  0xAB8A, 0xAB8A, 0xAB8A, 0xAB8A, 0xAB8A, 0xAB8A, 0xAB8A, 0xAB8A,
  0xAB8A, 0xAB8A, 0xAB8A, 0xAB8A, 0xAB8A, 0xAB8A, 0xAB8A, 0xAB8A,
  0xAB8A, 0xAB8A, 0xAB8A, 0xAB8A, 0xAB8A, 0xAB8A, 0xAB8A, 0xAB8A,
  0xAB8A, 0xAB8A, 0xAB8A, 0xAB8A, 0xAB8A, 0xAB8A, 0xAB8A, 0xAB8A,
  0xAB8A, 0xAB8A, 0xAB8A, 0xAB8A, 0xAB6A, 0xAB6A, 0xAB8A, 0xAB6A,
  0xAB4A, 0xB329, 0xD3EB, 0xE46C, 0xDC4B, 0xCBEA, 0xD3EA, 0xDC4B,
  0xBBCA, 0xAB69, 0xAB8A, 0xAB8A, 0xAB8A, 0xAB6A, 0xB36B, 0xBBAE,
  0x7A29, 0x7208, 0xAB8C, 0xAB6A, 0xAB8A, 0xAB8A, 0xAB6A, 0xAB6A,
  0xAB6A, 0xB349, 0xC38A, 0xE44C, 0xE46B, 0xE46B, 0xE48B, 0xE44B,
  0xEC8C, 0xC3EB, 0xAB6A, 0xB34A, 0xCBEA, 0xECAC, 0xEC8B, 0xEC8C,
  0xECAC, 0xECAC, 0xECAC, 0xECAB, 0xECAC, 0xEC8B, 0xEC8B, 0xCC2B,
  0xAB6A, 0xA34A, 0xAB6A, 0xAB6A, 0xAB6A, 0xAB6A, 0xAB4A, 0xB349,
  0xCBCA, 0xE48C, 0xEC8B, 0xEC8C, 0xC389, 0xB34A, 0xB329, 0xB329,
  0xC38A, 0xE46C, 0xECAC, 0xECAB, 0xEC8B, 0xE48C, 0xC3EB, 0xAB49,
  0xAB6A, 0xAB8A, 0xAB6B, 0x92C9, 0x92C9, 0xC3CB, 0xC3EC, 0x8268,
  0xA36B, 0xA38B, 0xAC90, 0xA3CD, 0xA36A, 0xAB6A, 0xAB6A, 0xAB6A,
  0xAB6A, 0x9BAC, 0x9534, 0x8DB9, 0x9472, 0xA34C, 0xA34B, 0xAB6A,
  0xAB6A, 0xAB8A, 0xC3EB, 0xE4AC, 0xBBAB, 0x4926, 0x8AC9, 0xF5EF,
  0xEDCD, 0xC4CC, 0x69E4, 0xA3CA, 0xE58D, 0xF60D, 0xFE2D, 0xFE2D,
  0xFE2D, 0xFE2D, 0xFE0D, 0xFE0D, 0xFE2D, 0xFE2D, 0xFE2D, 0xFE2D,
  0xFE2D, 0xFE2D, 0xFE2D, 0xFE0D, 0xFE0D, 0xFE0D, 0xEDAE, 0xA3CA,
  0x5186, 0x4127, 0x4926, 0x9B8A, 0xF5EE, 0xFE0D, 0xFE0D, 0xFE2D,
  0xFE2D, 0xFE2D, 0xFE2D, 0xFE2D, 0xFE2D, 0xFE2D, 0xFE2D, 0xFE2D,
  0xFE2D, 0xFE2D, 0xFE2D, 0xFE2D, 0xFE2D, 0xFE2D, 0xFE2D, 0xFE2D,
  0x8C10, 0xAD14, 0x3946, 0x51C9, 0x4147, 0x6A8C, 0x49A8, 0xAD14,
  0xA4F2, 0xF77B, 0xFFBB, 0xFFBB, 0xFFBB, 0xFFBB, 0xFFBB, 0xFFBB,
  0xFFBB, 0xFFBB, 0xFFBB, 0xFFBB, 0xFFBB, 0xFFBB, 0xFFBB, 0xF7BB,
  0xFFBB, 0xD658, 0x4167, 0x4147, 0x8B8F, 0x6229, 0x6A29, 0x6A09,
  0x6A09, 0x6A09, 0x6A09, 0x7209, 0x7209, 0x9ACC, 0xC3AE, 0xB36B,
  0xAB8A, 0xAB8A, 0xAB8A, 0xAB8A, 0xAB8A, 0xAB8A, 0xAB8A, 0xAB8A,
  0xAB8A, 0xAB8A, 0xAB8A, 0xAB8A, 0xAB8A, 0xAB8A, 0xAB8A, 0xAB8A,
  0xAB8A, 0xAB8A, 0xAB8A, 0xAB8A, 0xAB8A, 0xAB8A, 0xAB8A, 0xAB8A,
  0xAB8A, 0xAB8A, 0xAB8A, 0xAB8A, 0xAB8A, 0xAB8A, 0xAB8A, 0xAB8A,
  0xAB8A, 0xAB8A, 0xAB8A, 0xAB8A, 0xAB8A, 0xAB8A, 0xAB8A, 0xAB8A,
  0xAB8A, 0xAB8A, 0xAB8A, 0xAB8A, 0xAB8A, 0xAB8A, 0xAB8A, 0xAB6A,
  0xB32A, 0xBB6A, 0xDC6C, 0xE48C, 0xCBAA, 0xB329, 0xC3AA, 0xCC2B,
  0xB369, 0xAB6A, 0xAB8A, 0xAB8A, 0xAB6A, 0xAB6A, 0xBB8C, 0xA30C,
  0x7209, 0x7A49, 0xB38C, 0xAB6A, 0xAB8A, 0xAB8A, 0xAB8A, 0xAB6A,
  0xB36A, 0xB329, 0xD3EB, 0xE46C, 0xE46C, 0xE48C, 0xDC4B, 0xDC2B,
  0xE48C, 0xBBAA, 0xAB6A, 0xB34A, 0xCBEA, 0xECAC, 0xEC8B, 0xEC8C,
  0xECAC, 0xECAC, 0xEC8C, 0xECAB, 0xEC8C, 0xEC8B, 0xECAC, 0xCC2B,
  0xAB6A, 0xAB6A, 0xA36A, 0xAB6A, 0xAB6A, 0xAB6A, 0xAB6A, 0xB34A,
  0xBB69, 0xDC4C, 0xE48B, 0xE46C, 0xBB69, 0xB34A, 0xB34A, 0xB349,
  0xB349, 0xC3AA, 0xDC4C, 0xECAB, 0xE4AB, 0xD3EA, 0xB349, 0xAB4A,
  0xAB6A, 0xAB6A, 0xAB8A, 0xA36B, 0x8AA9, 0xAB69, 0xCC4C, 0x8AA8,
  0x9B0A, 0x9B8C, 0xADD7, 0x9CF3, 0x9BED, 0xA38B, 0xAB6A, 0xAB8A,
  0xA38B, 0x9C71, 0x9DF9, 0x85D9, 0x8CF5, 0x9B8C, 0x8A88, 0xA32B,
  0xAB6A, 0xAB6A, 0xB38A, 0xDC8C, 0xD42C, 0x5947, 0x7208, 0xE58E,
  0xF60D, 0xF60E, 0xBC4B, 0x7266, 0x9328, 0xD52D, 0xF60E, 0xF60D,
  0xFE2D, 0xFE0D, 0xFE2D, 0xFE2D, 0xFE2D, 0xFE2D, 0xFE2D, 0xFE2D,
  0xFE2D, 0xFE2D, 0xFE2D, 0xFE2D, 0xF60D, 0xDD4E, 0x9349, 0x5165,
  0x4127, 0x4947, 0x7247, 0xDD4D, 0xFE0D, 0xFE0D, 0xFE2D, 0xFE2D,
  0xFE2D, 0xFE2D, 0xFE2D, 0xFE2D, 0xFE2D, 0xFE2D, 0xFE2D, 0xFE2D,
  0xFE2D, 0xFE2D, 0xFE2D, 0xFE2D, 0xFE2D, 0xFE2D, 0xFE2D, 0xFE2D,
  0x9C71, 0xACD3, 0x4146, 0x4167, 0x4968, 0x49A9, 0x49C8, 0x62AB,
  0x9C92, 0xF77B, 0xFFBB, 0xEF3A, 0xC5F5, 0xFFBB, 0xFFBB, 0xFFBB,
  0xFFBB, 0xFFBB, 0xFFBB, 0xFFBB, 0xFFBB, 0xFFBB, 0xFFBB, 0xF7BB,
  0xF77B, 0xA472, 0x51A8, 0x4968, 0x6A6B, 0x61E8, 0x6A09, 0x6A09,
  0x6A09, 0x6A09, 0x6A09, 0x7209, 0x7209, 0x9ACC, 0xC3AE, 0xB38B,
  0xAB8A, 0xAB8A, 0xAB8A, 0xAB8A, 0xAB8A, 0xAB8A, 0xAB8A, 0xAB8A,
  0xAB8A, 0xAB8A, 0xAB8A, 0xAB8A, 0xAB8A, 0xAB8A, 0xAB8A, 0xAB8A,
  0xAB8A, 0xAB8A, 0xAB8A, 0xAB8A, 0xAB8A, 0xAB8A, 0xAB8A, 0xAB8A,
  0xAB8A, 0xAB8A, 0xAB8A, 0xAB8A, 0xAB8A, 0xAB8A, 0xAB8A, 0xAB8A,
  0xAB8A, 0xAB8A, 0xAB8A, 0xAB8A, 0xAB8A, 0xAB8A, 0xAB8A, 0xAB8A,
  0xAB8A, 0xAB8A, 0xAB8A, 0xAB8A, 0xAB8A, 0xAB8A, 0xAB6A, 0xAB4A,
  0xB34A, 0xCBCB, 0xE48C, 0xD42C, 0xBB6A, 0xBB29, 0xD40C, 0xBBAA,
  0xAB6A, 0xAB6A, 0xAB8A, 0xAB8A, 0xAB6A, 0xB38B, 0xBBAD, 0x8229,
  0x6A09, 0x8AAA, 0xB38C, 0xAB6A, 0xAB8A, 0xAB8A, 0xAB8A, 0xAB6A,
  0xB34A, 0xB349, 0xD40B, 0xE46B, 0xE44B, 0xDC6B, 0xD40A, 0xDC4B,
  0xDC6C, 0xB389, 0xAB6A, 0xB349, 0xCBCA, 0xECAC, 0xEC8B, 0xEC8C,
  0xEC8C, 0xECAC, 0xEC8C, 0xECAB, 0xEC8C, 0xEC8C, 0xE48C, 0xCC2B,
  0xAB8A, 0xA34A, 0xA32A, 0xAB6B, 0xAB6A, 0xAB6A, 0xAB6A, 0xAB6A,
  0xB349, 0xCBEB, 0xE48C, 0xE44B, 0xBB69, 0xB34A, 0xB36A, 0xAB6A,
  0xB34A, 0xB309, 0xC38A, 0xE48C, 0xE48C, 0xCBCB, 0xB329, 0xAB6A,
  0xAB6A, 0xAB6A, 0xAB8A, 0xAB6B, 0x8AA9, 0xA34A, 0xC3EB, 0xB3AB,
  0x7A47, 0xA3AD, 0xA5F8, 0x95B8, 0x9D55, 0x9C2F, 0xA38C, 0xAB8B,
  0x9BEE, 0x9576, 0x85D9, 0x7DDA, 0x8D78, 0xA42F, 0x92C9, 0x92CA,
  0xAB6B, 0xAB6A, 0xAB6B, 0xC46E, 0xD48E, 0x69C7, 0x5967, 0xD4ED,
  0xFE0E, 0xFE0D, 0xF60E, 0xC4AC, 0x82E8, 0x7266, 0xABEA, 0xDD4D,
  0xF60F, 0xFE0E, 0xFE2D, 0xFE2D, 0xFE2D, 0xFE2D, 0xFE0D, 0xFE2D,
  0xFE0D, 0xFE2D, 0xF60E, 0xE5CE, 0xB44B, 0x7AC9, 0x4946, 0x4127,
  0x4947, 0x6A48, 0xD52D, 0xF60E, 0xFE0D, 0xFE2D, 0xFE2D, 0xFE2D,
  0xFE2D, 0xFE2D, 0xFE2D, 0xFE2D, 0xFE2D, 0xFE2D, 0xFE2D, 0xFE2D,
  0xFE2D, 0xFE2D, 0xFE2D, 0xFE2D, 0xFE2D, 0xFE2D, 0xFE2D, 0xFE2D,
  0xBD96, 0xACF3, 0x5209, 0x4988, 0x4968, 0x4148, 0x4168, 0x41A7,
  0x9450, 0xDEB9, 0xFFBC, 0xD677, 0x8C0E, 0xF79B, 0xFFBB, 0xF79B,
  0xFFBB, 0xFFBB, 0xFFBB, 0xFFBB, 0xFFBB, 0xFFBB, 0xFFBB, 0xF79B,
  0xD638, 0x624A, 0x61E9, 0x59A8, 0x6A09, 0x6A09, 0x6A09, 0x6A09,
  0x6A09, 0x6A09, 0x6A09, 0x7209, 0x6A09, 0x92AB, 0xC38E, 0xB36B,
  0xAB6A, 0xAB8A, 0xAB8A, 0xAB8A, 0xAB8A, 0xAB8A, 0xAB8A, 0xAB8A,
  0xAB8A, 0xAB8A, 0xAB8A, 0xAB8A, 0xAB8A, 0xAB8A, 0xAB8A, 0xAB8A,
  0xAB8A, 0xAB8A, 0xAB8A, 0xAB8A, 0xAB8A, 0xAB8A, 0xAB8A, 0xAB8A,
  0xAB8A, 0xAB8A, 0xAB8A, 0xAB8A, 0xAB8A, 0xAB8A, 0xAB8A, 0xAB8A,
  0xAB8A, 0xAB8A, 0xAB8A, 0xAB8A, 0xAB8A, 0xAB8A, 0xAB8A, 0xAB8A,
  0xAB8A, 0xAB8A, 0xAB8A, 0xAB8A, 0xAB8A, 0xAB8A, 0xAB6A, 0xAB49,
  0xB329, 0xDC4C, 0xCBEB, 0xB36A, 0xB349, 0xC38A, 0xCC0C, 0xB38A,
  0xAB6A, 0xAB8A, 0xAB8A, 0xAB6A, 0xAB6A, 0xB38C, 0xAB4D, 0x7209,
  0x6A09, 0x9B2C, 0xAB8B, 0xAB6A, 0xAB8A, 0xAB8A, 0xAB8A, 0xAB6A,
  0xB34A, 0xBB49, 0xDC2B, 0xE46B, 0xE46B, 0xDC6C, 0xCBCA, 0xDC2B,
  0xD42B, 0xAB69, 0xAB6A, 0xB329, 0xCBCA, 0xECAC, 0xEC8B, 0xEC8C,
  0xEC8C, 0xECAC, 0xEC8B, 0xE48B, 0xEC8C, 0xEC8B, 0xE4AC, 0xC3EB,
  0xAB6A, 0xA36A, 0x92A8, 0xA34A, 0xAB8A, 0xAB6A, 0xAB6A, 0xAB6A,
  0xB34A, 0xBB8A, 0xE48C, 0xDC4C, 0xBB49, 0xB34A, 0xAB6A, 0xAB6A,
  0xB36A, 0xB32A, 0xB349, 0xCBCB, 0xDC6C, 0xC3AA, 0xB34A, 0xAB6A,
  0xAB6A, 0xAB8A, 0xAB8A, 0xAB8A, 0x9B0A, 0x8AA9, 0xB3AA, 0xD46D,
  0x8227, 0x934C, 0x9597, 0x85B9, 0x95D8, 0xA5B7, 0x9491, 0x93AD,
  0x94B3, 0x85B9, 0x7DBA, 0x7DBA, 0x8599, 0x9451, 0xABAC, 0x7A68,
  0x9B6B, 0x93CD, 0x9491, 0x9D14, 0xC4F1, 0x92EA, 0x4926, 0xB44C,
  0xF60F, 0xF60E, 0xF60D, 0xF5EE, 0xD52D, 0x8B09, 0x59A6, 0x6A07,
  0x9329, 0xC48C, 0xEDCF, 0xF60F, 0xF60F, 0xF60F, 0xEDEE, 0xF62F,
  0xEDEE, 0xDD6E, 0xA3CA, 0x7AA8, 0x59C6, 0x4947, 0x4127, 0x4926,
  0x7288, 0xCCED, 0xFE2E, 0xFE2D, 0xFE0D, 0xFE2D, 0xFE2D, 0xFE2D,
  0xFE2D, 0xFE2D, 0xFE2D, 0xFE2D, 0xFE2D, 0xFE2D, 0xFE2D, 0xFE2D,
  0xFE2D, 0xFE2D, 0xFE2D, 0xFE2D, 0xFE2D, 0xFE2D, 0xFE2D, 0xFE2D,
  0xDE99, 0x9430, 0xB515, 0x4147, 0x4127, 0x4948, 0x4168, 0x4988,
  0x8BEF, 0xB574, 0xFFBC, 0xF79C, 0xA512, 0xE6F9, 0xFFBC, 0xF79B,
  0xFFBB, 0xFFBB, 0xFFBB, 0xFFBB, 0xFFBB, 0xF79B, 0xF77B, 0xDE79,
  0x51C8, 0x59C8, 0x69C9, 0x61C8, 0x6A09, 0x6A09, 0x6A09, 0x6A09,
  0x6A09, 0x6A09, 0x6A09, 0x720A, 0x6A09, 0x92AB, 0xC3AE, 0xB38C,
  0xAB6A, 0xAB8A, 0xAB8A, 0xAB8A, 0xAB8A, 0xAB8A, 0xAB8A, 0xAB8A,
  0xAB8A, 0xAB8A, 0xAB8A, 0xAB8A, 0xAB8A, 0xAB8A, 0xAB8A, 0xAB8A,
  0xAB8A, 0xAB8A, 0xAB8A, 0xAB8A, 0xAB8A, 0xAB8A, 0xAB8A, 0xAB8A,
  0xAB8A, 0xAB8A, 0xAB8A, 0xAB8A, 0xAB8A, 0xAB8A, 0xAB8A, 0xAB8A,
  0xAB8A, 0xAB8A, 0xAB8A, 0xAB8A, 0xAB8A, 0xAB8A, 0xAB8A, 0xAB8A,
  0xAB8A, 0xAB8A, 0xAB8A, 0xAB8A, 0xAB6A, 0xAB6A, 0xB36A, 0xB34A,
  0xC389, 0xDC6C, 0xBB6A, 0xB36A, 0xB349, 0xCC0B, 0xBBCB, 0xAB6A,
  0xAB6A, 0xAB8A, 0xAB8A, 0xAB6A, 0xAB6B, 0xBBAD, 0x92CB, 0x6A09,
  0x7209, 0xAB6D, 0xAB6A, 0xAB6A, 0xAB8A, 0xAB8A, 0xAB8A, 0xAB6A,
  0xB32A, 0xBB69, 0xDC2B, 0xE46B, 0xE46B, 0xD40B, 0xC38A, 0xDC4C,
  0xC3EA, 0xAB6A, 0xAB6A, 0xB349, 0xCBEA, 0xEC8C, 0xEC8B, 0xEC8C,
  0xEC8C, 0xECAC, 0xE48B, 0xE46B, 0xEC8C, 0xEC8B, 0xE4AC, 0xB38A,
  0xAB6A, 0xAB8B, 0x92EA, 0x9B0A, 0xAB6A, 0xAB6A, 0xAB8A, 0xAB8A,
  0xAB4A, 0xB349, 0xCBCB, 0xD40B, 0xB329, 0xB34A, 0xAB6A, 0xAB8A,
  0xAB6A, 0xAB4A, 0xB34A, 0xB34A, 0xB349, 0xB329, 0xB34A, 0xAB6A,
  0xAB6A, 0xAB8A, 0xAB8A, 0xAB8A, 0xAB8B, 0x71E6, 0xAB8B, 0xD44C,
  0xAB8B, 0x82CA, 0x9577, 0x85D9, 0x963B, 0x85BA, 0x8DB8, 0x8D35,
  0x8598, 0x7DBA, 0x7DDA, 0x85BA, 0x8599, 0x8CF4, 0xB490, 0x730C,
  0x9492, 0x9D77, 0x8D57, 0x8D16, 0x9410, 0x8AEC, 0x4107, 0x59E8,
  0x938A, 0xB48D, 0xDD6F, 0xF60F, 0xF62F, 0xE58F, 0x936A, 0x5145,
  0x51A8, 0x51A7, 0x59A6, 0x6A26, 0x7267, 0x7287, 0x7AA8, 0x82C9,
  0x61E6, 0x5146, 0x4926, 0x4106, 0x4106, 0x4106, 0x5185, 0xA3AB,
  0xEDCF, 0xFE0E, 0xFE2D, 0xFE0D, 0xFE0D, 0xFE2D, 0xFE2D, 0xFE2D,
  0xFE2D, 0xFE2D, 0xFE2D, 0xFE2D, 0xFE2D, 0xFE2D, 0xFE2D, 0xFE2D,
  0xFE2D, 0xFE2D, 0xFE2D, 0xFE2D, 0xFE2D, 0xFE2D, 0xFE2D, 0xFE2D,
  0xEF1B, 0x8C0F, 0xEEDB, 0x72ED, 0x4168, 0x4968, 0x4148, 0x4988,
  0x9410, 0xA4D2, 0xFF9C, 0xF79B, 0xE6F9, 0xAD33, 0xDEB9, 0xF79B,
  0xFFBB, 0xFFBB, 0xFFBB, 0xF79B, 0xEF1A, 0xDE78, 0x9C30, 0x51C8,
  0x4968, 0x59C8, 0x61A8, 0x69E9, 0x7209, 0x6A09, 0x6A09, 0x6A09,
  0x6A09, 0x6A09, 0x6A09, 0x6A09, 0x6A09, 0x8A8B, 0xC3AE, 0xB38C,
  0xAB6A, 0xAB8A, 0xAB6A, 0xAB8A, 0xAB8A, 0xAB8A, 0xAB8A, 0xAB8A,
  0xAB8A, 0xAB8A, 0xAB8A, 0xAB8A, 0xAB8A, 0xAB8A, 0xAB8A, 0xAB8A,
  0xAB8A, 0xAB8A, 0xAB8A, 0xAB8A, 0xAB8A, 0xAB8A, 0xAB8A, 0xAB8A,
  0xAB8A, 0xAB8A, 0xAB8A, 0xAB8A, 0xAB8A, 0xAB8A, 0xAB8A, 0xAB8A,
  0xAB8A, 0xAB8A, 0xAB8A, 0xAB8A, 0xAB8A, 0xAB8A, 0xAB8A, 0xAB8A,
  0xAB8A, 0xAB8A, 0xAB8A, 0xAB8A, 0xAB6A, 0xAB6A, 0xB34A, 0xB349,
  0xD42B, 0xCC0B, 0xB349, 0xB36A, 0xB369, 0xCC2C, 0xB36A, 0xAB6A,
  0xAB6A, 0xAB8A, 0xAB8A, 0xAB6A, 0xB36C, 0xB38D, 0x8249, 0x6A0A,
  0x7A2A, 0xB3AD, 0xAB6A, 0xAB6A, 0xAB8A, 0xAB8A, 0xAB8A, 0xB36A,
  0xB329, 0xC36A, 0xDC4B, 0xE46B, 0xE46C, 0xD40B, 0xC36A, 0xDC4D,
  0xB389, 0xAB8A, 0xAB6A, 0xB349, 0xD40B, 0xE48C, 0xEC8B, 0xEC8C,
  0xEC8C, 0xEC8C, 0xEC8C, 0xEC8B, 0xEC8C, 0xECAC, 0xCC2A, 0xB38A,
  0xAB6A, 0xAB6B, 0x8AA9, 0xA32B, 0xAB6A, 0xAB8A, 0xAB8A, 0xAB8A,
  0xAB6A, 0xB349, 0xB329, 0xB349, 0xB329, 0xB34A, 0xAB6A, 0xAB8A,
  0xAB6A, 0xAB6A, 0xB34A, 0xB34A, 0xB32A, 0xB329, 0xB34A, 0xAB6A,
  0xAB8A, 0xAB6A, 0xAB6A, 0xAB6A, 0xAB6A, 0x92A9, 0xA32B, 0xC3EB,
  0xCC2D, 0x72A9, 0x9577, 0x85FA, 0x85BA, 0x85DA, 0x7DDA, 0x7DD9,
  0x7DDA, 0x7DDA, 0x7DD9, 0x85DA, 0x85B9, 0x8577, 0x94F4, 0x84D5,
  0x7454, 0x532F, 0x42AD, 0x42AD, 0x5B4F, 0x63B1, 0x63D2, 0x5B70,
  0x4AAC, 0x4A4B, 0x49C8, 0x6268, 0x9BEB, 0xCD2E, 0xE58F, 0xAC0B,
  0x6A07, 0x5167, 0x4946, 0x4926, 0x4126, 0x4127, 0x4126, 0x4106,
  0x4106, 0x4147, 0x4947, 0x4966, 0x61C7, 0x8AE9, 0xC4AC, 0xF5EE,
  0xFE0D, 0xFE0D, 0xFE2C, 0xFE0D, 0xFE0D, 0xFE2D, 0xFE2D, 0xFE2D,
  0xFE2D, 0xFE2D, 0xFE2D, 0xFE2D, 0xFE2D, 0xFE2D, 0xFE2D, 0xFE0D,
  0xFE2D, 0xFE2D, 0xFE2D, 0xFE0D, 0xFE2D, 0xFE2D, 0xFE2D, 0xFE2D,
  0xFF7B, 0xBD94, 0x83AE, 0xBD76, 0x51E9, 0x4147, 0x4168, 0x4988,
  0x9410, 0x9C71, 0xFF9D, 0xF79B, 0xFFBC, 0xEF5A, 0xAD32, 0xC616,
  0xD677, 0xD678, 0xCE58, 0xAD13, 0x8BAF, 0x49A8, 0x4987, 0x620A,
  0x5188, 0x61E9, 0x61A8, 0x6A09, 0x6A09, 0x6A09, 0x6A09, 0x6A09,
  0x7209, 0x7209, 0x6A09, 0x6A09, 0x6A09, 0x826A, 0xC38E, 0xBB8C,
  0xAB6A, 0xAB8A, 0xAB6A, 0xAB6A, 0xAB8A, 0xAB8A, 0xAB8A, 0xAB8A,
  0xAB8A, 0xAB8A, 0xAB8A, 0xAB8A, 0xAB8A, 0xAB8A, 0xAB8A, 0xAB8A,
  0xAB8A, 0xAB8A, 0xAB8A, 0xAB8A, 0xAB8A, 0xAB8A, 0xAB8A, 0xAB8A,
  0xAB8A, 0xAB8A, 0xAB8A, 0xAB8A, 0xAB8A, 0xAB8A, 0xAB8A, 0xAB8A,
  0xAB8A, 0xAB8A, 0xAB8A, 0xAB8A, 0xAB8A, 0xAB8A, 0xAB8A, 0xAB8A,
  0xAB8A, 0xAB8A, 0xAB8A, 0xAB8A, 0xAB6A, 0xB36A, 0xB349, 0xBB6A,
  0xD44C, 0xBBAA, 0xAB6A, 0xB34A, 0xBB8A, 0xBBAB, 0xAB6A, 0xAB8A,
  0xAB6A, 0xAB8A, 0xAB8A, 0xB36B, 0xBBAD, 0xAB4D, 0x69E9, 0x6A0A,
  0x826A, 0xAB8C, 0xAB6A, 0xAB6A, 0xAB8A, 0xAB8A, 0xAB6A, 0xB34A,
  0xB329, 0xCBAA, 0xE46C, 0xE46B, 0xDC4B, 0xCBEB, 0xBB69, 0xDC4D,
  0xB38A, 0xAB8A, 0xAB6A, 0xB349, 0xD40B, 0xE48C, 0xECAB, 0xEC8B,
  0xEC8C, 0xEC8C, 0xEC8C, 0xEC8B, 0xECAC, 0xDC8C, 0xB389, 0xAB6A,
  0xAB6A, 0xAB6A, 0x8268, 0x92EB, 0xAB6B, 0xAB8A, 0xAB8A, 0xAB6A,
  0xAB6A, 0xAB4A, 0xB32A, 0xB32A, 0xB34A, 0xAB6A, 0xAB6A, 0xAB8A,
  0xAB8A, 0xAB6A, 0xAB6A, 0xAB4A, 0xB34A, 0xB34A, 0xAB6A, 0xAB6A,
  0xAB8A, 0xAB6A, 0xAB8A, 0xAB6A, 0xA36A, 0xA34B, 0x8A88, 0xB369,
  0xD46D, 0x8AEA, 0x9557, 0x85D9, 0x85DA, 0x7DDA, 0x7DDA, 0x7DD9,
  0x7DD9, 0x7DB9, 0x7DD9, 0x7DD9, 0x8599, 0x7D17, 0x63D2, 0x5351,
  0x5371, 0x6C74, 0x8578, 0x85B9, 0x85B9, 0x85B9, 0x85B9, 0x85B9,
  0x85B9, 0x8599, 0x7D16, 0x7432, 0x5B2E, 0x5AAA, 0x936B, 0xC4EE,
  0xD52F, 0xA38A, 0x82C8, 0x6A47, 0x59C7, 0x59A7, 0x5186, 0x5187,
  0x51A7, 0x61E6, 0x82E9, 0xA3CA, 0xD52D, 0xF60F, 0xFE2E, 0xFE2D,
  0xFE2D, 0xFE2D, 0xFE2D, 0xFE0D, 0xFE0D, 0xFE2D, 0xFE2D, 0xFE2D,
  0xFE2D, 0xFE2D, 0xFE2D, 0xFE2D, 0xFE2D, 0xFE2D, 0xFE2D, 0xFE0D,
  0xFE2D, 0xFE2D, 0xFE2D, 0xF5ED, 0xE56D, 0xDD6D, 0xF5EE, 0xF60D,
  0xFF9B, 0xF73A, 0x83AE, 0xA4B2, 0x9C72, 0x4188, 0x4168, 0x49A8,
  0x9431, 0x6AEB, 0xCE17, 0xF79C, 0xFF9B, 0xF7BB, 0xF79B, 0xCE37,
  0xB575, 0x6B4E, 0x638F, 0x4A2A, 0x3907, 0x3907, 0x5188, 0x6A0A,
  0x5167, 0x69E9, 0x69C8, 0x6A09, 0x6A09, 0x6A09, 0x6A09, 0x7209,
  0x7209, 0x7209, 0x6A09, 0x6A09, 0x6A09, 0x7A29, 0xBB8E, 0xBB8D,
  0xAB6A, 0xAB8A, 0xAB8A, 0xAB6A, 0xAB8A, 0xAB8A, 0xAB8A, 0xAB8A,
  0xAB8A, 0xAB8A, 0xAB8A, 0xAB8A, 0xAB8A, 0xAB8A, 0xAB8A, 0xAB8A,
  0xAB8A, 0xAB8A, 0xAB8A, 0xAB8A, 0xAB8A, 0xAB8A, 0xAB8A, 0xAB8A,
  0xAB8A, 0xAB8A, 0xAB8A, 0xAB8A, 0xAB8A, 0xAB8A, 0xAB8A, 0xAB8A,
  0xAB8A, 0xAB8A, 0xAB8A, 0xAB8A, 0xAB8A, 0xAB8A, 0xAB8A, 0xAB8A,
  0xAB8A, 0xAB8A, 0xAB8A, 0xAB8A, 0xAB6A, 0xAB6A, 0xB329, 0xC3AA,
  0xCC0B, 0xAB89, 0xAB6A, 0xB349, 0xBB8B, 0xB36A, 0xAB8A, 0xAB8A,
  0xAB8A, 0xAB8A, 0xAB6A, 0xB38C, 0xC3CE, 0x8AAA, 0x69E9, 0x6A09,
  0x828A, 0xAB6B, 0xAB6A, 0xAB8A, 0xAB8A, 0xAB8A, 0xAB6A, 0xB34A,
  0xB329, 0xCBCB, 0xE46C, 0xE46B, 0xD40B, 0xBB69, 0xB369, 0xCC0C,
  0xAB6A, 0xAB8A, 0xAB6A, 0xB349, 0xD40B, 0xEC8C, 0xECAC, 0xEC8C,
  0xEC8C, 0xEC8C, 0xECAC, 0xE48C, 0xE48C, 0xC3EB, 0xAB6A, 0xAB6A,
  0xAB6A, 0xAB6B, 0x8248, 0x7A29, 0xAB4C, 0xA36B, 0xAB6A, 0xAB8A,
  0xAB6A, 0xAB6A, 0xB34A, 0xB34A, 0xB34A, 0xAB6A, 0xAB6A, 0xAB8A,
  0xAB8A, 0xAB6A, 0xAB6A, 0xAB6A, 0xB36A, 0xB36A, 0xAB6A, 0xAB6A,
  0xAB8A, 0xAB6A, 0xAB8A, 0xAB8A, 0xA38B, 0xA38B, 0x82A9, 0xA38B,
  0xBC4D, 0x9BAE, 0x8536, 0x7DD9, 0x85BA, 0x7DDA, 0x7DDA, 0x7DDA,
  0x7DDA, 0x7DDA, 0x7DD9, 0x8599, 0x6C75, 0x5371, 0x5BF3, 0x7517,
  0x8599, 0x85D9, 0x85B9, 0x7DBA, 0x7DBA, 0x7DBA, 0x7DDA, 0x7DDA,
  0x7DBA, 0x7DBA, 0x7DD9, 0x85B9, 0x8599, 0x74B5, 0x5AED, 0x5207,
  0xA40C, 0xEE11, 0xE5AE, 0xD54D, 0xC4AC, 0xBC8B, 0xBC6B, 0xB44B,
  0xBC8C, 0xCCEC, 0xE58E, 0xF60F, 0xFE2E, 0xFE0D, 0xFE2D, 0xFE2D,
  0xFE2D, 0xFE2D, 0xFE2D, 0xFE2D, 0xFE2D, 0xFE2D, 0xFE2D, 0xFE2D,
  0xFE2D, 0xFE2D, 0xFE2D, 0xFE2D, 0xFE2D, 0xFE2D, 0xFE2D, 0xFE0D,
  0xFE2D, 0xFE2D, 0xFE0D, 0xED6E, 0x92E9, 0x7AA8, 0xA3AA, 0xEDAF,
  0xFF7B, 0xF77B, 0xEEFA, 0x7B6D, 0x9410, 0xCDF8, 0xA473, 0xA472,
  0x9C92, 0xB534, 0xAD33, 0x8C50, 0xF79C, 0xFFBB, 0xF79B, 0xC618,
  0x532E, 0x53F2, 0x64D5, 0x428D, 0x3908, 0x38E7, 0x5188, 0x6A0A,
  0x5167, 0x6A09, 0x6A09, 0x6A09, 0x6A09, 0x6A09, 0x6A09, 0x7209,
  0x7209, 0x7209, 0x6A09, 0x6A09, 0x6A09, 0x71E8, 0xB34D, 0xBB8D,
  0xAB6B, 0xAB8A, 0xAB8A, 0xAB6A, 0xAB8A, 0xAB8A, 0xAB8A, 0xAB8A,
  0xAB8A, 0xAB8A, 0xAB8A, 0xAB8A, 0xAB8A, 0xAB8A, 0xAB8A, 0xAB8A,
  0xAB8A, 0xAB8A, 0xAB8A, 0xAB8A, 0xAB8A, 0xAB8A, 0xAB8A, 0xAB8A,
  0xAB8A, 0xAB8A, 0xAB8A, 0xAB8A, 0xAB8A, 0xAB8A, 0xAB8A, 0xAB8A,
  0xAB8A, 0xAB8A, 0xAB8A, 0xAB8A, 0xAB8A, 0xAB8A, 0xAB8A, 0xAB8A,
  0xAB8A, 0xAB8A, 0xAB8A, 0xAB8A, 0xAB6A, 0xAB4A, 0xB32A, 0xC3CB,
  0xB38A, 0xAB89, 0xAB69, 0xAB49, 0xB38A, 0xB36A, 0xAB8A, 0xAB8A,
  0xAB8A, 0xAB8A, 0xAB6A, 0xBBAD, 0xBB8E, 0x71E8, 0x69E9, 0x69E9,
  0x8AAA, 0xAB6B, 0xAB6A, 0xAB8A, 0xAB8A, 0xAB8A, 0xAB4A, 0xB34A,
  0xB349, 0xD3EB, 0xE46C, 0xDC4B, 0xC3A9, 0xB349, 0xB349, 0xB38A,
  0xAB6A, 0xAB8A, 0xAB6A, 0xB329, 0xDC0B, 0xEC8C, 0xECAB, 0xECAC,
  0xEC8C, 0xEC8C, 0xE48C, 0xCC0B, 0xC3CA, 0xB38A, 0xAB6A, 0xAB6A,
  0xAB6A, 0xAB6B, 0x8A89, 0x7209, 0x9B0C, 0xAB4B, 0x92A9, 0xA36B,
  0xAB8A, 0xAB6A, 0xAB6A, 0xAB4A, 0xAB6A, 0xAB6A, 0xAB6A, 0xAB6A,
  0xAB8A, 0xAB8A, 0xAB6A, 0xAB6A, 0xAB6A, 0xAB6A, 0xAB8A, 0xAB6A,
  0xAB6A, 0xAB6A, 0xAB8A, 0xABCC, 0xA4D2, 0x9CF3, 0x94D4, 0x9514,
  0xA555, 0x9D35, 0x8D98, 0x7DB9, 0x7DDA, 0x85DA, 0x7DDA, 0x7DDA,
  0x7DDA, 0x7DDA, 0x7D99, 0x5371, 0x63F3, 0x7D37, 0x85DA, 0x7DD9,
  0x7DD9, 0x85B9, 0x7DBA, 0x7DBA, 0x7DBA, 0x7DBA, 0x7DDA, 0x7DDA,
  0x7DDA, 0x7DDA, 0x7DDA, 0x7DBA, 0x7DBA, 0x7DB9, 0x8558, 0x7C33,
  0x4A08, 0x9349, 0xEDEF, 0xF60D, 0xFE2D, 0xF60D, 0xF60D, 0xF60D,
  0xF62E, 0xFE0E, 0xFE2E, 0xFE0D, 0xFE0D, 0xFE0D, 0xFE2D, 0xFE2D,
  0xFE2D, 0xFE2D, 0xFE2D, 0xFE2D, 0xFE2D, 0xFE2D, 0xFE2D, 0xFE2D,
  0xFE2D, 0xFE2D, 0xFE2D, 0xFE2D, 0xFE2D, 0xFE2D, 0xFE2D, 0xFE0D,
  0xFE2D, 0xFE2D, 0xFE0E, 0xB40C, 0x4927, 0x4107, 0x4966, 0x932A,
  0xFF9B, 0xFF7B, 0xFF7C, 0xDEB9, 0x6B0B, 0x49C7, 0x7B6E, 0x7B4D,
  0x732C, 0xF75C, 0xF77C, 0x8431, 0x8C50, 0xF7BB, 0xFFDC, 0x6BAF,
  0x64B5, 0x5D37, 0x6558, 0x322C, 0x3928, 0x3907, 0x59A8, 0x6A09,
  0x5167, 0x6A09, 0x7209, 0x6A09, 0x6A09, 0x7209, 0x7209, 0x7209,
  0x7209, 0x7209, 0x6A09, 0x6A09, 0x6A09, 0x7209, 0xA30C, 0xC3CE,
  0xB36B, 0xAB8A, 0xAB8A, 0xAB8A, 0xAB8A, 0xAB8A, 0xAB8A, 0xAB8A,
  0xAB8A, 0xAB8A, 0xAB8A, 0xAB8A, 0xAB8A, 0xAB8A, 0xAB8A, 0xAB8A,
  0xAB8A, 0xAB8A, 0xAB8A, 0xAB8A, 0xAB8A, 0xAB8A, 0xAB8A, 0xAB8A,
  0xAB8A, 0xAB8A, 0xAB8A, 0xAB8A, 0xAB8A, 0xAB8A, 0xAB8A, 0xAB8A,
  0xAB8A, 0xAB8A, 0xAB8A, 0xAB8A, 0xAB8A, 0xAB8A, 0xAB8A, 0xAB8A,
  0xAB8A, 0xAB8A, 0xAB8A, 0xAB8A, 0xAB6A, 0xAB4A, 0xB34A, 0xC40C,
  0xAB89, 0xAB6A, 0xAB8A, 0xAB6A, 0xB36A, 0xAB6A, 0xAB8A, 0xAB8A,
  0xAB8A, 0xAB6A, 0xB36B, 0xC3AE, 0xA30C, 0x61C8, 0x61E9, 0x6A09,
  0x8AAB, 0xAB6B, 0xAB6A, 0xAB8A, 0xAB8A, 0xAB8A, 0xB36A, 0xB329,
  0xBB6A, 0xD42B, 0xDC4B, 0xDC6C, 0xC3CA, 0xB36A, 0xAB6A, 0xAB6A,
  0xAB8A, 0xAB8A, 0xB36A, 0xB329, 0xDC0C, 0xEC8C, 0xEC8B, 0xECAC,
  0xEC8C, 0xE46C, 0xCBCB, 0xB369, 0xB38A, 0xAB8A, 0xAB8A, 0xAB8A,
  0xAB8A, 0xA34A, 0x92CA, 0x69E8, 0x92AB, 0xB36C, 0x8248, 0x82A9,
  0xA34B, 0xAB6A, 0xAB8A, 0xAB8A, 0xAB6A, 0xAB6A, 0xAB6A, 0xAB6A,
  0xAB8A, 0xAB8A, 0xAB8A, 0xAB8A, 0xAB8A, 0xAB8A, 0xAB8A, 0xAB6A,
  0xAB6A, 0xAB6A, 0xAB8A, 0xA3AB, 0x9555, 0x85D9, 0x85B9, 0x8DDA,
  0x85B9, 0x95F9, 0x85B9, 0x7DDA, 0x85DA, 0x8DFA, 0x85D9, 0x7DDA,
  0x7DDA, 0x85DA, 0x53B2, 0x6434, 0x85B9, 0x7DD9, 0x7DD9, 0x7DD9,
  0x7DD9, 0x7DD9, 0x7DDA, 0x7DDA, 0x7DDA, 0x7DDA, 0x7DDA, 0x7DDA,
  0x7DDA, 0x7DDA, 0x7DDA, 0x7DDA, 0x7DDA, 0x7DB9, 0x7DB9, 0x8599,
  0x6C34, 0x3967, 0x9B6A, 0xF5EF, 0xFE0D, 0xFE2D, 0xFE0D, 0xFE0D,
  0xFE2D, 0xFE2E, 0xFE2E, 0xFE2D, 0xFE2D, 0xFE2D, 0xFE2D, 0xFE2D,
  0xFE2D, 0xFE2D, 0xFE2D, 0xFE2D, 0xFE2D, 0xFE2D, 0xFE2D, 0xFE2D,
  0xFE2D, 0xFE2D, 0xFE2D, 0xFE2D, 0xFE2D, 0xFE2D, 0xFE2D, 0xFE2D,
  0xF62D, 0xF60D, 0xDD4E, 0x61A5, 0x5947, 0x48E7, 0x4107, 0x3906,
  0xFF9B, 0xFF9B, 0xFF7B, 0xFF7B, 0xFF9C, 0xDE98, 0xA4D2, 0xAD13,
  0xEF1B, 0xF79C, 0xF7BC, 0xA5F8, 0x52EC, 0xDE99, 0xE71B, 0x5B4E,
  0x6516, 0x5558, 0x5D38, 0x31EB, 0x3908, 0x3907, 0x59A8, 0x61E9,
  0x5988, 0x6A09, 0x7209, 0x6A09, 0x6A09, 0x7209, 0x7209, 0x7209,
  0x7209, 0x7209, 0x6A09, 0x6A09, 0x6A09, 0x6A09, 0x8A8A, 0xC3AE,
  0xB36C, 0xAB6A, 0xAB8A, 0xAB8A, 0xAB8A, 0xAB8A, 0xAB8A, 0xAB8A,
  0xAB8A, 0xAB8A, 0xAB8A, 0xAB8A, 0xAB8A, 0xAB8A, 0xAB8A, 0xAB8A,
  0xAB8A, 0xAB8A, 0xAB8A, 0xAB8A, 0xAB8A, 0xAB8A, 0xAB8A, 0xAB8A,
  0xAB8A, 0xAB8A, 0xAB8A, 0xAB8A, 0xAB8A, 0xAB8A, 0xAB8A, 0xAB8A,
  0xAB8A, 0xAB8A, 0xAB8A, 0xAB8A, 0xAB8A, 0xAB8A, 0xAB8A, 0xAB8A,
  0xAB8A, 0xAB8A, 0xAB8A, 0xAB8A, 0xAB6A, 0xAB6A, 0xB36A, 0xBBAB,
  0xAB6A, 0xAB8A, 0xAB8A, 0xAB6A, 0xAB6A, 0xAB6A, 0xAB8A, 0xAB8A,
  0xAB6A, 0xAB6A, 0xB38C, 0xC3AE, 0x822A, 0x69E9, 0x61C9, 0x6A09,
  0x92AB, 0xAB6B, 0xAB6A, 0xAB6A, 0xAB8A, 0xAB6A, 0xB36A, 0xB349,
  0xC38A, 0xD42B, 0xE46C, 0xD40C, 0xBB8A, 0xAB8A, 0xAB6A, 0xAB6A,
  0xAB8A, 0xAB8A, 0xAB6A, 0xB32A, 0xBB6A, 0xD40B, 0xE48C, 0xDC6C,
  0xDC2B, 0xCBCA, 0xB349, 0xAB6A, 0xAB6A, 0xAB6A, 0xAB6A, 0xAB8A,
  0xAB8A, 0xA32A, 0x9B0A, 0x61A7, 0x826A, 0xB36D, 0x8AAA, 0x61A6,
  0x8AAA, 0xA34B, 0xAB8B, 0xAB8A, 0xAB8A, 0xAB8A, 0xAB8A, 0xAB6A,
  0xAB8A, 0xAB8A, 0xAB8A, 0xAB8A, 0xAB8A, 0xAB8A, 0xAB6A, 0xAB6A,
  0xAB8A, 0xAB8A, 0xAB8A, 0xA38B, 0x9491, 0x8598, 0x85DA, 0x7DD9,
  0x85BA, 0x963B, 0x85B9, 0x7DDA, 0x85DA, 0x85DA, 0x7DBA, 0x85D9,
  0x8578, 0x5B92, 0x5BD3, 0x85B9, 0x85DA, 0x7DDA, 0x7DDA, 0x7DDA,
  0x7DDA, 0x7DDA, 0x7DDA, 0x7DDA, 0x7DDA, 0x7DDA, 0x7DDA, 0x7DDA,
  0x7DBA, 0x7DBA, 0x7DBA, 0x7DBA, 0x7DBA, 0x7DBA, 0x7DBA, 0x7DDA,
  0x859A, 0x6392, 0x49A7, 0xC4AD, 0xF62F, 0xFE0D, 0xFE0D, 0xFE0D,
  0xFE2D, 0xFE2D, 0xFE0D, 0xFE0D, 0xFE0D, 0xFE0D, 0xFE0D, 0xFE2D,
  0xFE2D, 0xFE2D, 0xFE2D, 0xFE2D, 0xFE2D, 0xFE2D, 0xFE2D, 0xFE2D,
  0xFE2D, 0xFE2D, 0xFE2D, 0xFE2D, 0xFE2D, 0xFE2D, 0xFE2D, 0xFE0D,
  0xF60D, 0xD52D, 0x92E9, 0x8A29, 0xB2CD, 0xA28C, 0x6147, 0x4927,
  0xFF9B, 0xFF9B, 0xFF9B, 0xFF7B, 0xFF9B, 0xFF9B, 0xFF9B, 0xFF9C,
  0xF79B, 0xF79C, 0xF7BC, 0x9E19, 0x5B8F, 0x83F0, 0x9C52, 0x4A6C,
  0x5C95, 0x5558, 0x6538, 0x31EB, 0x3908, 0x4107, 0x59A8, 0x61A9,
  0x59A8, 0x6A09, 0x7209, 0x6A09, 0x6A09, 0x7209, 0x7209, 0x7209,
  0x7209, 0x7209, 0x6A09, 0x7209, 0x6A09, 0x6A09, 0x7A29, 0xC3AE,
  0xBBAC, 0xAB6A, 0xAB8A, 0xAB8A, 0xAB8A, 0xAB8A, 0xAB8A, 0xAB8A,
  0xAB8A, 0xAB8A, 0xAB8A, 0xAB8A, 0xAB8A, 0xAB8A, 0xAB8A, 0xAB8A,
  0xAB8A, 0xAB8A, 0xAB8A, 0xAB8A, 0xAB8A, 0xAB8A, 0xAB8A, 0xAB8A,
  0xAB8A, 0xAB8A, 0xAB8A, 0xAB8A, 0xAB8A, 0xAB8A, 0xAB8A, 0xAB8A,
  0xAB8A, 0xAB8A, 0xAB8A, 0xAB8A, 0xAB8A, 0xAB8A, 0xAB8A, 0xAB8A,
  0xAB8A, 0xAB8A, 0xAB8A, 0xAB8A, 0xAB6A, 0xAB6A, 0xB38A, 0xAB8A,
  0xB38A, 0xAB8A, 0xAB6A, 0xAB8A, 0xAB8A, 0xAB8A, 0xAB8A, 0xAB8A,
  0xAB6A, 0xAB6A, 0xBBAC, 0xBB6E, 0x69C8, 0x69E9, 0x61A8, 0x7209,
  0x92CB, 0xAB6B, 0xAB6A, 0xAB6A, 0xAB8A, 0xAB6A, 0xB34A, 0xB349,
  0xCBAB, 0xD42B, 0xDC4B, 0xCBCB, 0xB36A, 0xAB8B, 0xAB8A, 0xAB6A,
  0xAB8A, 0xAB8A, 0xAB6A, 0xB34A, 0xB32A, 0xB349, 0xC3AA, 0xC3AA,
  0xB369, 0xB349, 0xAB6A, 0xAB6A, 0xAB8A, 0xAB6A, 0xAB6A, 0xAB6A,
  0xAB6A, 0x9B2A, 0x9B4A, 0x69E8, 0x7209, 0xAB6D, 0x9AEB, 0x7A29,
  0x69C8, 0x8AAA, 0xA32B, 0xAB6A, 0xAB8A, 0xAB8A, 0xAB8A, 0xAB8A,
  0xAB8A, 0xAB6A, 0xAB8A, 0xAB8A, 0xAB8A, 0xAB8A, 0xAB6A, 0xAB6A,
  0xAB8A, 0xAB8A, 0xAB8A, 0xAB8A, 0x9BAC, 0x9D14, 0x85B8, 0x7DB9,
  0x85B9, 0x963A, 0x85B9, 0x7DBA, 0x85DA, 0x7DBA, 0x7DBA, 0x85B9,
  0x6434, 0x5372, 0x8599, 0x7DBA, 0x85BA, 0x7DBA, 0x7DBA, 0x7DDA,
  0x7DDA, 0x7DDA, 0x7DDA, 0x7DDA, 0x7DDA, 0x7DDA, 0x7DDA, 0x7DDA,
  0x7DDA, 0x7DDA, 0x7DBA, 0x7DBA, 0x7DDA, 0x7DDA, 0x7DBA, 0x7DDA,
  0x7DBA, 0x8599, 0x634F, 0x6A47, 0xDD8F, 0xF62E, 0xFE2D, 0xFE2D,
  0xFE0D, 0xFE2D, 0xFE0D, 0xFE0D, 0xFE0D, 0xFE0D, 0xFE0D, 0xFE2D,
  0xFE2D, 0xFE2D, 0xFE2D, 0xFE2D, 0xFE2D, 0xFE2D, 0xFE2D, 0xFE2D,
  0xFE2D, 0xFE2D, 0xFE2D, 0xFE2D, 0xFE2D, 0xFE2D, 0xFE2D, 0xF60E,
  0xD50D, 0x8AC9, 0x926B, 0xCB2E, 0xE38F, 0xE3AF, 0xBAED, 0x7188,
  0xFF7B, 0xFF7B, 0xFF9B, 0xFF9B, 0xFF9B, 0xFF9B, 0xFF9B, 0xFF9B,
  0xFF9B, 0xF79B, 0xF7BC, 0x9E19, 0x53D2, 0x5AAC, 0x5A6A, 0x4A4B,
  0x5C54, 0x5558, 0x6518, 0x31CB, 0x3908, 0x4107, 0x61C9, 0x5988,
  0x61C9, 0x6A09, 0x6A09, 0x6A09, 0x6A09, 0x7209, 0x7209, 0x7209,
  0x7209, 0x7209, 0x6A09, 0x7209, 0x6A09, 0x6A09, 0x71E8, 0xB36E,
  0xC3AD, 0xAB6B, 0xAB8A, 0xAB6A, 0xAB6A, 0xAB8A, 0xAB8A, 0xAB8A,
  0xAB6A, 0xAB6A, 0xAB8A, 0xAB8A, 0xAB6A, 0xAB8A, 0xAB6A, 0xAB8A,
  0xAB8A, 0xAB8A, 0xAB8A, 0xAB8A, 0xAB8A, 0xAB8A, 0xAB8A, 0xAB8A,
  0xAB8A, 0xAB8A, 0xAB8A, 0xAB8A, 0xAB8A, 0xAB8A, 0xAB8A, 0xAB8A,
  0xAB8A, 0xAB8A, 0xAB8A, 0xAB8A, 0xAB8A, 0xAB8A, 0xAB8A, 0xAB8A,
  0xAB8A, 0xAB8A, 0xAB8A, 0xAB8A, 0xAB8A, 0xAB8A, 0xAB8A, 0xAB6A,
  0xAB6A, 0xAB6A, 0xAB6A, 0xAB8A, 0xAB8A, 0xAB8A, 0xAB8A, 0xAB8A,
  0xAB8A, 0xAB6A, 0xC3AD, 0xAB2D, 0x6A09, 0x69E9, 0x61C9, 0x7229,
  0x92CB, 0xAB6B, 0xAB6A, 0xAB6A, 0xAB8A, 0xAB6A, 0xAB6A, 0xB349,
  0xCBCB, 0xDC4B, 0xDC2C, 0xBB8A, 0xAB6A, 0xAB8A, 0xAB8A, 0xAB6A,
  0xAB8A, 0xAB8A, 0xAB6A, 0xAB6A, 0xB34A, 0xAB4A, 0xAB4A, 0xB36A,
  0xAB6A, 0xAB6A, 0xAB8A, 0xAB6A, 0xAB6A, 0xAB6A, 0xAB6A, 0xAB6A,
  0xAB6B, 0x92E9, 0xA36B, 0x8269, 0x69E8, 0x92CB, 0xA30C, 0x9AAB,
  0x7A09, 0x69C8, 0x8249, 0xA32B, 0xAB6B, 0xAB6A, 0xAB8A, 0xAB6A,
  0xAB6A, 0xAB6A, 0xAB8A, 0xAB8A, 0xAB8A, 0xAB8A, 0xAB6A, 0xAB6A,
  0xAB8A, 0xAB6A, 0xAB6A, 0xAB6A, 0xAB6A, 0x9BEE, 0x8D56, 0x85B9,
  0x85FA, 0x963B, 0x85BA, 0x85BA, 0x7DB9, 0x7DBA, 0x7DBA, 0x8537,
  0x5351, 0x7D78, 0x7DB9, 0x7DDA, 0x7DBA, 0x7DBA, 0x7DBA, 0x7DBA,
  0x7DD9, 0x7DDA, 0x7DB9, 0x7DDA, 0x7DDA, 0x7DDA, 0x7DDA, 0x7DBA,
  0x7DD9, 0x7DD9, 0x7DDA, 0x7DDA, 0x7DDA, 0x7DDA, 0x7DD9, 0x7DBA,
  0x7DDA, 0x7DB9, 0x8537, 0x4A4A, 0x8309, 0xEDEE, 0xF62D, 0xFE2D,
  0xFE2D, 0xFE2D, 0xFE2D, 0xFE2D, 0xFE2D, 0xFE2D, 0xFE2D, 0xFE2D,
  0xFE2D, 0xFE2D, 0xFE2D, 0xFE2D, 0xFE2D, 0xFE2D, 0xFE2D, 0xFE2D,
  0xFE0D, 0xFE0D, 0xFE0D, 0xFE2D, 0xFE0D, 0xFE2D, 0xFE2E, 0xDD2E,
  0x7A47, 0x5966, 0xAA8C, 0xEB4F, 0xEB6E, 0xEB6E, 0xEB6F, 0xCB2E,
  0xFF7B, 0xFF7B, 0xFF9B, 0xFF9B, 0xFF9B, 0xFF9B, 0xFF9B, 0xFF9B,
  0xFF9B, 0xF79B, 0xF7BC, 0x9E19, 0x5C54, 0x8C92, 0xDED9, 0xA534,
  0x5C32, 0x5D38, 0x5CF7, 0x2969, 0x3908, 0x38E7, 0x61C9, 0x5988,
  0x61C9, 0x6A09, 0x6A09, 0x6A09, 0x7209, 0x7209, 0x7209, 0x7209,
  0x7209, 0x7209, 0x6A09, 0x6A09, 0x6A09, 0x6A09, 0x71E8, 0xAB2D,
  0xC3AD, 0xB36B, 0xAB8A, 0xAB6A, 0xAB6A, 0xAB8A, 0xAB6A, 0xAB6A,
  0xAB6A, 0xAB8A, 0xAB8A, 0xAB8A, 0xAB6A, 0xB38B, 0xAB6A, 0xAB8A,
  0xAB8A, 0xAB8A, 0xAB8A, 0xAB8A, 0xAB8A, 0xAB8A, 0xAB8A, 0xAB8A,
  0xAB8A, 0xAB8A, 0xAB8A, 0xAB8A, 0xAB8A, 0xAB8A, 0xAB8A, 0xAB8A,
  0xAB8A, 0xAB8A, 0xAB8A, 0xAB8A, 0xAB8A, 0xAB8A, 0xAB8A, 0xAB8A,
  0xAB8A, 0xAB8A, 0xAB8A, 0xAB8A, 0xAB8A, 0xAB8A, 0xAB8A, 0xAB8A,
  0xAB6A, 0xAB8A, 0xAB8A, 0xAB8A, 0xAB8A, 0xAB8A, 0xAB8A, 0xAB8A,
  0xAB8A, 0xAB6B, 0xC3AD, 0x9AEB, 0x6A09, 0x69E9, 0x61C9, 0x7209,
  0x92CA, 0xAB6B, 0xAB8A, 0xAB8A, 0xAB8A, 0xAB8A, 0xAB6A, 0xB349,
  0xCBCB, 0xDC2B, 0xD40B, 0xB38A, 0xAB8A, 0xAB8A, 0xAB8A, 0xAB8A,
  0xAB8A, 0xAB8A, 0xAB8A, 0xAB6A, 0xAB6A, 0xAB6A, 0xAB6A, 0xAB6A,
  0xAB6A, 0xAB6A, 0xAB8A, 0xAB6A, 0xAB8A, 0xAB8A, 0xAB8A, 0xAB8A,
  0xAB6B, 0x92C9, 0xA36B, 0x8249, 0x7209, 0x7A29, 0xAB2C, 0x9AAB,
  0x9ACB, 0x69A8, 0x7209, 0x8AAB, 0xB38C, 0xAB4A, 0xAB8A, 0xAB6A,
  0xAB6A, 0xAB8A, 0xAB8A, 0xAB8A, 0xAB8A, 0xAB8A, 0xAB8A, 0xAB8A,
  0xAB8A, 0xAB6B, 0xAB8A, 0xAB8A, 0xAB8A, 0xA38B, 0x9471, 0x8D98,
  0x85DA, 0x85BA, 0x85BA, 0x85BA, 0x85FB, 0x7DB9, 0x85BA, 0x4B50,
  0x6C34, 0x7D99, 0x7DD9, 0x7DD9, 0x7DDA, 0x85DA, 0x7DBA, 0x7599,
  0x7DD9, 0x7DDA, 0x7DDA, 0x7DB9, 0x7DDA, 0x7DDA, 0x7DDA, 0x7DBA,
  0x7DDA, 0x7DDA, 0x7DDA, 0x7DDA, 0x7DDA, 0x7DDA, 0x7DDA, 0x7DDA,
  0x7DDA, 0x7DB9, 0x7DB9, 0x7433, 0x51E7, 0xD54D, 0xF62D, 0xFE2D,
  0xFE2D, 0xFE2D, 0xFE2D, 0xFE2D, 0xFE2D, 0xFE2D, 0xFE2D, 0xFE2D,
  0xFE2D, 0xFE2D, 0xFE2D, 0xFE2D, 0xFE2D, 0xFE2D, 0xFE2D, 0xFE0D,
  0xFE0D, 0xFE0D, 0xFE0D, 0xFE0D, 0xFE0D, 0xF62D, 0xDD8E, 0x7A88,
  0x5125, 0x924A, 0xDB6F, 0xEB6F, 0xEB6E, 0xEB6E, 0xEB6F, 0xEB6F,
  0xFF7B, 0xFF7B, 0xFF9B, 0xFF9B, 0xFF9B, 0xFF9B, 0xFF9B, 0xFF9B,
  0xFF9B, 0xFF9B, 0xF7BC, 0x9E19, 0x5C54, 0x94F3, 0xF7BB, 0xEF7B,
  0x6BCF, 0x6494, 0x6D17, 0x318A, 0x3907, 0x3907, 0x61C9, 0x5988,
  0x61C9, 0x6A09, 0x6A09, 0x6A09, 0x7209, 0x7209, 0x7209, 0x7209,
  0x7209, 0x7209, 0x6A09, 0x6A09, 0x6A09, 0x6A09, 0x71E9, 0x9ACB,
  0xC3AE, 0xBB8C, 0xAB6A, 0xAB8A, 0xAB8A, 0xAB8A, 0xAB6A, 0xAB6A,
  0xAB8A, 0xAB8A, 0xAB8A, 0xAB6A, 0xB38B, 0xB36B, 0xAB6A, 0xAB8A,
  0xAB8A, 0xAB8A, 0xAB8A, 0xAB8A, 0xAB8A, 0xAB8A, 0xAB8A, 0xAB8A,
  0xAB8A, 0xAB8A, 0xAB8A, 0xAB8A, 0xAB8A, 0xAB8A, 0xAB8A, 0xAB8A,
  0xAB8A, 0xAB8A, 0xAB8A, 0xAB8A, 0xAB8A, 0xAB8A, 0xAB8A, 0xAB8A,
  0xAB8A, 0xAB8A, 0xAB8A, 0xAB8A, 0xAB8A, 0xAB8A, 0xAB8A, 0xAB8A,
  0xAB8A, 0xAB8A, 0xAB8A, 0xAB8A, 0xAB8A, 0xAB8A, 0xAB8A, 0xAB8A,
  0xAB8A, 0xAB6B, 0xC3AD, 0x8A8A, 0x69E9, 0x69E9, 0x61C9, 0x7209,
  0x92CB, 0xAB6B, 0xAB8A, 0xAB8A, 0xAB8A, 0xAB8A, 0xAB6A, 0xB349,
  0xC3AB, 0xD40B, 0xC3CA, 0xB36A, 0xAB8A, 0xAB8A, 0xAB6A, 0xAB8A,
  0xAB8A, 0xAB8A, 0xAB8A, 0xAB8A, 0xAB8A, 0xAB8A, 0xAB8A, 0xAB8A,
  0xAB8A, 0xAB8A, 0xAB8A, 0xAB8A, 0xAB8A, 0xAB8A, 0xAB8A, 0xAB8A,
  0xAB8B, 0x92C9, 0xAB8B, 0x7A08, 0x7A4A, 0x71E8, 0xAB4D, 0x9269,
  0xAB0C, 0x8A4A, 0x5146, 0x724A, 0x9AEB, 0xB38B, 0xAB8A, 0xAB8A,
  0xAB6A, 0xAB8A, 0xAB8A, 0xAB8A, 0xAB8A, 0xAB8A, 0xAB8A, 0xAB8A,
  0xAB8A, 0xAB6A, 0xAB6A, 0xAB8A, 0xAB6A, 0xAB6B, 0x9B8D, 0x9535,
  0x85FA, 0x7DDA, 0x7DDA, 0x7DDA, 0x85DA, 0x85B9, 0x74D6, 0x3AAE,
  0x6C75, 0x85B9, 0x7D99, 0x7D99, 0x7DDA, 0x85BA, 0x85DA, 0x7558,
  0x7DBA, 0x7DDA, 0x7DB9, 0x7DB9, 0x7DDA, 0x7DDA, 0x7DDA, 0x7DBA,
  0x7DDA, 0x7DDA, 0x7DDA, 0x7DDA, 0x7DDA, 0x7DDA, 0x7DDA, 0x7DDA,
  0x7DDA, 0x7DDA, 0x7DB9, 0x8D99, 0x4A49, 0xAC4B, 0xFE2E, 0xFE2D,
  0xFE0D, 0xFE2D, 0xFE2D, 0xFE2D, 0xFE2D, 0xFE2D, 0xFE2D, 0xFE2D,
  0xFE2D, 0xFE2D, 0xFE2D, 0xFE2D, 0xFE2D, 0xFE2D, 0xFE2D, 0xFE0D,
  0xFE0E, 0xFE0D, 0xFE0D, 0xFE0D, 0xF60D, 0xDD8E, 0x59C5, 0x5146,
  0x8A0A, 0xE390, 0xEB6F, 0xEB6F, 0xEB6F, 0xEB6F, 0xEB6F, 0xEB6F,
  0xFF7B, 0xFF7B, 0xFF9B, 0xFF9B, 0xFF9B, 0xFF9B, 0xFF9B, 0xFF9B,
  0xFF9B, 0xFF9B, 0xF79C, 0xA67A, 0x5C32, 0xA534, 0xFFDB, 0xF79B,
  0xEF9B, 0x7410, 0x6C74, 0x3189, 0x3907, 0x3907, 0x61C9, 0x5988,
  0x61E9, 0x6A09, 0x6A09, 0x6A09, 0x6A09, 0x6A09, 0x6A09, 0x6A09,
  0x7209, 0x7209, 0x6A09, 0x6A09, 0x6A09, 0x6A09, 0x7209, 0x8A6A,
  0xBB8E, 0xBBAD, 0xAB6A, 0xAB8A, 0xAB8A, 0xAB8A, 0xAB6A, 0xAB8A,
  0xAB8A, 0xAB8A, 0xAB6A, 0xAB6B, 0xB38C, 0xB36B, 0xAB6A, 0xAB8A,
  0xAB8A, 0xAB8A, 0xAB8A, 0xAB8A, 0xAB8A, 0xAB8A, 0xAB8A, 0xAB8A,
  0xAB8A, 0xAB8A, 0xAB8A, 0xAB8A, 0xAB8A, 0xAB8A, 0xAB8A, 0xAB8A,
  0xAB8A, 0xAB8A, 0xAB8A, 0xAB8A, 0xAB8A, 0xAB8A, 0xAB8A, 0xAB8A,
  0xAB8A, 0xAB8A, 0xAB8A, 0xAB8A, 0xAB8A, 0xAB8A, 0xAB8A, 0xAB8A,
  0xAB8A, 0xAB8A, 0xAB8A, 0xAB8A, 0xAB8A, 0xAB8A, 0xAB8A, 0xAB8A,
  0xAB8A, 0xAB6B, 0xBBAD, 0x8A6A, 0x6A09, 0x61C9, 0x61C9, 0x7209,
  0x9AEB, 0xAB6B, 0xAB8A, 0xAB8A, 0xAB8A, 0xAB8A, 0xAB6A, 0xB349,
  0xC3AB, 0xCBCB, 0xB38A, 0xAB6A, 0xAB8A, 0xAB6A, 0xAB6A, 0xAB8A,
  0xAB8A, 0xAB8A, 0xAB8A, 0xAB8A, 0xAB8A, 0xAB8A, 0xAB8A, 0xAB8A,
  0xAB8A, 0xAB8A, 0xAB8A, 0xAB8A, 0xAB8A, 0xAB8A, 0xAB6A, 0xAB6A,
  0xAB8B, 0x92A9, 0xAB6B, 0x79E8, 0x8A8B, 0x61C8, 0x9B0C, 0x8A89,
  0xAB0C, 0xA2EC, 0x69C8, 0x61A8, 0x7209, 0xA32C, 0xAB6B, 0xAB8A,
  0xAB8A, 0xAB8A, 0xAB8A, 0xAB8A, 0xAB8A, 0xAB8A, 0xAB6A, 0xAB6A,
  0xAB6A, 0xAB6A, 0xAB6A, 0xAB6A, 0xAB6A, 0xAB6B, 0x9BEE, 0x8D36,
  0x85DA, 0x7DBA, 0x7DDA, 0x7DDA, 0x7D17, 0x5B51, 0x4AAE, 0x7CF6,
  0x6C95, 0x85B9, 0x7537, 0x7578, 0x7DDA, 0x7DBA, 0x85B9, 0x6CF6,
  0x85BA, 0x7DBA, 0x7558, 0x85BA, 0x7DBA, 0x7DBA, 0x7DBA, 0x7DBA,
  0x7DBA, 0x7DDA, 0x7DBA, 0x7DDA, 0x7DDA, 0x7DDA, 0x7DDA, 0x7DDA,
  0x7DDA, 0x7DDA, 0x7DBA, 0x85B9, 0x7412, 0x72C8, 0xF60F, 0xFE0D,
  0xFE0D, 0xFE2D, 0xFE2D, 0xFE2D, 0xFE2D, 0xFE2D, 0xFE2D, 0xFE2D,
  0xFE2D, 0xFE2D, 0xFE2D, 0xFE2D, 0xFE2D, 0xFE2D, 0xFE2D, 0xFE2D,
  0xFE2D, 0xFE0D, 0xFE2D, 0xF60D, 0xDD4E, 0x7268, 0x5106, 0x8A0A,
  0xD36F, 0xEB6F, 0xEB6F, 0xEB6F, 0xEB6E, 0xEB6E, 0xEB6F, 0xEB6F,
  0xFF7B, 0xFF7B, 0xFF9B, 0xFF9B, 0xFF9B, 0xFF9B, 0xFF9B, 0xF79B,
  0xFF9B, 0xFF9B, 0xF7BC, 0xAE5A, 0x5BB0, 0xBDB5, 0xFFBB, 0xF7BB,
  0xFF9A, 0xDEDA, 0x6BD1, 0x3989, 0x3907, 0x3907, 0x61C9, 0x5988,
  0x61E9, 0x6A09, 0x6A09, 0x6A09, 0x6A09, 0x6A09, 0x6A09, 0x6A09,
  0x7209, 0x7229, 0x6A09, 0x6A09, 0x6A09, 0x7209, 0x6A09, 0x7A29,
  0xB36E, 0xC3AD, 0xAB6B, 0xAB8A, 0xAB8A, 0xAB8A, 0xAB8A, 0xAB8A,
  0xAB8A, 0xAB8B, 0xB38C, 0x9B0B, 0xB36C, 0xAB4B, 0xAB4A, 0xAB6A,
  0xAB8A, 0xAB8A, 0xAB8A, 0xAB8A, 0xAB8A, 0xAB8A, 0xAB8A, 0xAB8A,
  0xAB8A, 0xAB8A, 0xAB8A, 0xAB8A, 0xAB8A, 0xAB8A, 0xAB8A, 0xAB8A,
  0xAB8A, 0xAB8A, 0xAB8A, 0xAB8A, 0xAB8A, 0xAB8A, 0xAB8A, 0xAB8A,
  0xAB8A, 0xAB8A, 0xAB8A, 0xAB8A, 0xAB8A, 0xAB8A, 0xAB8A, 0xAB8A,
  0xAB8A, 0xAB8A, 0xAB8A, 0xAB8A, 0xAB8A, 0xAB8A, 0xAB8A, 0xAB8A,
  0xAB6A, 0xAB6B, 0xAB6C, 0x8A8B, 0x7209, 0x61C9, 0x61C9, 0x7209,
  0x9AEB, 0xAB6B, 0xAB8A, 0xAB8A, 0xAB8A, 0xAB8A, 0xAB6A, 0xB36A,
  0xC3AB, 0xBB8A, 0xB36A, 0xAB6A, 0xAB8A, 0xAB6A, 0xAB6A, 0xAB8A,
  0xAB8A, 0xAB8A, 0xAB8A, 0xAB8A, 0xAB8A, 0xAB8A, 0xAB8A, 0xAB8A,
  0xAB8A, 0xAB8A, 0xAB6A, 0xAB8A, 0xAB6A, 0xAB6A, 0xAB6A, 0xAB6A,
  0xAB6B, 0x8AA8, 0xAB6B, 0x7A07, 0xA30C, 0x6187, 0x8AAB, 0x92CA,
  0x9ACA, 0xAB0C, 0xA2ED, 0x61A8, 0x69E9, 0x7A29, 0xA34C, 0xAB6B,
  0xAB8A, 0xAB8A, 0xAB8A, 0xAB8A, 0xAB8A, 0xAB8A, 0xAB6A, 0xAB6A,
  0xAB6A, 0xAB6A, 0xAB6A, 0xAB6A, 0xA38A, 0x940F, 0x9535, 0x85B8,
  0x7DB9, 0x85BA, 0x85BA, 0x8579, 0x5BB2, 0x52EF, 0x5B71, 0x7D37,
  0x7517, 0x8599, 0x6CB6, 0x7D99, 0x7DDA, 0x85B9, 0x8D78, 0x7CD5,
  0x85B9, 0x7DB9, 0x6496, 0x85BA, 0x7DBA, 0x7DBA, 0x85BA, 0x7DDA,
  0x7DBA, 0x7DDA, 0x7DBA, 0x7DDA, 0x7DDA, 0x7DDA, 0x7DDA, 0x7DDA,
  0x7DDA, 0x7DDA, 0x7DBA, 0x7DBA, 0x7CD6, 0x5208, 0xEDF0, 0xFE2D,
  0xFE2D, 0xFE2D, 0xFE2D, 0xFE2D, 0xFE2D, 0xFE2D, 0xFE2D, 0xFE2D,
  0xFE2D, 0xFE2D, 0xFE2D, 0xFE2D, 0xFE2D, 0xFE2D, 0xFE2D, 0xFE2D,
  0xFE2D, 0xF60D, 0xF60E, 0xCCED, 0x7AA9, 0x5947, 0x8A0A, 0xDB4F,
  0xEB6F, 0xEB6F, 0xEB6F, 0xEB6F, 0xEB6E, 0xEB6E, 0xEB6F, 0xEB6F,
  0xFF7B, 0xFF7B, 0xFF9B, 0xFF9B, 0xFF9B, 0xFF9B, 0xFF9B, 0xF79B,
  0xF79B, 0xFF9B, 0xF7BC, 0xBE7A, 0x5B2D, 0xD677, 0xFFBC, 0xF7BB,
  0xFFBA, 0xF79B, 0x9492, 0x3968, 0x3907, 0x3907, 0x61C9, 0x5988,
  0x61E9, 0x6A09, 0x6A09, 0x6A09, 0x6A09, 0x6A09, 0x6A09, 0x6A09,
  0x7209, 0x7229, 0x6A09, 0x6A09, 0x7209, 0x7209, 0x6A09, 0x7209,
  0xA30D, 0xC3AE, 0xB38C, 0xAB6A, 0xAB6A, 0xAB8A, 0xAB8A, 0xAB8A,
  0xAB6B, 0xB38D, 0x92AA, 0x8249, 0xA30C, 0xB36C, 0xAB6A, 0xAB6A,
  0xAB8A, 0xAB8A, 0xAB8A, 0xAB8A, 0xAB8A, 0xAB8A, 0xAB8A, 0xAB8A,
  0xAB8A, 0xAB8A, 0xAB8A, 0xAB8A, 0xAB8A, 0xAB8A, 0xAB8A, 0xAB8A,
  0xAB8A, 0xAB8A, 0xAB8A, 0xAB8A, 0xAB8A, 0xAB8A, 0xAB8A, 0xAB8A,
  0xAB8A, 0xAB8A, 0xAB8A, 0xAB8A, 0xAB8A, 0xAB8A, 0xAB8A, 0xAB8A,
  0xAB8A, 0xAB8A, 0xAB8A, 0xAB8A, 0xAB8A, 0xAB8A, 0xAB8A, 0xAB8A,
  0xAB6A, 0xAB8B, 0x92AA, 0x92AC, 0x7209, 0x61C9, 0x61E9, 0x7209,
  0x9AEB, 0xAB6B, 0xAB8A, 0xAB8A, 0xAB8A, 0xAB8A, 0xAB6A, 0xAB49,
  0xB34A, 0xB36A, 0xAB8A, 0xAB8A, 0xAB6A, 0xAB6A, 0xAB6A, 0xAB8A,
  0xAB8A, 0xAB8A, 0xAB8A, 0xAB8A, 0xAB8A, 0xAB8A, 0xAB8A, 0xAB8A,
  0xAB8A, 0xAB8A, 0xAB6A, 0xAB8A, 0xAB6A, 0x9B09, 0xAB6A, 0xAB6A,
  0xAB6B, 0x8AA8, 0xA34B, 0x7A07, 0xAB0C, 0x69C8, 0x7A4A, 0xA32B,
  0x9289, 0xB2EC, 0xAACC, 0x824A, 0x6188, 0x7209, 0x92AB, 0xAB8D,
  0xAB6B, 0xAB8A, 0xAB8A, 0xAB8A, 0xAB8A, 0xAB8A, 0xAB8A, 0xAB8A,
  0xAB6A, 0xAB6A, 0xAB6B, 0xA36B, 0x942F, 0x9556, 0x85B9, 0x7DD9,
  0x7DB9, 0x7517, 0x4B50, 0x42CF, 0x322C, 0x6C13, 0x74F6, 0x5C53,
  0x7D98, 0x8599, 0x6C75, 0x7DB9, 0x7DB9, 0x8598, 0x8C72, 0x9536,
  0x85B9, 0x7DB9, 0x6495, 0x8599, 0x7DBA, 0x7D99, 0x7DBA, 0x7DBA,
  0x7DBA, 0x7DDA, 0x7DB9, 0x7DDA, 0x7DDA, 0x7DDA, 0x7DDA, 0x7DDA,
  0x7DDA, 0x7DDA, 0x7DBA, 0x7DBA, 0x7D17, 0x4A09, 0xDD4F, 0xFE2E,
  0xFE0D, 0xFE2D, 0xFE2D, 0xFE2D, 0xFE2D, 0xFE2D, 0xFE2D, 0xFE2D,
  0xFE2D, 0xFE2D, 0xFE2D, 0xFE2D, 0xFE2D, 0xFE2D, 0xFE2D, 0xFE0D,
  0xFE2D, 0xF5EE, 0xD4EE, 0x6A27, 0x5126, 0x9A4B, 0xDB6E, 0xEB8F,
  0xEB6E, 0xF36F, 0xEB6F, 0xEB6F, 0xEB6E, 0xEB6E, 0xEB6F, 0xEB6F,
  0xFF7B, 0xFF7B, 0xFF9B, 0xFF9B, 0xFF9B, 0xFF9B, 0xFF9B, 0xF79B,
  0xF79B, 0xFF9B, 0xF79C, 0xC659, 0x630C, 0xF77B, 0xD698, 0xE73A,
  0xFFBB, 0xFFBA, 0xDEBA, 0x4168, 0x3907, 0x3907, 0x61C9, 0x5988,
  0x61E9, 0x6A09, 0x6A09, 0x6A09, 0x6A09, 0x6A09, 0x6A09, 0x6A09,
  0x7209, 0x7229, 0x6A09, 0x6A09, 0x7209, 0x7209, 0x6A09, 0x6A09,
  0x824A, 0xC3AE, 0xBB8C, 0xAB6A, 0xAB6A, 0xAB6A, 0xAB8A, 0xAB6A,
  0xB36B, 0xA32C, 0x71E8, 0x7A29, 0xA2EC, 0xBB6D, 0xAB6A, 0xAB6A,
  0xAB6A, 0xAB8A, 0xAB8A, 0xAB8A, 0xAB8A, 0xAB8A, 0xAB8A, 0xAB8A,
  0xAB8A, 0xAB8A, 0xAB8A, 0xAB8A, 0xAB8A, 0xAB8A, 0xAB8A, 0xAB8A,
  0xAB8A, 0xAB8A, 0xAB8A, 0xAB8A, 0xAB8A, 0xAB8A, 0xAB8A, 0xAB8A,
  0xAB8A, 0xAB8A, 0xAB8A, 0xAB8A, 0xAB8A, 0xAB8A, 0xAB8A, 0xAB8A,
  0xAB8A, 0xAB8A, 0xAB8A, 0xAB8A, 0xAB8A, 0xAB8A, 0xAB8A, 0xAB8A,
  0xAB6A, 0xAB6B, 0x8228, 0x9AED, 0x6A09, 0x61C9, 0x61E9, 0x7209,
  0x9AEB, 0xAB6B, 0xAB8A, 0xAB8A, 0xAB8A, 0xAB8A, 0xAB8A, 0xAB6A,
  0xB34A, 0xAB6A, 0xAB6A, 0xAB6B, 0xAB6B, 0xAB6A, 0xAB8A, 0xAB8A,
  0xAB8A, 0xAB8A, 0xAB8A, 0xAB8A, 0xAB8A, 0xAB8A, 0xAB8A, 0xAB8A,
  0xAB8A, 0xAB8A, 0xAB6A, 0xAB8A, 0xAB6A, 0x9AC8, 0xAB6A, 0xAB6A,
  0xAB8B, 0x8A89, 0xAB6B, 0x7A07, 0xAAEC, 0x8A4B, 0x69E8, 0xAB4D,
  0x8A28, 0xAAEB, 0xB2EC, 0xA2EC, 0x69A8, 0x61A9, 0x7209, 0x9B0C,
  0xAB6C, 0xAB6A, 0xAB8A, 0xAB8A, 0xAB8A, 0xAB8A, 0xAB8A, 0xAB8A,
  0xAB8A, 0xAB6A, 0xA38B, 0x9C2E, 0x9556, 0x85B9, 0x85BA, 0x85DA,
  0x85B9, 0x5BF2, 0x7454, 0x74D6, 0x74D6, 0x7CF6, 0x7D57, 0x5433,
  0x7DD9, 0x8599, 0x6454, 0x85B9, 0x85BA, 0x84F5, 0xD5D6, 0xAD76,
  0x8599, 0x7DBA, 0x6CD6, 0x7D58, 0x7DBA, 0x7D79, 0x7558, 0x7DDA,
  0x7DBA, 0x7DBA, 0x6D37, 0x7DDA, 0x7DDA, 0x7DDA, 0x7DDA, 0x7DDA,
  0x7DDA, 0x7DDA, 0x7DBA, 0x7DB9, 0x8558, 0x526B, 0xB44B, 0xF60E,
  0xFE0D, 0xFE2D, 0xFE2D, 0xFE2D, 0xFE2D, 0xFE2D, 0xFE2D, 0xFE2D,
  0xFE2D, 0xFE2D, 0xFE2D, 0xFE2D, 0xFE2D, 0xFE2D, 0xFE2D, 0xFE2D,
  0xFE0E, 0xC44B, 0x59C6, 0x4927, 0x922B, 0xDB4F, 0xEB6E, 0xEB6E,
  0xEB6E, 0xEB6E, 0xF36E, 0xEB6E, 0xEB6F, 0xEB6F, 0xEB6F, 0xEB6F,
  0xFF7B, 0xFF7B, 0xFF7B, 0xFF9B, 0xFF9B, 0xFF9B, 0xFF9B, 0xFF9B,
  0xFF9B, 0xFF9B, 0xF79C, 0xBD76, 0x9450, 0xFF9B, 0xD677, 0xBDB5,
  0xF79B, 0xF79A, 0xFF9C, 0x62AB, 0x3927, 0x3907, 0x61C9, 0x5988,
  0x61C9, 0x6A09, 0x7209, 0x6A09, 0x6A09, 0x6A09, 0x6A09, 0x7209,
  0x7209, 0x7209, 0x6A09, 0x6A09, 0x6A09, 0x7209, 0x6A09, 0x6A09,
  0x71E8, 0xB36E, 0xC3AE, 0xB36B, 0xAB6A, 0xAB6A, 0xAB8A, 0xB36B,
  0xB38D, 0x8249, 0x722A, 0x7209, 0xA32D, 0xBB8D, 0xAB6A, 0xAB6A,
  0xAB8A, 0xAB8A, 0xAB8A, 0xAB8A, 0xAB8A, 0xAB8A, 0xAB8A, 0xAB8A,
  0xAB8A, 0xAB8A, 0xAB8A, 0xAB8A, 0xAB8A, 0xAB8A, 0xAB8A, 0xAB8A,
  0xAB8A, 0xAB8A, 0xAB8A, 0xAB8A, 0xAB8A, 0xAB8A, 0xAB8A, 0xAB6A,
  0xAB69, 0xAB69, 0xAB8A, 0xAB8A, 0xAB8A, 0xAB8A, 0xAB8A, 0xAB8A,
  0xAB8A, 0xAB8A, 0xAB8A, 0xAB8A, 0xAB8A, 0xAB8A, 0xAB8A, 0xAB8A,
  0xAB4A, 0xA32A, 0x9289, 0x9AEC, 0x720A, 0x59C9, 0x61C9, 0x69E9,
  0x92EB, 0xAB6A, 0xAB8A, 0xAB6A, 0xAB8A, 0xAB8A, 0xAB8A, 0xAB6A,
  0xAB6A, 0xAB8A, 0xAB8A, 0xAB8A, 0xAB8A, 0xAB8A, 0xAB8A, 0xAB8A,
  0xAB8A, 0xAB8A, 0xAB8A, 0xAB8A, 0xAB8A, 0xAB8A, 0xAB8A, 0xAB8A,
  0xAB8A, 0xAB8A, 0xAB8A, 0xAB6A, 0xAB6A, 0x92C9, 0xAB6A, 0xAB6A,
  0xA36B, 0x8A89, 0xA36C, 0x8A49, 0xB30C, 0xB30C, 0x69A8, 0x9AEC,
  0x8A69, 0xA2CB, 0xB2CB, 0xB2EC, 0x9A8B, 0x5967, 0x6A0A, 0x7A09,
  0xAB6D, 0xAB4B, 0xAB8A, 0xAB8A, 0xAB8A, 0xAB8A, 0xAB8A, 0xAB6A,
  0xAB8A, 0xAB6A, 0xA40F, 0x9D76, 0x961A, 0x7DB9, 0x7DBA, 0x7DD9,
  0x7DD9, 0x6C54, 0x5B71, 0x85B9, 0x7DB9, 0x7D57, 0x7D58, 0x5C54,
  0x85BA, 0x8D79, 0x6C33, 0x85DA, 0x8598, 0x9492, 0xF676, 0xB595,
  0x8599, 0x7DBA, 0x7D37, 0x6C55, 0x85BA, 0x85DA, 0x6CD6, 0x7D9A,
  0x7DBA, 0x85BA, 0x64B6, 0x7DDA, 0x7DD9, 0x7DB9, 0x7DDA, 0x7DB9,
  0x7DBA, 0x85DA, 0x7DB9, 0x7DDA, 0x7D79, 0x52AD, 0x9349, 0xFE2E,
  0xFE2D, 0xFE2D, 0xFE2D, 0xFE2D, 0xFE2D, 0xFE2D, 0xFE2D, 0xFE2D,
  0xFE2D, 0xFE2D, 0xFE2D, 0xFE2D, 0xFE0D, 0xFE2D, 0xFE0D, 0xFE2D,
  0xFE2E, 0x9328, 0x4106, 0x4928, 0xC32E, 0xEB6F, 0xF36E, 0xEB6F,
  0xEB6F, 0xEB6E, 0xEB6E, 0xEB6E, 0xEB6F, 0xEB6F, 0xEB6F, 0xEB6F,
  0xFF7B, 0xFF7B, 0xFF7B, 0xFF9B, 0xFF9B, 0xFF9B, 0xFF9B, 0xFF9B,
  0xFF9B, 0xFFBB, 0xF79B, 0x8BF0, 0x8BEF, 0xF79B, 0xF77B, 0xA512,
  0xF79B, 0xFFBB, 0xF7BC, 0x838E, 0x3927, 0x4107, 0x61C9, 0x59A8,
  0x61C9, 0x6A09, 0x7209, 0x6A09, 0x6A09, 0x6A09, 0x6A09, 0x7209,
  0x7209, 0x7209, 0x6A09, 0x6A09, 0x6A09, 0x6A09, 0x6A09, 0x6A09,
  0x7209, 0x9AAB, 0xC3AE, 0xBBAC, 0xAB6A, 0xAB69, 0xAB8A, 0xBBAC,
  0xA30C, 0x7A29, 0x6A2A, 0x69E9, 0x9AEC, 0xBB8D, 0xAB6A, 0xAB8A,
  0xAB8A, 0xAB8A, 0xAB8A, 0xAB8A, 0xAB8A, 0xAB8A, 0xAB8A, 0xAB8A,
  0xAB8A, 0xAB8A, 0xAB8A, 0xAB8A, 0xAB8A, 0xAB8A, 0xAB8A, 0xAB8A,
  0xAB8A, 0xAB8A, 0xAB8A, 0xAB8A, 0xAB8A, 0xAB8A, 0xAB8A, 0xAB8A,
  0xAB6A, 0xAB6A, 0xAB8A, 0xAB8A, 0xAB8A, 0xAB8A, 0xAB8A, 0xAB8A,
  0xAB8A, 0xAB8A, 0xAB8A, 0xAB8A, 0xAB8A, 0xAB8A, 0xAB8A, 0xAB8A,
  0xAB6A, 0x92C9, 0xB38D, 0x9AEC, 0x7209, 0x59A8, 0x61E9, 0x71E9,
  0x9AEB, 0xAB6A, 0xAB8A, 0xAB6A, 0xAB8A, 0xAB8A, 0xAB8A, 0xAB8A,
  0xAB8A, 0xAB8A, 0xAB8A, 0xAB8A, 0xAB8A, 0xAB8A, 0xAB8A, 0xAB8A,
  0xAB8A, 0xAB8A, 0xAB8A, 0xAB8A, 0xAB8A, 0xAB8A, 0xAB8A, 0xAB8A,
  0xAB8A, 0xAB8A, 0xAB8A, 0xAB6A, 0xAB6A, 0x8AC9, 0xAB6A, 0xAB6A,
  0xA36B, 0x8AA9, 0x9B2B, 0x8249, 0xB2EC, 0xB2EB, 0x7A09, 0x92AB,
  0x92CB, 0x9AAA, 0xB2CB, 0xB2EC, 0xB30C, 0x824A, 0x61A8, 0x6A09,
  0x92AA, 0xB36C, 0xAB6B, 0xAB8A, 0xAB8A, 0xAB8A, 0xAB8A, 0xAB6A,
  0xAB8A, 0xAB8A, 0xA3ED, 0x9CB2, 0x9535, 0x8D77, 0x85B9, 0x7DBA,
  0x7DBA, 0x8D99, 0x3A6D, 0x6454, 0x7D98, 0x6CB6, 0x7D38, 0x6CB5,
  0x8599, 0x7C53, 0x7433, 0x7D58, 0x8D56, 0xC595, 0xFE96, 0xBD94,
  0x8557, 0x7DBA, 0x74D5, 0x7412, 0x8578, 0x7D37, 0x7474, 0x8579,
  0x7DB9, 0x85BA, 0x6495, 0x7DDA, 0x7DB9, 0x7DB9, 0x7DDA, 0x7DBA,
  0x7D99, 0x7DBA, 0x7D79, 0x7DBA, 0x7D79, 0x52AD, 0x82C7, 0xF60E,
  0xFE2D, 0xFE2D, 0xFE2D, 0xFE2D, 0xFE2D, 0xFE2D, 0xFE0D, 0xF60D,
  0xF60E, 0xFE2E, 0xFE2D, 0xF60D, 0xFE0D, 0xFE2D, 0xFE0D, 0xFE2D,
  0xFE0D, 0xDD4F, 0x4966, 0x5168, 0xAA8C, 0xEB6F, 0xF36F, 0xEB6F,
  0xEB6F, 0xEB6F, 0xEB6F, 0xEB6F, 0xEB6F, 0xEB6F, 0xEB6F, 0xEB6F,
  0xFF7B, 0xFF7B, 0xFF7B, 0xFF9B, 0xFF9B, 0xFF9B, 0xFF9B, 0xFF9B,
  0xFFBB, 0xFFBB, 0xF77B, 0x730D, 0x6ACB, 0xF77B, 0xF7BC, 0xA512,
  0xF77B, 0xFFBB, 0xF7BB, 0x9C71, 0x3907, 0x4107, 0x61C9, 0x59A8,
  0x61E9, 0x6A09, 0x7209, 0x6A09, 0x6A09, 0x6A09, 0x6A09, 0x7209,
  0x7209, 0x7209, 0x6A09, 0x6A09, 0x6A09, 0x6A09, 0x7209, 0x7209,
  0x7209, 0x8249, 0xBB8E, 0xC3AD, 0xB36B, 0xAB6A, 0xB38B, 0xBBAD,
  0x826A, 0x7209, 0x7209, 0x69E9, 0x9AEC, 0xBB8D, 0xAB6A, 0xAB8A,
  0xAB8A, 0xAB8A, 0xAB8A, 0xAB8A, 0xAB8A, 0xAB8A, 0xAB8A, 0xAB8A,
  0xAB8A, 0xAB8A, 0xAB8A, 0xAB8A, 0xAB8A, 0xAB8A, 0xAB8A, 0xAB8A,
  0xAB8A, 0xAB8A, 0xAB8A, 0xAB8A, 0xAB8A, 0xAB8A, 0xAB8A, 0xAB6A,
  0x92EA, 0xAB6B, 0xAB6A, 0xAB6A, 0xAB8A, 0xAB8A, 0xAB8A, 0xAB8A,
  0xAB8A, 0xAB8A, 0xAB8A, 0xAB8A, 0xAB8A, 0xAB8A, 0xAB8A, 0xAB8A,
  0xAB6A, 0x9AE9, 0xBBCE, 0x9ACC, 0x6A09, 0x59A8, 0x69E9, 0x71E9,
  0x9B0B, 0xAB6A, 0xAB8A, 0xAB6A, 0xAB8A, 0xAB8A, 0xAB8A, 0xAB8A,
  0xAB8A, 0xAB8A, 0xAB8A, 0xAB8A, 0xAB8A, 0xAB8A, 0xAB8A, 0xAB8A,
  0xAB8A, 0xAB8A, 0xAB8A, 0xAB8A, 0xAB8A, 0xAB8A, 0xAB8A, 0xAB8A,
  0xAB8A, 0xAB8A, 0xAB8A, 0xAB6A, 0xAB6A, 0x8AA9, 0xAB6B, 0xAB6A,
  0xAB6C, 0x8AA9, 0x9B2A, 0x8229, 0xB2EB, 0xB2EB, 0x8A6A, 0x826A,
  0xA32C, 0x9289, 0xB2EB, 0xB2EC, 0xB2EC, 0xA2CC, 0x69C8, 0x61E8,
  0x7209, 0xA32C, 0xB38C, 0xAB6A, 0xAB8A, 0xAB8A, 0xAB8A, 0xAB8A,
  0xAB6A, 0xAB8A, 0xA38B, 0xA38B, 0x9BAD, 0x9C70, 0x94B2, 0x8D56,
  0x8516, 0x63F3, 0x5B10, 0x5371, 0x7D98, 0x64B5, 0x7D58, 0x6CD6,
  0x8537, 0x9CB3, 0x8472, 0x74B5, 0x8C72, 0xE615, 0xFE95, 0xDE16,
  0x9556, 0x85B9, 0x7C73, 0x9CB3, 0x7494, 0x74B5, 0x8452, 0x8536,
  0x7DB9, 0x7DB9, 0x5C54, 0x85BA, 0x7DBA, 0x7DBA, 0x7DDA, 0x7DB9,
  0x7558, 0x7DBA, 0x7558, 0x7D99, 0x8579, 0x52AD, 0x82E8, 0xFE0E,
  0xFE0D, 0xFE2D, 0xFE2D, 0xFE2D, 0xFE2D, 0xFE0D, 0xFE0E, 0xF60E,
  0xF60F, 0xEDCF, 0xD52D, 0xDD6D, 0xFE0D, 0xFE2D, 0xFE2D, 0xFE2D,
  0xF62D, 0xE58E, 0x59C6, 0x4947, 0x81A9, 0xE36F, 0xF36F, 0xEB6F,
  0xEB6F, 0xEB6F, 0xEB6F, 0xEB6F, 0xEB6F, 0xEB6F, 0xEB6F, 0xEB6F,
  0xFF7B, 0xFF7B, 0xFF7B, 0xFF7B, 0xFF7B, 0xFF9B, 0xFF9B, 0xFF9B,
  0xFFBB, 0xFF9C, 0xF75B, 0x6ACC, 0x628A, 0xEF1A, 0xF79C, 0xA513,
  0xEF3A, 0xF7BB, 0xF79B, 0x9430, 0x3927, 0x4107, 0x61C9, 0x61C8,
  0x61C9, 0x6A09, 0x7209, 0x6A09, 0x6A09, 0x6A09, 0x6A09, 0x6A09,
  0x6A09, 0x6A09, 0x6A09, 0x6A09, 0x6A09, 0x6A09, 0x6A09, 0x6A09,
  0x6A09, 0x7229, 0xAB4D, 0xC3AE, 0xBB8C, 0xAB6A, 0xBBAC, 0xAB2D,
  0x7209, 0x6A09, 0x7209, 0x7209, 0xA30D, 0xBBAD, 0xAB4A, 0xAB6A,
  0xAB8A, 0xAB8A, 0xAB8A, 0xAB8A, 0xAB8A, 0xAB8A, 0xAB8A, 0xAB8A,
  0xAB8A, 0xAB8A, 0xAB8A, 0xAB8A, 0xAB8A, 0xAB8A, 0xAB8A, 0xAB8A,
  0xAB8A, 0xAB8A, 0xAB8A, 0xAB8A, 0xAB8A, 0xAB8A, 0xAB8A, 0xA36A,
  0x8269, 0xA32B, 0xAB6A, 0xAB8A, 0xAB6A, 0xAB8A, 0xAB8A, 0xAB8A,
  0xAB8A, 0xAB8A, 0xAB8A, 0xAB8A, 0xAB8A, 0xAB8A, 0xAB8A, 0xAB8A,
  0xAB6A, 0xA32A, 0xBBAD, 0x9ACC, 0x6A09, 0x5188, 0x69E9, 0x7209,
  0x9B0B, 0xAB6A, 0xAB8A, 0xAB6A, 0xAB8A, 0xAB8A, 0xAB8A, 0xAB8A,
  0xAB8A, 0xAB8A, 0xAB8A, 0xAB8A, 0xAB8A, 0xAB8A, 0xAB8A, 0xAB8A,
  0xAB8A, 0xAB8A, 0xAB8A, 0xAB8A, 0xAB8A, 0xAB8A, 0xAB8A, 0xAB8A,
  0xAB8A, 0xAB8A, 0xAB8A, 0xAB6A, 0xAB6A, 0x8A89, 0xAB6A, 0xAB6A,
  0xA36B, 0x8AA9, 0x9B2A, 0x8249, 0xB30C, 0xB2EC, 0x9AAB, 0x7A29,
  0xA34D, 0x8A69, 0xB2CB, 0xB2EC, 0xB2EB, 0xB2CB, 0x928B, 0x5146,
  0x6A09, 0x7A29, 0xAB6D, 0xAB8B, 0xAB8A, 0xAB8A, 0xAB8A, 0xAB8A,
  0xAB6A, 0xAB8A, 0xAB8A, 0xB36A, 0xAB6A, 0xA38B, 0xA3AB, 0x9C0E,
  0x6B2E, 0x6BB2, 0x6C54, 0x7516, 0x85B9, 0x6CB6, 0x7D78, 0x6CB6,
  0x84D4, 0xDDF6, 0xAD34, 0x84D4, 0x9C50, 0xEE35, 0xFE95, 0xF676,
  0x9CF3, 0x8D98, 0x7C11, 0xC574, 0x84B4, 0x8598, 0x9CF4, 0x8CD3,
  0x85B9, 0x85D9, 0x5C34, 0x85B9, 0x7DBA, 0x7DBA, 0x7DB9, 0x7D79,
  0x6D17, 0x85DA, 0x7537, 0x7DB9, 0x7D58, 0x528C, 0xA3EC, 0xF60F,
  0xF62E, 0xF60E, 0xFE0E, 0xFE0E, 0xF60F, 0xEDEF, 0xE58F, 0xBC4B,
  0x936A, 0x82C9, 0x6A48, 0x9B69, 0xF5CE, 0xFE2D, 0xFE2D, 0xFE2D,
  0xFE2D, 0xEDCE, 0x7268, 0x4107, 0x6988, 0xDB4F, 0xEB6F, 0xEB6F,
  0xEB6F, 0xEB6F, 0xEB6F, 0xEB6F, 0xEB6F, 0xEB6F, 0xEB6F, 0xEB6F,
  0xFF7B, 0xFF7B, 0xFF7B, 0xFF7B, 0xFF7B, 0xFF9B, 0xF79B, 0xFF9B,
  0xFF9B, 0xFFBC, 0xFF7C, 0x732D, 0x9411, 0xF75C, 0xF79C, 0xA4F2,
  0xE6DA, 0xF79B, 0xF79C, 0x6AAB, 0x3927, 0x4127, 0x61A9, 0x61C8,
  0x61C8, 0x6A09, 0x7209, 0x6A09, 0x6A09, 0x6A09, 0x6A09, 0x6A09,
  0x6A09, 0x6A09, 0x6A09, 0x6A09, 0x6A09, 0x6A09, 0x6A09, 0x6A09,
  0x6A09, 0x7209, 0x92AB, 0xC3AE, 0xC3AD, 0xB36B, 0xBBAD, 0x92AB,
  0x6A09, 0x6A09, 0x7209, 0x7209, 0x9AEC, 0xBBAD, 0xAB4A, 0xAB6A,
  0xAB8A, 0xAB8A, 0xAB8A, 0xAB8A, 0xAB8A, 0xAB8A, 0xAB8A, 0xAB8A,
  0xAB8A, 0xAB8A, 0xAB8A, 0xAB8A, 0xAB8A, 0xAB8A, 0xAB8A, 0xAB8A,
  0xAB8A, 0xAB8A, 0xAB8A, 0xAB8A, 0xAB8A, 0xAB8A, 0xAB8A, 0xA36A,
  0x7A49, 0x92CB, 0xAB6B, 0xAB6A, 0xAB6A, 0xAB8A, 0xAB8A, 0xAB8A,
  0xAB8A, 0xAB8A, 0xAB8A, 0xAB8A, 0xAB8A, 0xAB8A, 0xAB8A, 0xAB8A,
  0xAB6A, 0xA34A, 0xBB8D, 0xA2EC, 0x7209, 0x5188, 0x61C9, 0x7209,
  0xA32C, 0xAB6A, 0xAB8A, 0xAB6A, 0xAB8A, 0xAB8A, 0xAB8A, 0xAB8A,
  0xAB8A, 0xAB8A, 0xAB8A, 0xAB8A, 0xAB8A, 0xAB8A, 0xAB8A, 0xAB8A,
  0xAB8A, 0xAB8A, 0xAB8A, 0xAB8A, 0xAB8A, 0xAB8A, 0xAB8A, 0xAB8A,
  0xAB8A, 0xAB8A, 0xAB8A, 0xAB6A, 0xA34A, 0x8288, 0xAB6A, 0xAB6A,
  0xA34B, 0x92C9, 0x9B2A, 0x71E7, 0xB2EC, 0xB2EC, 0xA2AB, 0x69C7,
  0xAB6D, 0x92A9, 0xAACB, 0xB30C, 0xB2EB, 0xB2EB, 0xB2EC, 0x7A09,
  0x61A8, 0x71E9, 0x8AAB, 0xB38D, 0xAB6B, 0xAB6A, 0xAB8A, 0xAB8A,
  0xAB8A, 0xAB8A, 0xAB8A, 0xAB6A, 0xAB6A, 0xAB6A, 0xAB6A, 0xA38B,
  0x732D, 0x63D2, 0x8DB9, 0x7DD9, 0x7DB9, 0x6495, 0x8599, 0x74B6,
  0x9CF4, 0xF676, 0xC5B5, 0x9492, 0xE636, 0xF655, 0xFE95, 0xF656,
  0xC5B5, 0x8515, 0xA514, 0xEE97, 0xAD75, 0x8D97, 0xAD54, 0x9C91,
  0x8598, 0x85B9, 0x5C14, 0x85B9, 0x7DBA, 0x7DB9, 0x7DB9, 0x7538,
  0x6D17, 0x7DB9, 0x6CF7, 0x7D99, 0x8538, 0x4A0B, 0xB46F, 0xDD4F,
  0xCD0E, 0xCD2E, 0xCCED, 0xC4AD, 0x9329, 0x6A27, 0x6207, 0x51A6,
  0x4926, 0x5106, 0x5968, 0x7229, 0xDD4E, 0xF62D, 0xFE2D, 0xFE2D,
  0xFE2D, 0xFE0E, 0x9B8A, 0x4126, 0x6168, 0xCB2E, 0xEB6F, 0xEB6F,
  0xEB6F, 0xEB6F, 0xEB6F, 0xEB6F, 0xEB6F, 0xEB6F, 0xEB6F, 0xEB6F,
  0xFF7B, 0xFF7B, 0xFF7B, 0xFF9B, 0xFF9B, 0xFF9B, 0xFF9B, 0xF79B,
  0xF77B, 0xF79B, 0xF77C, 0xACF4, 0x732D, 0x9471, 0xF79C, 0x9C91,
  0xE6FA, 0xF77C, 0xAD35, 0x4168, 0x3907, 0x3907, 0x59A9, 0x69E9,
  0x59A8, 0x6A09, 0x7209, 0x6A09, 0x6A09, 0x6A09, 0x6A09, 0x6A09,
  0x6A09, 0x6A09, 0x6A09, 0x6A09, 0x6A09, 0x6A09, 0x6A09, 0x6A09,
  0x6A09, 0x7209, 0x7A29, 0xBBAF, 0xC3AE, 0xC3AD, 0xB36D, 0x7A49,
  0x6A09, 0x6A0A, 0x6A0A, 0x7209, 0x9AEC, 0xBBAD, 0xAB6A, 0xAB6A,
  0xAB8A, 0xAB8A, 0xAB8A, 0xAB8A, 0xAB8A, 0xAB8A, 0xAB8A, 0xAB8A,
  0xAB8A, 0xAB8A, 0xAB8A, 0xAB8A, 0xAB8A, 0xAB8A, 0xAB8A, 0xAB8A,
  0xAB8A, 0xAB8A, 0xAB8A, 0xAB8A, 0xAB8A, 0xAB8A, 0xAB8A, 0xA36A,
  0x7A69, 0x8249, 0xB36C, 0xAB6A, 0xAB6A, 0xAB8A, 0xAB8A, 0xAB8A,
  0xAB8A, 0xAB8A, 0xAB8A, 0xAB8A, 0xAB8A, 0xAB8A, 0xAB8A, 0xAB8A,
  0xAB6A, 0xAB6A, 0xBB8C, 0xAB2D, 0x7209, 0x4926, 0x61A8, 0x7209,
  0x9B0B, 0xAB6A, 0xAB8A, 0xAB6A, 0xAB8A, 0xAB8A, 0xAB8A, 0xAB8A,
  0xAB8A, 0xAB8A, 0xAB8A, 0xAB8A, 0xAB8A, 0xAB8A, 0xAB8A, 0xAB8A,
  0xAB8A, 0xAB8A, 0xAB8A, 0xAB8A, 0xAB8A, 0xAB8A, 0xAB8A, 0xAB8A,
  0xAB8A, 0xAB8A, 0xAB8A, 0xAB6A, 0xA34A, 0x8AA9, 0xAB8B, 0xAB6B,
  0x9B0A, 0x92CA, 0x930A, 0x8228, 0xB2EB, 0xB2EC, 0xAAEB, 0x69A7,
  0xA34D, 0x92CA, 0xB32C, 0xBB4D, 0xB30C, 0xB2EB, 0xB2EC, 0xAB0D,
  0x6187, 0x6A29, 0x7229, 0xAB4D, 0xB38C, 0xAB6A, 0xAB6B, 0xAB8B,
  0xAB8A, 0xAB8A, 0xAB8A, 0xAB6A, 0xAB8A, 0xAB8A, 0xAB8A, 0xA38C,
  0x94B4, 0x5371, 0x430F, 0x8558, 0x8599, 0x6CD6, 0x8599, 0x63D3,
  0x9430, 0xF675, 0xDDF5, 0xB4D2, 0xFE76, 0xFE76, 0xFE75, 0xFE95,
  0xEE97, 0xA554, 0xCDD6, 0xF676, 0xCDD5, 0x9D55, 0xBD73, 0xBD33,
  0x7CF6, 0x7D78, 0x74B6, 0x7DB9, 0x7DDA, 0x7DDA, 0x7DB9, 0x6CD6,
  0x7D79, 0x85B9, 0x6CB6, 0x7D9A, 0x7C75, 0x4148, 0x4126, 0x4966,
  0x4145, 0x4126, 0x4126, 0x3947, 0x3988, 0x39C9, 0x3189, 0x3148,
  0x5127, 0xB30D, 0x926B, 0x4906, 0x9309, 0xF60E, 0xFE0D, 0xFE2D,
  0xFE2D, 0xFE2E, 0xAC0B, 0x4106, 0x5968, 0xBAED, 0xEB6F, 0xEB6F,
  0xEB6F, 0xEB6F, 0xEB6F, 0xEB6F, 0xEB6F, 0xEB6F, 0xEB6F, 0xEB6F,
  0xFF7B, 0xFF7B, 0xFF7B, 0xFF9B, 0xFF9B, 0xFF9B, 0xFF9B, 0xFF9B,
  0xEF3B, 0xCE37, 0xAD33, 0x5A4A, 0x5A8C, 0x9472, 0xAD33, 0x83EF,
  0xB575, 0x7BB0, 0x52AC, 0x41AA, 0x3907, 0x38E6, 0x59A9, 0x6A09,
  0x5988, 0x6A09, 0x6A09, 0x7209, 0x6A09, 0x6A09, 0x6A09, 0x6A09,
  0x6A09, 0x6A09, 0x6A09, 0x6A09, 0x6A09, 0x6A09, 0x6A09, 0x6A09,
  0x7209, 0x7209, 0x7209, 0x928A, 0xC3AF, 0xC3AE, 0xA2EC, 0x7229,
  0x6A09, 0x720A, 0x6A0A, 0x7209, 0x9ACC, 0xBBAD, 0xAB6A, 0xAB6A,
  0xAB8A, 0xAB8A, 0xAB8A, 0xAB8A, 0xAB8A, 0xAB8A, 0xAB8A, 0xAB8A,
  0xAB8A, 0xAB8A, 0xAB8A, 0xAB8A, 0xAB6A, 0xAB6A, 0xAB8A, 0xAB8A,
  0xAB8A, 0xAB8A, 0xAB8A, 0xAB8A, 0xAB8A, 0xAB8A, 0xAB8A, 0xA38A,
  0x7A69, 0x71E8, 0xAB4B, 0xAB8A, 0xAB6A, 0xAB8A, 0xAB8A, 0xAB8A,
  0xAB8A, 0xAB8A, 0xAB8A, 0xAB8A, 0xAB8A, 0xAB8A, 0xAB8A, 0xAB8A,
  0xAB8A, 0xAB6A, 0xBB8C, 0xBB8E, 0x7A6A, 0x4967, 0x61C9, 0x7209,
  0x9AEB, 0xAB6B, 0xAB6A, 0xAB6A, 0xAB8A, 0xAB8A, 0xAB8A, 0xAB8A,
  0xAB8A, 0xAB8A, 0xAB8A, 0xAB8A, 0xAB8A, 0xAB8A, 0xAB8A, 0xAB8A,
  0xAB8A, 0xAB8A, 0xAB8A, 0xAB8A, 0xAB8A, 0xAB8A, 0xAB8A, 0xAB8A,
  0xAB8A, 0xAB8A, 0xAB6A, 0xAB6A, 0xA32A, 0x92A9, 0xAB8B, 0xAB6A,
  0x92C9, 0x930A, 0x92E9, 0x9B0C, 0xBB2C, 0xB2EB, 0xAAEB, 0x71E8,
  0x8A8A, 0x92A9, 0xBB8D, 0xB30B, 0xB2EB, 0xB2CB, 0xB2EB, 0xAB0C,
  0x8A8B, 0x61C8, 0x6A09, 0x8A6A, 0xBB8D, 0xAB6B, 0xAB6B, 0xAB6A,
  0xAB8A, 0xAB8A, 0xAB8A, 0xAB6A, 0xAB6A, 0xAB8A, 0xAB8A, 0x93CC,
  0x8D56, 0x8579, 0x5BD2, 0x4AEF, 0x74B6, 0x7537, 0x6C95, 0x6BF3,
  0x9410, 0xF675, 0xDDD4, 0xDD94, 0xFE75, 0xFE96, 0xFE75, 0xFE75,
  0xFE96, 0xDE16, 0xE616, 0xFE95, 0xF677, 0xB533, 0xD5D4, 0xE656,
  0x7CB4, 0x7D16, 0x84F6, 0x85B9, 0x7DDA, 0x7DDA, 0x85B9, 0x5C34,
  0x85B9, 0x7D99, 0x6455, 0x85B9, 0x6B6F, 0x61E9, 0x5187, 0x4148,
  0x41CA, 0x4A6C, 0x530F, 0x6413, 0x8537, 0x8D99, 0x8D99, 0x7413,
  0x69A9, 0xD36F, 0xCB4E, 0x5927, 0x61C7, 0xE58E, 0xFE0D, 0xFE2D,
  0xFE2D, 0xFE2E, 0xC4AD, 0x4967, 0x4927, 0x9A4B, 0xEB6F, 0xEB6F,
  0xEB6F, 0xEB6F, 0xEB6F, 0xEB6F, 0xEB6F, 0xEB6F, 0xEB6F, 0xEB6F,
  0xFF9B, 0xFF9B, 0xFF9B, 0xFF9B, 0xFF9B, 0xFF9B, 0xF77C, 0xE71A,
  0xB554, 0x9CB1, 0xA4D2, 0x5A6B, 0x52EE, 0x4A6B, 0x9451, 0xA4F2,
  0x9491, 0x8C52, 0x7432, 0x39C9, 0x3907, 0x3906, 0x51C8, 0x6209,
  0x59A8, 0x6A09, 0x6A09, 0x720A, 0x6A09, 0x6A09, 0x6A09, 0x6A09,
  0x6A09, 0x6A09, 0x6A09, 0x6A09, 0x6A09, 0x7209, 0x7209, 0x7209,
  0x7209, 0x7209, 0x7229, 0x7A09, 0xB34E, 0xC3AF, 0x92AB, 0x6A09,
  0x6A0A, 0x720A, 0x6A09, 0x6A09, 0x92CC, 0xBBAE, 0xAB6B, 0xAB6A,
  0xAB8A, 0xAB8A, 0xAB8A, 0xAB8A, 0xAB8A, 0xAB8A, 0xAB8A, 0xAB8A,
  0xAB8A, 0xAB8A, 0xAB8A, 0xAB8A, 0xAB6A, 0xAB6A, 0xAB8A, 0xAB8A,
  0xAB8A, 0xAB8A, 0xAB8A, 0xAB8A, 0xAB8A, 0xAB8A, 0xAB8A, 0xAB6A,
  0x7249, 0x6A09, 0x9B0B, 0xAB6B, 0xAB6A, 0xAB8A, 0xAB8A, 0xAB8A,
  0xAB8A, 0xAB8A, 0xAB8A, 0xAB8A, 0xAB8A, 0xAB8A, 0xAB8A, 0xAB8A,
  0xAB6A, 0xAB8A, 0xAB6B, 0xB38C, 0x7A8A, 0x51A8, 0x61C8, 0x7209,
  0x9AEB, 0xAB6B, 0xAB6A, 0xAB8A, 0xAB8A, 0xAB8A, 0xAB8A, 0xAB8A,
  0xAB8A, 0xAB8A, 0xAB8A, 0xAB8A, 0xAB8A, 0xAB8A, 0xAB8A, 0xAB8A,
  0xAB8A, 0xAB8A, 0xAB8A, 0xAB8A, 0xAB8A, 0xAB8A, 0xAB8A, 0xAB8A,
  0xAB8A, 0xAB8A, 0xAB6A, 0xAB6A, 0xA34A, 0x9B09, 0xAB8B, 0xAB6A,
  0x8268, 0x9B2A, 0x8AA9, 0xB3AD, 0xBB4B, 0xB2EB, 0xB30C, 0x826A,
  0x7A28, 0x9ACA, 0xD44F, 0xC38B, 0xB2EB, 0xB2EB, 0xB2EB, 0xB2EB,
  0xAAEC, 0x6186, 0x69E9, 0x6A09, 0x9AEB, 0xB3AD, 0xAB6A, 0xAB6A,
  0xAB8A, 0xAB8A, 0xAB6A, 0xAB6A, 0xAB8A, 0xAB8A, 0xAB8A, 0x940E,
  0x8D98, 0x7DBA, 0x8D99, 0x5351, 0x6C95, 0x7D59, 0x6C95, 0x6C55,
  0x8C11, 0xF656, 0xCD53, 0xC4F2, 0xFE75, 0xFE95, 0xFE95, 0xFE95,
  0xFE95, 0xFE96, 0xFE76, 0xF656, 0xDDB4, 0xF656, 0xF675, 0xF696,
  0x8452, 0x8CD4, 0xB596, 0x8598, 0x85BA, 0x7DBA, 0x7D58, 0x6474,
  0x7DB9, 0x74F7, 0x6CB6, 0x8516, 0x730B, 0x9B8B, 0x8AEB, 0x628B,
  0x7474, 0x8558, 0x85B9, 0x7DB9, 0x85B9, 0x85BA, 0x85B9, 0x63F3,
  0x59CB, 0xB2CD, 0xE390, 0x71C9, 0x4906, 0xAC2B, 0xF60E, 0xFE2D,
  0xFE0D, 0xFE0D, 0xDD4D, 0x69E7, 0x4127, 0x71C9, 0xE38F, 0xEB6E,
  0xEB6F, 0xEB6F, 0xEB6F, 0xEB6F, 0xEB6F, 0xEB6F, 0xEB6F, 0xEB6F,
  0xFF9B, 0xFF9B, 0xFF9B, 0xFF9B, 0xFF9B, 0xFF7B, 0xDEB9, 0xA4F2,
  0xC5D6, 0xDE99, 0x8C10, 0x9452, 0x8D36, 0x6BD0, 0xFF7D, 0xB574,
  0xDEBA, 0xCE5A, 0x8472, 0x8C52, 0x9411, 0x9432, 0xB535, 0xA472,
  0x7AEC, 0x61E9, 0x6A2A, 0x7209, 0x6A09, 0x6A09, 0x6A09, 0x6A09,
  0x6A09, 0x6A09, 0x6A09, 0x6A09, 0x6A09, 0x7209, 0x7209, 0x7209,
  0x7209, 0x6A09, 0x6A09, 0x7209, 0x92AB, 0xAB4D, 0x826A, 0x6A09,
  0x720A, 0x7209, 0x6A29, 0x7209, 0x8A8B, 0xBBAE, 0xB36B, 0xAB8A,
  0xAB8A, 0xAB8A, 0xAB8A, 0xAB8A, 0xAB8A, 0xAB8A, 0xAB8A, 0xAB8A,
  0xAB8A, 0xAB8A, 0xAB8A, 0xAB6A, 0xA34A, 0xAB4A, 0xAB8A, 0xAB8A,
  0xAB8A, 0xAB8A, 0xAB8A, 0xAB8A, 0xAB8A, 0xAB8A, 0xAB8A, 0xAB6A,
  0x7229, 0x6A09, 0x92CB, 0xAB6B, 0xAB8A, 0xAB8A, 0xAB8A, 0xAB8A,
  0xAB8A, 0xAB8A, 0xAB8A, 0xAB8A, 0xAB8A, 0xAB8A, 0xAB8A, 0xAB8A,
  0xAB6A, 0xAB8A, 0xAB6A, 0xA34B, 0x61C7, 0x6A29, 0x61C8, 0x6A09,
  0x9AEB, 0xAB6B, 0xAB6A, 0xAB8A, 0xAB8A, 0xAB8A, 0xAB8A, 0xAB8A,
  0xAB8A, 0xAB8A, 0xAB8A, 0xAB8A, 0xAB8A, 0xAB8A, 0xAB8A, 0xAB8A,
  0xAB8A, 0xAB8A, 0xAB8A, 0xAB8A, 0xAB8A, 0xAB8A, 0xAB8A, 0xAB8A,
  0xAB8A, 0xAB8A, 0xAB6A, 0xAB6A, 0xAB6A, 0xAB6A, 0xAB6A, 0xAB6B,
  0x8247, 0xA36B, 0x8288, 0xCC90, 0xCBCC, 0xB2EB, 0xB2EC, 0x92AB,
  0x69C7, 0x9AEA, 0xB38C, 0xDC4C, 0xBB2B, 0xB2EB, 0xB2EB, 0xB2EB,
  0xB2EB, 0x8A8A, 0x5967, 0x69E9, 0x7A29, 0xAB6D, 0xB36B, 0xAB8A,
  0xAB8A, 0xAB6A, 0xAB6A, 0xAB6A, 0xAB6A, 0xAB8A, 0xA38A, 0x9C71,
  0x85B9, 0x85DA, 0x7494, 0x6391, 0x8599, 0x7D79, 0x7D58, 0x6C75,
  0x734E, 0xF676, 0xCD52, 0xBCB1, 0xFE95, 0xFE95, 0xFE95, 0xFE95,
  0xFE95, 0xFE95, 0xFE75, 0xE5F5, 0x9BAD, 0xF676, 0xFE75, 0xF696,
  0x8BCF, 0xACF3, 0xC5B5, 0x8557, 0x85BA, 0x7DBA, 0x6495, 0x7D58,
  0x85B9, 0x5C13, 0x8578, 0x73D0, 0x9B6C, 0xAB8A, 0xAB6C, 0x7BF0,
  0x8598, 0x85BA, 0x85BA, 0x7DBA, 0x7DBA, 0x7DBA, 0x85BA, 0x8558,
  0x62EE, 0x81E9, 0xE38F, 0x8A0A, 0x4907, 0x82E8, 0xF5EE, 0xFE2D,
  0xFE0D, 0xFE2D, 0xEDCE, 0x82C9, 0x4127, 0x5927, 0xD34F, 0xEB6F,
  0xEB6F, 0xEB6F, 0xEB6F, 0xEB6F, 0xEB6F, 0xEB6F, 0xEB6F, 0xEB6F,
  0xFF9B, 0xFF9B, 0xFF9B, 0xFF9B, 0xFF9B, 0xFF9B, 0xDE98, 0x9C90,
  0x6B0B, 0x6B0B, 0xB575, 0xE71C, 0xA5D8, 0x5B6F, 0xF75C, 0xB594,
  0x7BAE, 0x734D, 0x736D, 0x7BCE, 0x9CB2, 0x734C, 0x7BCE, 0xDE9A,
  0xBD76, 0x8B8F, 0x6A09, 0x6A09, 0x6A09, 0x6A09, 0x6A09, 0x6A09,
  0x6A09, 0x6A09, 0x6A09, 0x6A09, 0x6A09, 0x7209, 0x7209, 0x6A09,
  0x6A09, 0x6A09, 0x6A09, 0x6A09, 0x7229, 0x7229, 0x7209, 0x6A09,
  0x720A, 0x7209, 0x6A29, 0x6A09, 0x824A, 0xBBCE, 0xB36B, 0xAB8A,
  0xAB8A, 0xAB8A, 0xAB8A, 0xAB8A, 0xAB8A, 0xAB8A, 0xAB8A, 0xAB8A,
  0xAB8A, 0xAB8A, 0xAB8A, 0xAB6A, 0xA34B, 0xAB6B, 0xAB8A, 0xAB8A,
  0xAB8A, 0xAB8A, 0xAB8A, 0xAB8A, 0xAB8A, 0xAB8A, 0xAB8A, 0xA36A,
  0x7229, 0x69E9, 0x8AAA, 0xB36B, 0xAB6A, 0xAB8A, 0xAB8A, 0xAB8A,
  0xAB8A, 0xAB8A, 0xAB8A, 0xAB8A, 0xAB8A, 0xAB8A, 0xAB8A, 0xAB8A,
  0xAB8A, 0xAB8A, 0xAB6A, 0x9B0A, 0x61A7, 0x7A6A, 0x61E9, 0x7209,
  0x92CB, 0xB36C, 0xAB8A, 0xAB8A, 0xAB8A, 0xAB8A, 0xAB8A, 0xAB8A,
  0xAB8A, 0xAB8A, 0xAB8A, 0xAB8A, 0xAB8A, 0xAB8A, 0xAB8A, 0xAB8A,
  0xAB8A, 0xAB8A, 0xAB8A, 0xAB8A, 0xAB8A, 0xAB8A, 0xAB8A, 0xAB8A,
  0xAB8A, 0xAB8A, 0xAB6A, 0xAB6A, 0xAB6A, 0xAB6A, 0xAB8A, 0xAB6B,
  0x7A27, 0xAB6B, 0x7A27, 0xDD73, 0xD46E, 0xB30B, 0xB2EB, 0xAB0C,
  0x69A6, 0xA32C, 0x92E9, 0xE50F, 0xD3CB, 0xB2EB, 0xB2EB, 0xB2EB,
  0xB2EB, 0xAAEC, 0x69C8, 0x61A9, 0x7209, 0x92AB, 0xBB8D, 0xAB6A,
  0xAB8A, 0xAB6A, 0xAB6A, 0xAB8A, 0xA32A, 0xA30A, 0xA38B, 0x9CF4,
  0x8DB9, 0x9577, 0x738F, 0x526B, 0x6C32, 0x7CF6, 0x8558, 0x8D38,
  0x6B0D, 0xE616, 0xCD32, 0xB470, 0xFE96, 0xFE95, 0xFE95, 0xFE95,
  0xFE95, 0xFE95, 0xFE96, 0xDDD5, 0x82EB, 0xF656, 0xFE75, 0xF676,
  0xC552, 0xDDB5, 0xEE57, 0x84F5, 0x85BA, 0x7D99, 0x6475, 0x85DA,
  0x7D78, 0x5412, 0x7D57, 0x6B2E, 0x9B6C, 0xAB6A, 0x9B8D, 0x7452,
  0x85B9, 0x7DDA, 0x7DBA, 0x7DBA, 0x7DDA, 0x7DDA, 0x7DDA, 0x7D78,
  0x422B, 0xAAED, 0xEB6F, 0xC30E, 0x5148, 0x6207, 0xE58D, 0xFE2D,
  0xFE2D, 0xFE2D, 0xF60E, 0xC46D, 0x4946, 0x4927, 0xAAAC, 0xEB8F,
  0xEB6F, 0xEB6F, 0xEB6F, 0xEB6F, 0xEB6F, 0xEB6F, 0xEB6F, 0xEB6F,
  0xFF9B, 0xFF9B, 0xFF9B, 0xFF9B, 0xFF9B, 0xFF9B, 0xFF9B, 0xFF9C,
  0xFF9C, 0xFF9C, 0xF77C, 0xEF1B, 0x8C92, 0x6B6E, 0xF77C, 0xDED9,
  0xD699, 0xFF9C, 0xFF7C, 0xF77B, 0xEF7B, 0xEF3A, 0xAD13, 0x9CD2,
  0xAD14, 0x8B6E, 0x61E9, 0x69E9, 0x6A09, 0x6A09, 0x6A09, 0x6A09,
  0x6A09, 0x6A09, 0x6A09, 0x6A09, 0x6A09, 0x7209, 0x7209, 0x6A09,
  0x6A09, 0x6A09, 0x7209, 0x7229, 0x7229, 0x6A09, 0x6A09, 0x6A09,
  0x6A09, 0x6A09, 0x6A09, 0x6A09, 0x7A09, 0xBBAE, 0xB38C, 0xAB6A,
  0xAB8A, 0xAB8A, 0xAB8A, 0xAB8A, 0xAB8A, 0xAB8A, 0xAB8A, 0xAB8A,
  0xAB8A, 0xAB6A, 0xAB8A, 0xAB6A, 0xAB6B, 0xAB6B, 0xAB8A, 0xAB8A,
  0xAB8A, 0xAB8A, 0xAB8A, 0xAB8A, 0xAB8A, 0xAB8A, 0xAB8A, 0xA36B,
  0x6A09, 0x6A0A, 0x8A8A, 0xAB6B, 0xAB6A, 0xAB8A, 0xAB8A, 0xAB8A,
  0xAB8A, 0xAB8A, 0xAB8A, 0xAB8A, 0xAB8A, 0xAB8A, 0xAB8A, 0xAB8A,
  0xAB6A, 0xAB8A, 0xAB8A, 0x8AA9, 0x69E8, 0x828B, 0x61C8, 0x6A09,
  0x92AA, 0xAB4B, 0xAB6A, 0xAB6A, 0xAB8A, 0xAB8A, 0xAB8A, 0xAB8A,
  0xAB8A, 0xAB8A, 0xAB8A, 0xAB8A, 0xAB8A, 0xAB8A, 0xAB8A, 0xAB8A,
  0xAB8A, 0xAB8A, 0xAB8A, 0xAB8A, 0xAB8A, 0xAB8A, 0xAB8A, 0xAB8A,
  0xAB8A, 0xAB8A, 0xAB8A, 0xAB8A, 0xAB8A, 0xAB8A, 0xAB8A, 0xAB6B,
  0x7A27, 0xAB6B, 0x7A68, 0xE5F5, 0xE4EF, 0xB30A, 0xB2EB, 0xAB0C,
  0x71E7, 0x9B0C, 0x6A27, 0xF5F3, 0xE4AC, 0xC32B, 0xB2EC, 0xB2EB,
  0xB2EB, 0xB2EC, 0x92AB, 0x5967, 0x7209, 0x7A09, 0xBB8E, 0xB38C,
  0xAB8A, 0xAB6A, 0xAB6B, 0xA34B, 0x71E8, 0xAB6C, 0xAB8C, 0xA4F2,
  0x94B2, 0x93EE, 0xA3AD, 0x932B, 0x6A48, 0x5A08, 0x3A09, 0x29EA,
  0x41E9, 0xD5B5, 0xCD32, 0xB470, 0xFE75, 0xFE95, 0xFE95, 0xFE95,
  0xFE95, 0xFE95, 0xFE76, 0xDDB5, 0x728A, 0xF655, 0xFE75, 0xFE76,
  0xFE75, 0xFE76, 0xF696, 0x94F4, 0x85B9, 0x7538, 0x74B6, 0x7DB9,
  0x74D5, 0x8516, 0x74F6, 0x7473, 0x6B2D, 0x936D, 0x6AEC, 0x8557,
  0x7DBA, 0x7DDA, 0x7DDA, 0x7DDA, 0x7DBA, 0x7DB9, 0x7DDA, 0x85D9,
  0x73B0, 0x8A09, 0xEB8E, 0xCB2E, 0x6147, 0x5187, 0xCCEC, 0xFE2D,
  0xFE2D, 0xFE2D, 0xFE2D, 0xF5F0, 0x61E7, 0x4947, 0x89EA, 0xE36F,
  0xEB6F, 0xEB6F, 0xEB6F, 0xEB6F, 0xEB6F, 0xEB6F, 0xEB6F, 0xEB6F,
  0xFF9B, 0xFF9B, 0xFF9B, 0xFF9B, 0xFF9B, 0xFF9B, 0xFF9B, 0xFF9B,
  0xF79B, 0xF77B, 0xD678, 0x8C2E, 0xCE17, 0xF79C, 0xF79B, 0xF79B,
  0xF79B, 0xF79C, 0xF79C, 0xD678, 0xCE57, 0x6AEB, 0xAD13, 0x6AAB,
  0x6A8B, 0x51A7, 0x6A09, 0x6A09, 0x6A09, 0x6A09, 0x6A09, 0x6A09,
  0x6A09, 0x6A09, 0x6A09, 0x6A09, 0x6A09, 0x7209, 0x7209, 0x6A09,
  0x6A09, 0x6A09, 0x7209, 0x7209, 0x7209, 0x6A09, 0x6A09, 0x6A09,
  0x6A09, 0x6A09, 0x6A09, 0x6A09, 0x71E9, 0xBB8E, 0xBB8C, 0xAB6A,
  0xAB8A, 0xAB8A, 0xAB8A, 0xAB8A, 0xAB8A, 0xAB8A, 0xAB8A, 0xAB8A,
  0xAB8A, 0xAB8A, 0xAB6A, 0xAB6A, 0xAB4C, 0xAB8C, 0xAB8A, 0xAB8A,
  0xAB8A, 0xAB8A, 0xAB8A, 0xAB8A, 0xAB8A, 0xAB8A, 0xAB8A, 0xA36B,
  0x61C8, 0x6A0A, 0x826A, 0xAB6C, 0xAB6A, 0xAB8A, 0xAB8A, 0xAB8A,
  0xAB8A, 0xAB8A, 0xAB8A, 0xAB8A, 0xAB8A, 0xAB8A, 0xAB8A, 0xAB8A,
  0xAB6A, 0xAB8A, 0xAB6A, 0x7A69, 0x71E8, 0x828B, 0x61C8, 0x6A09,
  0x8A8A, 0xAB6B, 0xAB6A, 0xAB8A, 0xAB8A, 0xAB8A, 0xAB8A, 0xAB8A,
  0xAB8A, 0xAB8A, 0xAB8A, 0xAB8A, 0xAB8A, 0xAB8A, 0xAB8A, 0xAB8A,
  0xAB8A, 0xAB8A, 0xAB8A, 0xAB8A, 0xAB8A, 0xAB8A, 0xAB8A, 0xAB8A,
  0xAB8A, 0xAB8A, 0xAB8A, 0xAB8A, 0xAB8A, 0xAB8A, 0xAB8A, 0xA34A,
  0x8268, 0xAB6B, 0x7A48, 0xEE56, 0xED50, 0xC36B, 0xB2EB, 0xAAEB,
  0x8269, 0x9B0C, 0x6A07, 0xF655, 0xED70, 0xD3EC, 0xB30B, 0xB2EB,
  0xB2EB, 0xB2EB, 0xAAEC, 0x69C8, 0x61A8, 0x69E9, 0x8A6A, 0xB3AD,
  0xAB6B, 0xAB6A, 0x9B0B, 0x69E8, 0x7A49, 0xA36B, 0xAB8B, 0xA3AC,
  0x9B8B, 0xAB6B, 0xAB6A, 0xAB8A, 0xAB8B, 0xCC4E, 0xB533, 0x5B2F,
  0x630E, 0xCD94, 0xC4F1, 0xB470, 0xFE96, 0xFE95, 0xFE95, 0xFE95,
  0xFE95, 0xFE95, 0xFE76, 0xD554, 0x7ACB, 0xF675, 0xFE75, 0xFE76,
  0xFE75, 0xFE75, 0xF676, 0x9CD3, 0x8578, 0x6CD6, 0x7538, 0x8599,
  0x8C93, 0x7C32, 0x74B5, 0x7517, 0x8577, 0x6BD1, 0x6C53, 0x85B9,
  0x7DDA, 0x7DDA, 0x7DDA, 0x7DDA, 0x7578, 0x6D17, 0x7D99, 0x7D16,
  0x5A4B, 0xAA6B, 0xEB6E, 0xE36F, 0x8A0A, 0x4906, 0xAC0B, 0xFE0E,
  0xFE2D, 0xFE2D, 0xFE2D, 0xFE0E, 0x8B29, 0x4146, 0x5927, 0xDB4E,
  0xEB6F, 0xEB6F, 0xEB6F, 0xEB6F, 0xEB6F, 0xEB6F, 0xEB6F, 0xEB6F,
  0xFF9B, 0xFF9B, 0xFF9B, 0xFF9B, 0xFF9B, 0xFF9B, 0xFF9B, 0xFF9B,
  0xF79B, 0xFF9C, 0xAD33, 0xDEB9, 0xEF5B, 0xF77B, 0xF77B, 0xEF5B,
  0xDE98, 0xBDD6, 0xA514, 0x5ACB, 0x838F, 0x626A, 0x4167, 0x51A8,
  0x59E8, 0x6A09, 0x6A09, 0x6A09, 0x6A09, 0x6A09, 0x6A09, 0x6A09,
  0x6A09, 0x6A09, 0x6A09, 0x6A09, 0x6A09, 0x7209, 0x7209, 0x7209,
  0x6A09, 0x6A09, 0x6A09, 0x7209, 0x7209, 0x6A09, 0x6A09, 0x6A09,
  0x6A09, 0x6A09, 0x6A09, 0x6A09, 0x71E8, 0xB36E, 0xBB8C, 0xAB6A,
  0xAB8A, 0xAB8A, 0xAB8A, 0xAB8A, 0xAB8A, 0xAB8A, 0xAB8A, 0xAB8A,
  0xAB8A, 0xAB8A, 0xAB6A, 0xAB6A, 0xA32B, 0xAB8C, 0xAB6A, 0xAB8A,
  0xAB8A, 0xAB8A, 0xAB8A, 0xAB8A, 0xAB8A, 0xAB8A, 0xAB8A, 0x9B2A,
  0x5987, 0x6A0A, 0x7A29, 0xB36C, 0xAB6A, 0xAB8A, 0xAB8A, 0xAB8A,
  0xAB8A, 0xAB8A, 0xAB8A, 0xAB8A, 0xAB8A, 0xAB8A, 0xAB8A, 0xAB8A,
  0xAB6A, 0xAB8A, 0xAB6B, 0x61C8, 0x8A8B, 0x828B, 0x61C8, 0x6A09,
  0x8A8A, 0xB38C, 0xAB6A, 0xAB8A, 0xAB8A, 0xAB8A, 0xAB8A, 0xAB8A,
  0xAB8A, 0xAB8A, 0xAB8A, 0xAB8A, 0xAB8A, 0xAB8A, 0xAB8A, 0xAB8A,
  0xAB8A, 0xAB8A, 0xAB8A, 0xAB8A, 0xAB8A, 0xAB8A, 0xAB8A, 0xAB8A,
  0xAB8A, 0xAB8A, 0xAB8A, 0xAB8A, 0xAB8A, 0xAB8A, 0xAB8A, 0x9B09,
  0x92A9, 0xA36B, 0x82A9, 0xF677, 0xF5B1, 0xCBAB, 0xB2EB, 0xB2EC,
  0x8A49, 0x92CB, 0x8289, 0xEE15, 0xFE34, 0xE4AE, 0xBB4B, 0xB2EB,
  0xB2EC, 0xB30B, 0xB2EB, 0x9ACB, 0x5967, 0x69E9, 0x71E9, 0xAB2D,
  0xB38D, 0x9B0B, 0x69E8, 0x5987, 0x9B0A, 0xAB6A, 0xAB8A, 0xAB6A,
  0xAB6A, 0xAB6A, 0xAB6A, 0xA38A, 0xAB8A, 0xCC0C, 0xB490, 0x632F,
  0x6B2F, 0xD5D6, 0xC4D1, 0xCD32, 0xFE76, 0xFE95, 0xFE95, 0xFE95,
  0xFE95, 0xFE95, 0xFE76, 0xC513, 0x8B2C, 0xFE75, 0xFE75, 0xFE75,
  0xFE75, 0xFE75, 0xFE76, 0xA4B3, 0x7D16, 0x6494, 0x8599, 0x8536,
  0xB534, 0x9C92, 0x7C33, 0x74B6, 0x8599, 0x85B9, 0x85B9, 0x7DBA,
  0x7DB9, 0x7DBA, 0x7DBA, 0x7DBA, 0x7DBA, 0x6CD6, 0x6C95, 0x63D2,
  0x5989, 0xD34F, 0xEB6E, 0xEB6F, 0xC32E, 0x5106, 0x82C9, 0xF60E,
  0xFE2D, 0xFE2D, 0xFE0D, 0xFE0E, 0xBC8D, 0x4946, 0x5107, 0xC30D,
  0xEB6F, 0xEB6F, 0xEB6F, 0xEB6F, 0xEB6F, 0xEB6F, 0xEB6F, 0xEB6F,
  0xFF9B, 0xFF9B, 0xF75A, 0xFF7B, 0xFF7B, 0xFF7B, 0xFF9B, 0xFF9B,
  0xFF9B, 0xFF9C, 0x8C0F, 0x6B2C, 0x736C, 0x7BAE, 0x632D, 0x638F,
  0x636E, 0x5370, 0x5BB1, 0x5BD1, 0x41A9, 0x3927, 0x4147, 0x61E9,
  0x6A09, 0x69E9, 0x6A09, 0x6A09, 0x6A09, 0x6A09, 0x6A09, 0x6A09,
  0x6A09, 0x6A09, 0x6A09, 0x6A09, 0x6A09, 0x7209, 0x7209, 0x7209,
  0x6A09, 0x6A09, 0x6A09, 0x6A09, 0x6A09, 0x6A09, 0x6A09, 0x6A09,
  0x6A09, 0x6A09, 0x6A09, 0x6A09, 0x7209, 0xAB4D, 0xC38D, 0xAB4A,
  0xAB6A, 0xAB8A, 0xAB8A, 0xAB8A, 0xAB8A, 0xAB8A, 0xAB8A, 0xAB8A,
  0xAB8A, 0xAB6A, 0xAB6A, 0xAB6B, 0x9ACB, 0xB38D, 0xAB6A, 0xAB6A,
  0xAB8A, 0xAB8A, 0xAB6A, 0xAB8A, 0xAB8A, 0xAB8A, 0xAB8A, 0x92EA,
  0x5987, 0x69E9, 0x7229, 0xAB6C, 0xB38B, 0xAB8A, 0xAB8A, 0xAB8A,
  0xAB8A, 0xAB8A, 0xAB8A, 0xAB8A, 0xAB8A, 0xAB8A, 0xAB8A, 0xAB8A,
  0xAB6A, 0xAB6A, 0xA34B, 0x61A8, 0xAB0D, 0x92AB, 0x61C9, 0x6A09,
  0x826A, 0xB3AD, 0xAB6A, 0xAB6A, 0xAB8A, 0xAB8A, 0xAB8A, 0xAB8A,
  0xAB8A, 0xAB8A, 0xAB8A, 0xAB8A, 0xAB8A, 0xAB8A, 0xAB8A, 0xAB8A,
  0xAB8A, 0xAB8A, 0xAB8A, 0xAB8A, 0xAB8A, 0xAB8A, 0xAB8A, 0xAB8A,
  0xAB8A, 0xAB8A, 0xAB6A, 0xAB6A, 0xAB6A, 0xAB8A, 0xAB6A, 0x92E9,
  0x9B0A, 0xA34B, 0x8B0B, 0xF676, 0xF5F2, 0xDC2C, 0xB2EA, 0xB2EB,
  0x928A, 0x8A8A, 0x8289, 0xE5D4, 0xFE96, 0xEDB2, 0xCBEC, 0xB30A,
  0xB2EB, 0xB2EB, 0xB2EB, 0xAB0C, 0x71E9, 0x61A8, 0x6A09, 0x8AAB,
  0xA34E, 0x69A8, 0x5986, 0x8ACB, 0xAB6B, 0xAB8A, 0xAB8A, 0xAB6A,
  0xAB6A, 0xAB6A, 0xAB6A, 0xAB8A, 0xAB8A, 0xCBEB, 0xBC0D, 0x6AED,
  0x734F, 0xE657, 0xEE15, 0xF636, 0xFE75, 0xFE75, 0xFE75, 0xFE96,
  0xFE96, 0xFE95, 0xFE76, 0xB450, 0x938D, 0xFE75, 0xFE75, 0xFE95,
  0xFE76, 0xFE76, 0xF676, 0xACD2, 0x5BB1, 0x7D78, 0x8599, 0x8C72,
  0xE636, 0x9C30, 0x522B, 0x422C, 0x7D17, 0x85BA, 0x85BA, 0x7DBA,
  0x7DB9, 0x7DDA, 0x7DBA, 0x7DBA, 0x7DBA, 0x85BA, 0x6C35, 0x7C74,
  0x5168, 0xC30E, 0xEB6E, 0xEB6F, 0xDB8F, 0x6168, 0x61E6, 0xF5F0,
  0xF62D, 0xFE2D, 0xFE0D, 0xFE0E, 0xDD4F, 0x61E8, 0x4927, 0xAA8B,
  0xEB6F, 0xEB6F, 0xEB6E, 0xEB6E, 0xEB6E, 0xEB6E, 0xEB6F, 0xEB6F,
  0xF77B, 0xFF9B, 0xF75B, 0xFF7B, 0xFF7B, 0xFF7B, 0xFF9B, 0xFF9B,
  0xFF9B, 0xF77B, 0xEF1A, 0xDEBA, 0xB5B6, 0x8CD3, 0x5C53, 0x5CD5,
  0x5CF6, 0x5D17, 0x6538, 0x6517, 0x39AA, 0x3907, 0x4127, 0x61C9,
  0x6A09, 0x7209, 0x6A09, 0x6A09, 0x6A09, 0x6A09, 0x6A09, 0x6A09,
  0x6A09, 0x6A09, 0x6A09, 0x6A09, 0x6A09, 0x7209, 0x7209, 0x7209,
  0x7209, 0x6A09, 0x6A09, 0x6A09, 0x6A09, 0x6A09, 0x6A09, 0x6A09,
  0x6A09, 0x6A09, 0x6A09, 0x6A09, 0x6A09, 0x9AEC, 0xC38E, 0xB36B,
  0xAB6A, 0xAB8A, 0xAB8A, 0xAB8A, 0xAB8A, 0xAB8A, 0xAB8A, 0xAB8A,
  0xAB8A, 0xAB6A, 0xAB6A, 0xB38C, 0x92AB, 0xAB6D, 0xB36B, 0xAB6A,
  0xAB8A, 0xAB8A, 0xAB6A, 0xAB8A, 0xAB8A, 0xAB8A, 0xAB8A, 0x82A9,
  0x69C8, 0x69E9, 0x7209, 0xAB4D, 0xB38B, 0xAB8A, 0xAB8A, 0xAB8A,
  0xAB8A, 0xAB8A, 0xAB8A, 0xAB8A, 0xAB8A, 0xAB8A, 0xAB8A, 0xAB8A,
  0xAB6A, 0xAB6A, 0x8ACA, 0x69E9, 0xB2EC, 0x92AB, 0x61C9, 0x6A0A,
  0x7A2A, 0xB3AE, 0xAB6B, 0xAB6A, 0xAB8A, 0xAB8A, 0xAB8A, 0xAB8A,
  0xAB8A, 0xAB8A, 0xAB8A, 0xAB8A, 0xAB8A, 0xAB8A, 0xAB8A, 0xAB8A,
  0xAB8A, 0xAB8A, 0xAB8A, 0xAB8A, 0xAB8A, 0xAB8A, 0xAB8A, 0xAB8A,
  0xAB8A, 0xAB8A, 0xAB6A, 0xAB6A, 0xAB6A, 0xAB8A, 0xAB6B, 0x92C9,
  0x9B2A, 0xA34B, 0x9BAD, 0xF676, 0xF633, 0xDC8D, 0xB30A, 0xB2EB,
  0x9ACB, 0x8A8A, 0x8AA9, 0xD552, 0xFE76, 0xF654, 0xE50F, 0xC36B,
  0xBB0B, 0xB2EB, 0xB2EB, 0xB2EB, 0x9AAC, 0x61A8, 0x6A09, 0x69E9,
  0x5968, 0x5946, 0x8269, 0xAB8C, 0xAB8A, 0xAB8A, 0xAB8A, 0xAB8A,
  0xAB8A, 0xAB6A, 0xAB6A, 0xAB8A, 0xAB6A, 0xC3EB, 0xC3EC, 0x59E9,
  0x7B4E, 0xEE77, 0xFE96, 0xFE76, 0xFE75, 0xFE75, 0xFE75, 0xFE75,
  0xFE76, 0xFE76, 0xFE76, 0xB470, 0xAC0E, 0xFE95, 0xFE95, 0xFE96,
  0xF676, 0xF656, 0xF676, 0xC553, 0x7CD5, 0x85BA, 0x8D57, 0xCDF6,
  0xEE56, 0x6209, 0x4968, 0x49CA, 0x52CE, 0x8578, 0x7DDA, 0x7DB9,
  0x7DD9, 0x7DDA, 0x7DDA, 0x7DBA, 0x7DBA, 0x6D17, 0x6475, 0x7454,
  0x69EA, 0xDB70, 0xEB8F, 0xEB6F, 0xE38F, 0x8A2A, 0x5145, 0xD50E,
  0xFE0D, 0xFE0D, 0xFE2D, 0xF5ED, 0xE52D, 0x82C9, 0x4107, 0x81C9,
  0xDB4F, 0xEB6F, 0xEB6F, 0xEB6F, 0xEB6F, 0xEB6F, 0xEB6F, 0xEB6F,
  0xF77B, 0xFF7B, 0xF77B, 0xFF7B, 0xFF7B, 0xFF7B, 0xFF9B, 0xFF9B,
  0xF79B, 0xFFBB, 0xF79C, 0xF79D, 0xBE18, 0xA639, 0x5D57, 0x5558,
  0x5558, 0x5578, 0x5558, 0x5D17, 0x320B, 0x3907, 0x4107, 0x59A9,
  0x6A09, 0x6A09, 0x6A09, 0x6A09, 0x6A09, 0x6A09, 0x6A09, 0x6A09,
  0x6A09, 0x6A09, 0x6A09, 0x6A09, 0x6A09, 0x7209, 0x7209, 0x7209,
  0x7209, 0x7209, 0x6A09, 0x6A09, 0x6A09, 0x6A09, 0x6A09, 0x6A09,
  0x6A09, 0x6A09, 0x6A09, 0x6A09, 0x6A09, 0x8A6A, 0xC38E, 0xB38C,
  0xAB6A, 0xAB8A, 0xAB8A, 0xAB8A, 0xAB8A, 0xAB8A, 0xAB8A, 0xAB8A,
  0xAB8A, 0xAB6A, 0xAB6A, 0xB38D, 0x8A6A, 0xAB4D, 0xB36B, 0xAB8A,
  0xAB8A, 0xAB8A, 0xAB8A, 0xAB8A, 0xAB8A, 0xAB8A, 0xAB8B, 0x69E7,
  0x69E9, 0x61C9, 0x722A, 0xA32C, 0xB38B, 0xAB8A, 0xAB8A, 0xAB8A,
  0xAB8A, 0xAB8A, 0xAB8A, 0xAB8A, 0xAB8A, 0xAB8A, 0xAB8A, 0xAB8A,
  0xAB6A, 0xAB6B, 0x69E7, 0x7A09, 0xB2EC, 0x928B, 0x61C8, 0x6A0A,
  0x7209, 0xAB6D, 0xAB6B, 0xAB6A, 0xAB8A, 0xAB8A, 0xAB8A, 0xAB8A,
  0xAB8A, 0xAB8A, 0xAB8A, 0xAB8A, 0xAB8A, 0xAB8A, 0xAB8A, 0xAB8A,
  0xAB8A, 0xAB8A, 0xAB8A, 0xAB8A, 0xAB8A, 0xAB8A, 0xAB8A, 0xAB8A,
  0xAB8A, 0xAB8A, 0xAB6A, 0xAB6A, 0xAB6A, 0xAB6A, 0xAB6B, 0x92C9,
  0xA34A, 0x9B2A, 0xA3CD, 0xF676, 0xFE54, 0xE4CD, 0xBB2B, 0xB2EB,
  0xA2EC, 0x8A8A, 0x930A, 0xBCAF, 0xFE76, 0xFE96, 0xFDF3, 0xDC2D,
  0xBB0B, 0xBB0B, 0xB30B, 0xB2EB, 0xB2EC, 0x71E9, 0x61EA, 0x4968,
  0x4926, 0x822A, 0xA32C, 0xAB4A, 0xAB8A, 0xAB8A, 0xAB8A, 0xAB8A,
  0xAB8A, 0xAB8A, 0xAB8A, 0xAB8A, 0xAB8A, 0xC3CA, 0xC3EC, 0x4926,
  0x7B2D, 0xEE36, 0xFE95, 0xFE76, 0xFE95, 0xFE75, 0xFE75, 0xFE75,
  0xFE75, 0xFE96, 0xFE96, 0xFE97, 0xF656, 0xFE95, 0xFE95, 0xFE96,
  0xDD92, 0xDDB3, 0xF696, 0xC553, 0x8D57, 0x8599, 0x9535, 0xF6D8,
  0xCD53, 0x4927, 0x4968, 0xB535, 0x4A09, 0x6BF2, 0x7DB9, 0x7DDA,
  0x7DB9, 0x7DD9, 0x7DDA, 0x7DBA, 0x7DB9, 0x85B9, 0x85B9, 0x7473,
  0x79E9, 0xEB8F, 0xEB6E, 0xEB8E, 0xE36F, 0xAACD, 0x4926, 0xB40C,
  0xFDEE, 0xFE0D, 0xF60D, 0xF60C, 0xFE0E, 0xAC0B, 0x4126, 0x6148,
  0xC32F, 0xEBB0, 0xEB6F, 0xEB6F, 0xEB6F, 0xEB6F, 0xEB6E, 0xEB6E,
  0xF79B, 0xF77B, 0xF77B, 0xF77B, 0xFF7B, 0xFF9B, 0xF79B, 0xFF9B,
  0xFFBB, 0xF79B, 0xF77C, 0xF75C, 0xC618, 0xB67A, 0x5D57, 0x5558,
  0x5558, 0x5558, 0x5558, 0x5D38, 0x3A6D, 0x3907, 0x4107, 0x5188,
  0x6A09, 0x6A09, 0x6A09, 0x6A09, 0x6A09, 0x6A09, 0x6A09, 0x6A09,
  0x6A09, 0x6A09, 0x6A09, 0x6A09, 0x6A09, 0x6A09, 0x6A09, 0x6A09,
  0x6A09, 0x6A09, 0x6A09, 0x6A09, 0x6A09, 0x6A09, 0x6A09, 0x6A09,
  0x6A09, 0x6A09, 0x6A09, 0x6A09, 0x6A09, 0x824A, 0xBB8E, 0xBBAC,
  0xAB6A, 0xAB8A, 0xAB8A, 0xAB8A, 0xAB8A, 0xAB8A, 0xAB8A, 0xAB8A,
  0xAB8A, 0xAB6A, 0xAB6A, 0xB3AD, 0x824A, 0xA32D, 0xAB6B, 0xAB8A,
  0xAB6A, 0xAB8A, 0xAB6A, 0xAB8A, 0xAB8A, 0xAB6A, 0xA36B, 0x69A6,
  0x7A2A, 0x61C9, 0x720A, 0xA30C, 0xB38C, 0xAB8A, 0xAB8A, 0xAB8A,
  0xAB8A, 0xAB8A, 0xAB8A, 0xAB8A, 0xAB8A, 0xAB8A, 0xAB8A, 0xAB8A,
  0xAB8A, 0xA34B, 0x5946, 0x9AAB, 0xB2EB, 0x92AB, 0x61C8, 0x6A0A,
  0x7209, 0xA34C, 0xB36B, 0xAB6A, 0xAB8A, 0xAB8A, 0xAB8A, 0xAB8A,
  0xAB8A, 0xAB8A, 0xAB8A, 0xAB8A, 0xAB8A, 0xAB8A, 0xAB8A, 0xAB8A,
  0xAB8A, 0xAB8A, 0xAB8A, 0xAB8A, 0xAB8A, 0xAB8A, 0xAB8A, 0xAB8A,
  0xAB8A, 0xAB8A, 0xAB8A, 0xAB6A, 0xAB6A, 0xAB6A, 0xAB6B, 0x8AA9,
  0xA36A, 0x930A, 0xB42F, 0xFE76, 0xFE75, 0xE50F, 0xC36B, 0xB2EB,
  0xA2EB, 0x8269, 0x932B, 0xC4D0, 0xFE76, 0xFE96, 0xFE75, 0xF572,
  0xC38C, 0xBB0C, 0xBB0B, 0xB2EB, 0xAAEC, 0x826B, 0x4107, 0x4127,
  0x5988, 0xA30D, 0xBBAD, 0xAB6A, 0xAB6A, 0xAB6A, 0xAB8A, 0xAB8A,
  0xAB8A, 0xAB8A, 0xAB8A, 0xAB6A, 0xAB6A, 0xBBAA, 0xC40C, 0x4926,
  0x7B2D, 0xEE56, 0xFE75, 0xFE75, 0xFE76, 0xFE76, 0xFE95, 0xFE95,
  0xFE95, 0xFE95, 0xFE75, 0xFE76, 0xFE96, 0xFE95, 0xFE96, 0xFE96,
  0xCD11, 0xD572, 0xF675, 0xBD53, 0x8537, 0x8599, 0x9CF4, 0xEE56,
  0x830B, 0x4127, 0x49C9, 0xD679, 0xC5D7, 0x5AAC, 0x7494, 0x7DB9,
  0x7DBA, 0x7DBA, 0x7DDA, 0x7DBA, 0x6CF7, 0x8599, 0x7D78, 0x532E,
  0x8B0D, 0xDC50, 0xDBCD, 0xE38E, 0xEB6F, 0xC2ED, 0x5147, 0x61E7,
  0xED8E, 0xF62D, 0xF60D, 0xF60C, 0xF60D, 0xD50D, 0x4945, 0x5147,
  0xA2AC, 0xD38F, 0xD34E, 0xD30D, 0xDB4E, 0xE36F, 0xE36F, 0xEB6E,
  0xF79B, 0xF79B, 0xFF9B, 0xFF7B, 0xFF7B, 0xFF7B, 0xF79B, 0xFF9B,
  0xFF9B, 0xFF9B, 0xFF9B, 0xF79C, 0xC637, 0xC6FB, 0x6557, 0x5558,
  0x5558, 0x5558, 0x5558, 0x5558, 0x42EF, 0x3928, 0x3907, 0x4968,
  0x6A09, 0x6A09, 0x6A09, 0x6A09, 0x6A09, 0x6A09, 0x6A09, 0x6A09,
  0x6A09, 0x6A09, 0x6A09, 0x6A09, 0x6A09, 0x6A09, 0x6A09, 0x6A09,
  0x6A09, 0x6A09, 0x6A09, 0x6A09, 0x6A09, 0x6A09, 0x6A09, 0x6A09,
  0x7209, 0x7209, 0x7209, 0x6A09, 0x6A09, 0x7A29, 0xB36D, 0xC3AD,
  0xAB8B, 0xAB8A, 0xAB8A, 0xAB8A, 0xAB8A, 0xAB8A, 0xAB8A, 0xAB8A,
  0xAB8A, 0xAB6A, 0xAB6B, 0xBBCE, 0x7A29, 0xA30D, 0xB38C, 0xAB8B,
  0xAB6A, 0xAB8A, 0xAB6A, 0xAB8A, 0xAB8A, 0xAB6A, 0x92EA, 0x8228,
  0x824A, 0x61C9, 0x7209, 0x9B0B, 0xB3AC, 0xAB6A, 0xAB8A, 0xAB8A,
  0xAB8A, 0xAB8A, 0xAB8A, 0xAB8A, 0xAB8A, 0xAB8A, 0xAB8A, 0xAB8A,
  0xAB8A, 0x92CA, 0x6187, 0xAAEC, 0xB2EB, 0x9AAB, 0x61A8, 0x6A0A,
  0x7209, 0x9B0C, 0xB36B, 0xAB6A, 0xAB8A, 0xAB8A, 0xAB8A, 0xAB8A,
  0xAB8A, 0xAB8A, 0xAB8A, 0xAB8A, 0xAB8A, 0xAB8A, 0xAB8A, 0xAB8A,
  0xAB8A, 0xAB8A, 0xAB8A, 0xAB8A, 0xAB8A, 0xAB8A, 0xAB8A, 0xAB8A,
  0xAB8A, 0xAB8A, 0xAB8A, 0xAB6A, 0xAB6A, 0xAB6A, 0xAB6B, 0x92C9,
  0xAB6B, 0x92EA, 0xBC90, 0xFE96, 0xFE75, 0xF5B1, 0xCBCB, 0xB2EB,
  0xAB0C, 0x8A89, 0x9B6C, 0xDD52, 0xFE75, 0xFE96, 0xFE75, 0xFE55,
  0xD48E, 0xBB2B, 0xBB0C, 0xAAEC, 0x8A6A, 0x5988, 0x4106, 0x5168,
  0x69EA, 0x8A6B, 0xBB8D, 0xB38B, 0xAB6A, 0xAB6A, 0xAB6A, 0xAB8A,
  0xAB8A, 0xAB8A, 0xAB6A, 0xAB6A, 0xAB6A, 0xBBAA, 0xD44D, 0x5166,
  0x628C, 0xDE17, 0xF676, 0xFE75, 0xEE14, 0xDD52, 0xEDD4, 0xF655,
  0xFE76, 0xFE75, 0xFE95, 0xFE95, 0xFE95, 0xFE95, 0xFE96, 0xFE95,
  0xE5D3, 0xE5F3, 0xF675, 0xBD74, 0x8557, 0x8558, 0xB597, 0xAC4F,
  0x59C7, 0x4127, 0x6ACD, 0xEF1A, 0xDEF9, 0x738D, 0x31E8, 0x6453,
  0x7D79, 0x7DBA, 0x7DDA, 0x7DD9, 0x7D58, 0x74F7, 0x7D17, 0x3A0A,
  0xCE18, 0xE697, 0xDD72, 0xCC2E, 0xDBCE, 0xDB6E, 0x71A8, 0x4946,
  0xD4EE, 0xFE0D, 0xFE0D, 0xF60D, 0xFE0D, 0xF60E, 0x82A8, 0x4947,
  0x71EA, 0x7A09, 0x79E9, 0x7188, 0x79E9, 0x8A2B, 0x924B, 0xB2CD,
  0xFF9B, 0xFF9B, 0xFF9B, 0xFF9B, 0xFF9B, 0xFF9B, 0xFF9B, 0xFF9C,
  0xFF9C, 0xFF9B, 0xFF9B, 0xF79C, 0xC617, 0xDF3C, 0x7D77, 0x5D58,
  0x5558, 0x5558, 0x5558, 0x5559, 0x4BB2, 0x3948, 0x3907, 0x4947,
  0x6A09, 0x6A09, 0x6A09, 0x6A09, 0x6A09, 0x6A09, 0x6A09, 0x6A09,
  0x6A09, 0x6A09, 0x6A09, 0x6A09, 0x6A09, 0x6A09, 0x6A09, 0x6A09,
  0x6A09, 0x6A09, 0x6A09, 0x6A09, 0x6A09, 0x6A09, 0x6A09, 0x6A09,
  0x7209, 0x7209, 0x7209, 0x7209, 0x6A09, 0x7A29, 0xB32D, 0xC3AD,
  0xAB8B, 0xAB8A, 0xAB8A, 0xAB8A, 0xAB8A, 0xAB8A, 0xAB8A, 0xAB8A,
  0xAB8A, 0xAB6A, 0xB38B, 0xB3AE, 0x7209, 0x9AEC, 0xAB4B, 0x9B2A,
  0xAB6B, 0xAB8A, 0xAB8A, 0xAB8A, 0xAB8A, 0xAB6A, 0x8268, 0x92AA,
  0x822A, 0x61C9, 0x7209, 0x9AEB, 0xBBAC, 0xAB6A, 0xAB8A, 0xAB8A,
  0xAB8A, 0xAB8A, 0xAB8A, 0xAB8A, 0xAB8A, 0xAB8A, 0xAB8A, 0xAB8A,
  0xAB6A, 0x8248, 0x8A8B, 0xB2EC, 0xB2EB, 0x9AAB, 0x6188, 0x6A0A,
  0x6A09, 0x9AEB, 0xB38C, 0xAB6A, 0xAB8A, 0xAB8A, 0xAB8A, 0xAB8A,
  0xAB8A, 0xAB8A, 0xAB8A, 0xAB8A, 0xAB8A, 0xAB8A, 0xAB8A, 0xAB8A,
  0xAB8A, 0xAB8A, 0xAB8A, 0xAB8A, 0xAB8A, 0xAB8A, 0xAB8A, 0xAB8A,
  0xAB8A, 0xAB8A, 0xAB8A, 0xAB6A, 0xAB6A, 0xAB6A, 0x9B09, 0x9B0A,
  0xA36A, 0x92EA, 0xCD32, 0xFE75, 0xFE75, 0xFE33, 0xD3EC, 0xB2EB,
  0xB30B, 0xA32C, 0x9B6C, 0xC48F, 0xFE75, 0xFE75, 0xFE95, 0xFE75,
  0xEDB2, 0xBB6B, 0xB30C, 0x8A4A, 0x5147, 0x5126, 0x7229, 0x6188,
  0x69E9, 0x7A2A, 0xAB4D, 0xBB8D, 0xAB8A, 0xAB6A, 0xAB6A, 0xAB8A,
  0xAB8A, 0xAB8A, 0xAB6A, 0xAB6A, 0xAB6A, 0xBBAA, 0xD46D, 0x5146,
  0x628D, 0x9452, 0xDDD6, 0xF676, 0xBC0D, 0xCC2E, 0xD44F, 0xC40E,
  0xD4F1, 0xFE55, 0xFE95, 0xFE75, 0xFE95, 0xFE95, 0xFE95, 0xFE95,
  0xFE96, 0xF675, 0xF676, 0xAD33, 0x8578, 0x7CF6, 0x6AEB, 0x7AA8,
  0x6A49, 0x3907, 0x838E, 0xCE97, 0x6BEA, 0x4326, 0x3285, 0x3208,
  0x5BB0, 0x8578, 0x85B9, 0x7DDA, 0x7D78, 0x6413, 0x7C95, 0x420A,
  0xD69A, 0xF7BC, 0xEF79, 0xC5B2, 0xB44E, 0xCC2E, 0x8229, 0x4906,
  0xB3EC, 0xFE0E, 0xFE0D, 0xFE0D, 0xFE2D, 0xFE2E, 0xC48C, 0x5145,
  0x5165, 0x5985, 0x61E6, 0x7AA9, 0x59A5, 0x5144, 0x69E8, 0x69A8,
  0xFF9B, 0xFF9B, 0xFF9B, 0xFF9B, 0xFF9B, 0xFF9B, 0xFF9B, 0xFF9C,
  0xFFBC, 0xFFBB, 0xFF9B, 0xF79C, 0xC638, 0xE73C, 0xA65A, 0x5D58,
  0x5558, 0x5558, 0x5D59, 0x5559, 0x4C13, 0x3128, 0x3907, 0x4927,
  0x61E9, 0x6A09, 0x6A09, 0x6A09, 0x6A09, 0x6A09, 0x6A09, 0x6A09,
  0x6A09, 0x6A09, 0x6A09, 0x6A09, 0x6A09, 0x6A09, 0x6A09, 0x6A09,
  0x6A09, 0x6A09, 0x6A09, 0x6A09, 0x6A09, 0x6A09, 0x6A09, 0x6A09,
  0x7209, 0x7209, 0x7209, 0x720A, 0x6A09, 0x7209, 0xAB0C, 0xC3AD,
  0xB38B, 0xAB8A, 0xAB8A, 0xAB8A, 0xAB8A, 0xAB8A, 0xAB8A, 0xAB8A,
  0xAB8A, 0xAB6A, 0xB38B, 0xA30C, 0x71E9, 0x92CB, 0xAB6C, 0x7A27,
  0xA34B, 0xAB6A, 0xAB8A, 0xAB8A, 0xAB8A, 0xAB6B, 0x7227, 0xA30C,
  0x7A09, 0x61C9, 0x7209, 0x92AA, 0xBBAD, 0xAB6A, 0xAB8A, 0xAB8A,
  0xAB8A, 0xAB8A, 0xAB8A, 0xAB8A, 0xAB8A, 0xAB8A, 0xAB8A, 0xAB8A,
  0xAB6A, 0x71E8, 0xA32D, 0xB2EB, 0xB2EB, 0xA2CB, 0x6187, 0x6A0A,
  0x6A09, 0x8A8A, 0xB38C, 0xAB6A, 0xAB8A, 0xAB8A, 0xAB8A, 0xAB8A,
  0xAB8A, 0xAB8A, 0xAB8A, 0xAB8A, 0xAB8A, 0xAB8A, 0xAB8A, 0xAB8A,
  0xAB8A, 0xAB8A, 0xAB8A, 0xAB8A, 0xAB8A, 0xAB8A, 0xAB8A, 0xAB8A,
  0xAB8A, 0xAB8A, 0xAB8A, 0xAB6A, 0xAB6A, 0xAB6A, 0x92A8, 0xA36B,
  0xAB6A, 0x8AA9, 0xDD94, 0xFE75, 0xFE75, 0xFE54, 0xDC4D, 0xB32C,
  0xB32C, 0x92CA, 0x9B4C, 0xA3CD, 0xF675, 0xFE95, 0xFE95, 0xFE75,
  0xFE55, 0xD4B0, 0x824A, 0x4907, 0x5127, 0x928B, 0xAB0C, 0x71E8,
  0x6A2A, 0x6A09, 0x92CC, 0xC3AE, 0xAB8B, 0xAB6A, 0xAB6A, 0xAB8A,
  0xAB8A, 0xAB8A, 0xAB6A, 0xAB6A, 0xAB6A, 0xBBAA, 0xDC8D, 0x5967,
  0x4A0C, 0x7BF2, 0x6A6A, 0xDDF4, 0xAB6A, 0xD3EC, 0xD3CC, 0xD3CC,
  0xC40C, 0xD4F0, 0xFE96, 0xFE75, 0xFE75, 0xFE95, 0xFE95, 0xFE95,
  0xFE75, 0xFE96, 0xF696, 0xA554, 0x8D98, 0x6BF1, 0x9BEC, 0xDD70,
  0x7289, 0x3927, 0x83CE, 0x5348, 0x3B04, 0x3322, 0x3323, 0x3265,
  0x41E8, 0x4ACD, 0x7CF6, 0x7D99, 0x85B9, 0x428D, 0x4A4B, 0xA4F4,
  0xF79E, 0xEF9D, 0xF7BC, 0xEF7A, 0xBDF2, 0xAD2F, 0x938C, 0x4106,
  0x92C9, 0xF5CE, 0xFE2D, 0xFE0D, 0xFE2D, 0xFE2D, 0xEDCE, 0xABEA,
  0xC4CD, 0xE58F, 0xEDAF, 0xE5AF, 0xE5AF, 0xE58E, 0xC4CE, 0x69E6,
  0xFF9B, 0xFF9B, 0xFF9B, 0xFF9B, 0xFF9B, 0xFFBC, 0xFFBC, 0xFFBC,
  0xFFBC, 0xFFBC, 0xF7BC, 0xF79C, 0xC638, 0xE75B, 0xCF7D, 0x5D58,
  0x5579, 0x5558, 0x5559, 0x5558, 0x5496, 0x3169, 0x3907, 0x4107,
  0x61E9, 0x6A09, 0x7209, 0x7209, 0x6A09, 0x6A09, 0x6A09, 0x6A09,
  0x6A09, 0x6A09, 0x6A09, 0x6A09, 0x6A09, 0x6A09, 0x6A09, 0x6A09,
  0x6A09, 0x6A09, 0x6A09, 0x6A09, 0x6A09, 0x6A09, 0x6A09, 0x6A09,
  0x6A09, 0x6A09, 0x7229, 0x7209, 0x7209, 0x7209, 0x9ACC, 0xC3AE,
  0xB38C, 0xAB6A, 0xAB8A, 0xAB8A, 0xAB6A, 0xAB6A, 0xAB6A, 0xAB6A,
  0xAB6A, 0xAB6A, 0xB3AC, 0x824A, 0x71E9, 0x92AB, 0xB3AD, 0x8AA9,
  0x7207, 0xA36B, 0xAB6A, 0xAB6B, 0xAB8B, 0xA36B, 0x7A28, 0xAB0C,
  0x8229, 0x61C8, 0x6A09, 0x92AB, 0xBBAD, 0xB38B, 0xAB8A, 0xAB6A,
  0xAB8A, 0xAB8A, 0xAB6A, 0xAB8A, 0xAB8A, 0xAB6A, 0xAB6A, 0xAB6A,
  0x9B2A, 0x71E8, 0xAAEC, 0xB2EB, 0xB2EB, 0xAACB, 0x6188, 0x620A,
  0x6A09, 0x826A, 0xBBAD, 0xAB6A, 0xAB8A, 0xAB8A, 0xAB8A, 0xAB8A,
  0xAB8A, 0xAB8A, 0xAB8A, 0xAB8A, 0xAB8A, 0xAB8A, 0xAB8A, 0xAB8A,
  0xAB8A, 0xAB8A, 0xAB8A, 0xAB8A, 0xAB8A, 0xAB8A, 0xAB8A, 0xAB8A,
  0xAB8A, 0xAB8A, 0xAB8A, 0xAB8A, 0xAB8A, 0xA34A, 0xA329, 0xAB8B,
  0xA38B, 0x7A89, 0xE5F5, 0xFE75, 0xFE76, 0xFE75, 0xDCAE, 0xBB0B,
  0xBB6D, 0xA34D, 0x930B, 0xABCE, 0xF676, 0xFE95, 0xFE95, 0xFE96,
  0xF636, 0x934D, 0x5147, 0x6167, 0x9ACC, 0xB2EC, 0xB2EB, 0x8A6A,
  0x59A7, 0x6A09, 0x7209, 0xBBAF, 0xB36C, 0xAB6B, 0xAB6A, 0xAB8A,
  0xAB6A, 0xAB6A, 0xAB8A, 0xAB6A, 0xAB6A, 0xBBAA, 0xDCAD, 0x6187,
  0x4989, 0x6A6C, 0x7229, 0x69E6, 0xB42F, 0xC3CD, 0xD3CC, 0xDBEC,
  0xD3EC, 0xC42D, 0xF614, 0xFE75, 0xFE75, 0xF675, 0xFE96, 0xF676,
  0xF676, 0xEE57, 0xDE38, 0x7C93, 0x8D77, 0x6ACC, 0xD54D, 0xE5D0,
  0x4986, 0x3146, 0x636B, 0x4346, 0x3303, 0x2B22, 0x2B22, 0x3B24,
  0xC676, 0x738E, 0x39C9, 0x6391, 0x8D57, 0x4A8C, 0xCE59, 0xEF9D,
  0xF7DD, 0xF7BD, 0xEF9D, 0xEF9C, 0xC6B6, 0x4325, 0x6BE8, 0x5AA7,
  0x7AC8, 0xF5EE, 0xFE2D, 0xFE2D, 0xFE0D, 0xFE2D, 0xFE2D, 0xFE2E,
  0xFE0E, 0xFE0E, 0xFE0D, 0xFE2D, 0xFE2D, 0xFE0E, 0xF60E, 0xEDF0,
  0xF79B, 0xF79B, 0xF79B, 0xFF9B, 0xFF9B, 0xFFBB, 0xFFBB, 0xFFBB,
  0xFFBC, 0xFFBC, 0xF7BC, 0xF79C, 0xBE17, 0xD6DA, 0xD73C, 0x6557,
  0x5559, 0x5558, 0x5559, 0x5558, 0x54F7, 0x31AA, 0x3928, 0x4107,
  0x59A9, 0x6A09, 0x6A09, 0x7209, 0x6A09, 0x6A09, 0x6A09, 0x6A09,
  0x6A09, 0x6A09, 0x6A09, 0x6A09, 0x6A09, 0x6A09, 0x6A09, 0x6A09,
  0x6A09, 0x6A09, 0x6A09, 0x6A09, 0x6A09, 0x6A09, 0x6A09, 0x6A09,
  0x6A09, 0x6A09, 0x7229, 0x7209, 0x7209, 0x7209, 0x928B, 0xBB8E,
  0xBB8C, 0xAB6A, 0xAB6A, 0xAB8A, 0xAB6A, 0xAB6A, 0xAB6A, 0xAB8A,
  0xAB8A, 0xAB6A, 0xAB6C, 0x71E9, 0x71E9, 0x92AB, 0xB3AD, 0xA34A,
  0x71E7, 0x7208, 0xA34C, 0xAB6B, 0xAB6A, 0x9B4B, 0x8A69, 0xAAEC,
  0x824A, 0x61C9, 0x6A09, 0x92AB, 0xBBAD, 0xB38B, 0xAB8A, 0xAB6A,
  0xAB8A, 0xAB8A, 0xAB6A, 0xAB8A, 0xAB8A, 0xAB8A, 0xAB6A, 0xAB8B,
  0x82A9, 0x8229, 0xB2EC, 0xB2EB, 0xB2EB, 0xAAEB, 0x61A8, 0x61E9,
  0x6A09, 0x7A29, 0xB38C, 0xAB6A, 0xAB8A, 0xAB8A, 0xAB8A, 0xAB8A,
  0xAB8A, 0xAB8A, 0xAB8A, 0xAB8A, 0xAB8A, 0xAB8A, 0xAB8A, 0xAB8A,
  0xAB8A, 0xAB8A, 0xAB8A, 0xAB8A, 0xAB8A, 0xAB8A, 0xAB8A, 0xAB8A,
  0xAB8A, 0xAB8A, 0xAB8A, 0xAB8A, 0xAB8A, 0xAB8A, 0xAB8A, 0xAB6A,
  0xA36B, 0x7A89, 0xF656, 0xFE75, 0xFE76, 0xFE95, 0xDCEF, 0xBB2B,
  0xB32C, 0x9B2C, 0x8ACB, 0xA3CE, 0xF676, 0xFE95, 0xF676, 0xD554,
  0x82CB, 0x5126, 0x828A, 0xA30C, 0xB32C, 0xB30C, 0xB30C, 0xAAEC,
  0x6186, 0x61E9, 0x7209, 0x9AEC, 0xBBAD, 0xB36B, 0xAB6A, 0xAB8A,
  0xAB6A, 0xAB6A, 0xAB8A, 0xAB8A, 0xAB6A, 0xBBAA, 0xDC6D, 0x7229,
  0x59A9, 0x5147, 0xA32D, 0x9B0B, 0x69E6, 0x7207, 0x8248, 0xA30B,
  0xBBAE, 0xC44F, 0xEE15, 0xFEB7, 0xFE76, 0xFE76, 0xF676, 0xE5D4,
  0xCD94, 0x9CB2, 0x8C73, 0x6C53, 0x6BF1, 0x832A, 0xF5EF, 0xC4CD,
  0x3945, 0x52AA, 0x8CF0, 0x32E4, 0x3323, 0x2B22, 0x2B22, 0x4BC6,
  0xBE96, 0xD6FA, 0xBE18, 0x6B4E, 0x630D, 0x630C, 0xDF1B, 0xF7BD,
  0xF7BD, 0xEF7C, 0xE77C, 0xE77C, 0xE7BB, 0x642A, 0x3B23, 0x5B68,
  0x8389, 0xF5EE, 0xFE2D, 0xFE2D, 0xFE2D, 0xFE2D, 0xFE2D, 0xFE2D,
  0xFE2D, 0xFE2D, 0xFE2D, 0xFE2D, 0xFE2D, 0xFE0D, 0xFE0D, 0xF60D,
  0xFF9B, 0xFF9B, 0xFF9B, 0xFF9B, 0xFF9B, 0xFF9B, 0xFFBB, 0xFFBB,
  0xFFBC, 0xFFBC, 0xF7BC, 0xEF7C, 0xBDD7, 0xCE58, 0xCEBA, 0x7D98,
  0x5558, 0x4D58, 0x5558, 0x5538, 0x5D38, 0x3A4D, 0x3928, 0x4107,
  0x5168, 0x6A09, 0x6A09, 0x7209, 0x6A09, 0x6A09, 0x6A09, 0x6A09,
  0x6A09, 0x6A09, 0x6A09, 0x6A09, 0x6A09, 0x6A09, 0x6A09, 0x6A09,
  0x6A09, 0x6A09, 0x6A09, 0x6A09, 0x6A09, 0x6A09, 0x6A09, 0x6A09,
  0x6A09, 0x6A09, 0x7229, 0x6A09, 0x6A09, 0x7209, 0x7A29, 0xBB8E,
  0xBBAD, 0xB36B, 0xAB6A, 0xAB8A, 0xAB6A, 0xAB6A, 0xAB6A, 0xAB8A,
  0xAB8A, 0xAB4A, 0x92AA, 0x71E9, 0x71E9, 0x92AB, 0xB3AC, 0xA36A,
  0x930A, 0x61A7, 0x7229, 0x9B2B, 0xAB6A, 0x92EA, 0x928A, 0xB2EB,
  0x8229, 0x61C9, 0x6A09, 0x92AB, 0xBBAD, 0xB38B, 0xAB8A, 0xAB6A,
  0xAB8A, 0xAB8A, 0xAB6A, 0xAB8A, 0xAB8A, 0xAB8A, 0xAB8A, 0xA34B,
  0x7209, 0x9A8B, 0xBB0C, 0xB2EB, 0xB2EB, 0xAAEC, 0x69A8, 0x61C9,
  0x6A09, 0x7229, 0xAB6C, 0xAB6A, 0xAB8A, 0xAB8A, 0xAB8A, 0xAB8A,
  0xAB8A, 0xAB8A, 0xAB8A, 0xAB8A, 0xAB8A, 0xAB8A, 0xAB8A, 0xAB8A,
  0xAB8A, 0xAB8A, 0xAB8A, 0xAB8A, 0xAB8A, 0xAB8A, 0xAB8A, 0xAB8A,
  0xAB8A, 0xAB8A, 0xAB8A, 0xAB8A, 0xAB8A, 0xAB6A, 0xAB6A, 0xAB8A,
  0x92EA, 0x932C, 0xFE96, 0xFE76, 0xFE96, 0xFE75, 0xE530, 0xBB2B,
  0xB34C, 0xAB8D, 0x828A, 0xABEE, 0xF676, 0xEE55, 0xBC91, 0x724A,
  0x61A9, 0x9B8E, 0xE573, 0xCBED, 0xBB0A, 0xBB0B, 0xB2EB, 0xB30C,
  0x8A6A, 0x5987, 0x6A09, 0x7A49, 0xB38E, 0xB36C, 0xAB6A, 0xAB6A,
  0xAB6A, 0xAB8A, 0xAB8A, 0xAB8A, 0xAB6A, 0xBBAA, 0xD44C, 0x71C7,
  0x61A8, 0x6A09, 0xB38E, 0xAB8C, 0xA36B, 0x9309, 0x8AC9, 0x61C7,
  0x720A, 0xA3CF, 0xD594, 0xCD32, 0xDD93, 0xEE15, 0xDDF5, 0xDDD5,
  0xAC0F, 0x8C10, 0x52CD, 0x6370, 0x62AA, 0xD52E, 0xF630, 0x9BCC,
  0x41C7, 0xBE37, 0x6C0C, 0x3304, 0x2B22, 0x2B42, 0x2B22, 0x4BA5,
  0xAE13, 0xC696, 0xC6B8, 0xCEB9, 0xBDF6, 0xC617, 0xEF9D, 0xF7BD,
  0xEF9C, 0xE73B, 0xDF3B, 0xE73B, 0xDF3B, 0x9590, 0x3303, 0x3B24,
  0x6BA7, 0xE60F, 0xFE2D, 0xFE2D, 0xFE2D, 0xFE2D, 0xFE0D, 0xFE2D,
  0xFE2D, 0xFE2D, 0xFE2D, 0xFE2D, 0xFE2D, 0xFE0D, 0xFE0D, 0xFE2D,
  0xFF7B, 0xFF7B, 0xFF7B, 0xFF9B, 0xFF9B, 0xFF9B, 0xFF9B, 0xFF9B,
  0xFFBC, 0xFFBC, 0xF7BB, 0xF77C, 0xC617, 0xE6FB, 0xE73C, 0xA67A,
  0x5558, 0x5558, 0x5559, 0x5558, 0x5D58, 0x4310, 0x3128, 0x4107,
  0x4927, 0x69E9, 0x6A09, 0x6A09, 0x6A09, 0x6A09, 0x6A09, 0x6A09,
  0x6A09, 0x6A09, 0x6A09, 0x6A09, 0x6A09, 0x6A09, 0x6A09, 0x6A09,
  0x6A09, 0x6A09, 0x6A09, 0x6A09, 0x6A09, 0x6A09, 0x6A09, 0x6A09,
  0x6A09, 0x6A09, 0x6A09, 0x7209, 0x6A09, 0x6A09, 0x71E9, 0xAB4D,
  0xBBAD, 0xB38B, 0xAB6A, 0xAB8A, 0xAB6A, 0xAB8A, 0xAB6A, 0xA349,
  0xA36A, 0xA34B, 0x7A09, 0x7209, 0x7209, 0x928A, 0xBBAD, 0xAB6A,
  0xA36B, 0x8AC9, 0x5925, 0x69E8, 0xA34C, 0x8249, 0x9AAA, 0xB2EC,
  0x7A09, 0x61E9, 0x6A09, 0x8A8A, 0xBBAD, 0xB38B, 0xAB6A, 0xAB6A,
  0xAB8A, 0xAB8A, 0xAB8A, 0xAB8A, 0xAB8A, 0xAB6A, 0xAB8A, 0x930B,
  0x6987, 0xAACC, 0xB2EB, 0xB2EB, 0xB2EB, 0xAAEB, 0x71C8, 0x59A8,
  0x6A09, 0x7209, 0xA32C, 0xAB8B, 0xAB8A, 0xAB8A, 0xAB8A, 0xAB8A,
  0xAB8A, 0xAB8A, 0xAB8A, 0xAB8A, 0xAB8A, 0xAB8A, 0xAB8A, 0xAB8A,
  0xAB8A, 0xAB8A, 0xAB8A, 0xAB8A, 0xAB8A, 0xAB8A, 0xAB8A, 0xAB8A,
  0xAB8A, 0xAB8A, 0xAB8A, 0xAB8A, 0xAB8A, 0xAB6A, 0xAB6A, 0xAB8B,
  0x7A27, 0xBC91, 0xFE96, 0xFE76, 0xFE95, 0xFE75, 0xE550, 0xBB2B,
  0xB36D, 0xBC0F, 0x7249, 0xABEE, 0xEE16, 0x9B8D, 0x69C8, 0x7A6A,
  0xC4D3, 0xF637, 0xFE75, 0xE4F0, 0xBB0A, 0xBB0B, 0xB30B, 0xBB0B,
  0xAB0C, 0x6187, 0x69E9, 0x7209, 0xA32D, 0xBB8D, 0xAB6B, 0xAB6A,
  0xAB8A, 0xAB8A, 0xAB8A, 0xAB8A, 0xAB6A, 0xB3AA, 0xDC6D, 0x8249,
  0x61C8, 0x69E8, 0xB38D, 0xB38B, 0xAB8A, 0xAB8A, 0xABAD, 0x5147,
  0x5107, 0xA38F, 0xC574, 0xBCF1, 0xE5D5, 0xEE36, 0xD5D5, 0xDD74,
  0xC471, 0xD617, 0x9C72, 0x5209, 0xAC6D, 0xF5EE, 0xEE31, 0x6288,
  0x630B, 0xEFBC, 0x4B07, 0x2AE3, 0x2B42, 0x2B42, 0x2B42, 0x3323,
  0x8D4F, 0xAE13, 0xB634, 0xBE76, 0xE73B, 0xF7BD, 0xE73B, 0xF7BD,
  0xE75B, 0xD6F9, 0xD6FA, 0xDEFA, 0xDF1A, 0x9DB1, 0x3322, 0x3342,
  0x4323, 0xAD0B, 0xF64E, 0xFE2D, 0xFE2D, 0xFE0D, 0xFE0D, 0xFE0D,
  0xFE0D, 0xFE0D, 0xFE0D, 0xFE2D, 0xFE2D, 0xFE0D, 0xFE2D, 0xFE2D,
  0xFF7B, 0xFF7B, 0xFF7B, 0xFF7B, 0xFF7B, 0xFF9B, 0xFF9B, 0xFF9B,
  0xFFBB, 0xFFBC, 0xF7BB, 0xF79C, 0xC617, 0xEF3B, 0xF77C, 0xBEBA,
  0x6557, 0x5558, 0x5579, 0x5558, 0x5D58, 0x5434, 0x3128, 0x3907,
  0x4107, 0x61C9, 0x6A09, 0x6A09, 0x6A09, 0x6A09, 0x6A09, 0x6A09,
  0x6A09, 0x6A09, 0x6A09, 0x6A09, 0x6A09, 0x7209, 0x7209, 0x6A09,
  0x6A09, 0x6A09, 0x6A09, 0x6A09, 0x6A09, 0x6A09, 0x6A09, 0x6A09,
  0x6A09, 0x6A09, 0x6A09, 0x7209, 0x6A09, 0x6A09, 0x69E9, 0x92AB,
  0xBBAE, 0xBBAC, 0xAB6A, 0xAB6A, 0xAB8A, 0xAB8A, 0xAB8B, 0x9B09,
  0xA36A, 0x9B0B, 0x71E9, 0x69E9, 0x7209, 0x8A8A, 0xBBAD, 0xAB6B,
  0xAB6A, 0xAB6B, 0x92CA, 0x5987, 0x69A8, 0x71C8, 0xA2CB, 0xB30C,
  0x7A08, 0x69E9, 0x6A0A, 0x8A6A, 0xBBAD, 0xB38B, 0xAB6A, 0xAB8A,
  0xAB8A, 0xAB8A, 0xAB8A, 0xAB8A, 0xAB8A, 0xAB8B, 0xA36B, 0x7A28,
  0x8A28, 0xB30B, 0xB30B, 0xBAEB, 0xB30C, 0xAB0C, 0x7A09, 0x5188,
  0x6A0A, 0x6A09, 0x9AEB, 0xAB8B, 0xAB8A, 0xAB8A, 0xAB8A, 0xAB8A,
  0xAB8A, 0xAB8A, 0xAB8A, 0xAB8A, 0xAB8A, 0xAB8A, 0xAB8A, 0xAB8A,
  0xAB8A, 0xAB8A, 0xAB8A, 0xAB8A, 0xAB8A, 0xAB8A, 0xAB8A, 0xAB8A,
  0xAB8A, 0xAB8A, 0xAB8A, 0xAB8A, 0xAB8A, 0xAB8A, 0xAB8A, 0xA36B,
  0x69C6, 0xDD94, 0xFE95, 0xFE75, 0xFE95, 0xFE95, 0xED71, 0xBB2B,
  0xB36D, 0xBC2F, 0x7229, 0x8ACC, 0x8ACC, 0x69E8, 0x930C, 0xE5D4,
  0xF676, 0xFE95, 0xFE95, 0xF5D3, 0xC3AC, 0xB30A, 0xBB0B, 0xBB0B,
  0xB30B, 0x8A6A, 0x69C8, 0x6A0A, 0x92AB, 0xBB8D, 0xB36C, 0xAB6B,
  0xAB8A, 0xAB8A, 0xAB8A, 0xAB8A, 0xAB6A, 0xB3AA, 0xDC8D, 0x7A28,
  0x61C8, 0x69E9, 0xB36D, 0xB38B, 0xAB8A, 0xA3AB, 0x61C7, 0x4927,
  0x8AEE, 0xCCD3, 0xD616, 0xB512, 0xF677, 0xC532, 0xEE16, 0xC430,
  0xF698, 0xD616, 0x7B2A, 0x7268, 0xBC8E, 0xFE70, 0xD5B1, 0x3184,
  0x8CB1, 0xEFDD, 0x4B28, 0x32E4, 0x3323, 0x2B42, 0x2B22, 0x3323,
  0x53C7, 0x956F, 0x9D91, 0xB615, 0xEF9C, 0xEF7C, 0xD6B8, 0xF7BD,
  0xDF1A, 0xC697, 0xC677, 0xC6B7, 0xC6D7, 0x74CC, 0x2B42, 0x2B42,
  0x3B02, 0x4AA2, 0xDDEE, 0xFE2E, 0xFE0D, 0xFE0D, 0xFE0D, 0xF5ED,
  0xEDAC, 0xFE2E, 0xFE2D, 0xFE2D, 0xFE2D, 0xFE0D, 0xFE0D, 0xFE0E,
  0xFF7B, 0xFF7B, 0xFF7B, 0xFF7B, 0xFF7B, 0xFF7B, 0xF79B, 0xF79B,
  0xFF9B, 0xFFBC, 0xF7BB, 0xEF9C, 0xC637, 0xEF3B, 0xF77B, 0xDF5B,
  0x7598, 0x5558, 0x5558, 0x5558, 0x5558, 0x6518, 0x29AA, 0x3907,
  0x4107, 0x59A9, 0x6A09, 0x6A09, 0x6A09, 0x6A09, 0x6A09, 0x6A09,
  0x6A09, 0x6A09, 0x6A09, 0x6A09, 0x6A09, 0x7209, 0x7209, 0x6A09,
  0x6A09, 0x6A09, 0x6A09, 0x6A09, 0x6A09, 0x6A09, 0x6A09, 0x6A09,
  0x6A09, 0x6A09, 0x6A09, 0x7209, 0x6A09, 0x6A09, 0x6A09, 0x7A29,
  0xBB8E, 0xC3AD, 0xB36B, 0xAB6A, 0xAB8A, 0xAB8A, 0xA36B, 0x9B09,
  0xAB8B, 0x8AAA, 0x7209, 0x6A0A, 0x7209, 0x8A8A, 0xBBAD, 0xB36A,
  0xAB6A, 0xAB6A, 0xAB6B, 0x8ACA, 0x5947, 0x5948, 0x92CC, 0xA2EB,
  0x7208, 0x61C9, 0x71E9, 0x826A, 0xBBAD, 0xB38B, 0xAB6A, 0xAB8A,
  0xAB8A, 0xAB8A, 0xAB8A, 0xAB8A, 0xAB6A, 0xAB6A, 0xA34B, 0x7207,
  0xD46E, 0xBB6A, 0xB2EB, 0xB2EB, 0xB2EB, 0xB30C, 0x8A4A, 0x5167,
  0x6A0A, 0x6A09, 0x8AAA, 0xAB6B, 0xAB8A, 0xAB8A, 0xAB8A, 0xAB8A,
  0xAB8A, 0xAB8A, 0xAB8A, 0xAB8A, 0xAB8A, 0xAB8A, 0xAB8A, 0xAB8A,
  0xAB8A, 0xAB8A, 0xAB8A, 0xAB8A, 0xAB8A, 0xAB8A, 0xAB8A, 0xAB8A,
  0xAB8A, 0xAB8A, 0xAB8A, 0xAB8A, 0xAB8A, 0xAB8A, 0xAB8A, 0x9B2A,
  0x69E7, 0xF656, 0xFE76, 0xFE75, 0xFE95, 0xFE96, 0xED93, 0xBB4C,
  0xB34C, 0xBC50, 0x61C9, 0x5147, 0x6A29, 0xC4B1, 0xF656, 0xFEB6,
  0xFE95, 0xFE95, 0xFE95, 0xFE55, 0xDC6E, 0xBB2A, 0xB30B, 0xBB0B,
  0xBB0B, 0xA2CB, 0x61A7, 0x6A0A, 0x7A2A, 0xBBAE, 0xBB8D, 0xB36B,
  0xAB8A, 0xAB6A, 0xAB8A, 0xAB6A, 0xAB8A, 0xBBAA, 0xDC8D, 0x69C7,
  0x61A9, 0x69E9, 0xB36D, 0xB38B, 0xA36A, 0x82CA, 0x4906, 0x4947,
  0xC515, 0xC4B2, 0xCD74, 0xBCB1, 0xB4D1, 0xF6D9, 0xD491, 0xE5F6,
  0xD616, 0xAC6E, 0xEE33, 0xD571, 0x7266, 0xCD4F, 0x944D, 0x3205,
  0x8CF1, 0xF7DE, 0x8CD0, 0x2A64, 0x32E4, 0x3323, 0x3322, 0x3323,
  0x3303, 0x6409, 0x9530, 0xD6D9, 0xF7DD, 0xBE34, 0xBE54, 0xEFBC,
  0xD6F9, 0xB614, 0xAE14, 0xAE34, 0xA632, 0x4365, 0x2B42, 0x2B42,
  0x3323, 0x42E5, 0x9C4A, 0xF62E, 0xF60D, 0xFE2D, 0xFE2D, 0xFDED,
  0xF5CD, 0xFE0D, 0xFE2D, 0xFE2D, 0xFE2D, 0xFE2D, 0xF60D, 0xD52D,
  0xFF7B, 0xFF7B, 0xFF7B, 0xFF7B, 0xFF7B, 0xFF7B, 0xF79B, 0xF79B,
  0xFF9B, 0xFF9B, 0xF79B, 0xEF9C, 0xC637, 0xEF3B, 0xF79B, 0xF7BC,
  0x9E5A, 0x5D58, 0x5558, 0x5558, 0x5558, 0x5D38, 0x42AE, 0x3907,
  0x4107, 0x5188, 0x6A0A, 0x6A09, 0x6A09, 0x6A09, 0x6A09, 0x6A09,
  0x6A09, 0x6A09, 0x6A09, 0x6A09, 0x6A09, 0x6A09, 0x6A09, 0x6A09,
  0x6A09, 0x6A09, 0x6A09, 0x6A09, 0x6A09, 0x6A09, 0x6A09, 0x6A09,
  0x6A09, 0x6A09, 0x6A09, 0x6A09, 0x6A09, 0x6A09, 0x6A09, 0x7A09,
  0xB36E, 0xC3AD, 0xB38B, 0xAB6A, 0xAB8A, 0xAB8A, 0x9B09, 0xA34A,
  0xA36B, 0x7A28, 0x7229, 0x6A09, 0x6A09, 0x928B, 0xBBAD, 0xAB6A,
  0xAB6A, 0xAB6A, 0xAB6A, 0xAB6C, 0x7A4A, 0x5968, 0x5126, 0x824A,
  0x69C8, 0x69EA, 0x71E9, 0x8A6A, 0xBBAD, 0xB36B, 0xAB6A, 0xAB8A,
  0xAB8A, 0xAB8A, 0xAB8A, 0xAB8A, 0xAB6A, 0xAB6A, 0x92CA, 0xA38D,
  0xED50, 0xD42B, 0xB2EA, 0xB2EB, 0xB2EB, 0xB30C, 0x928B, 0x4926,
  0x6A0A, 0x6A09, 0x8AAA, 0xAB6B, 0xAB8A, 0xAB6A, 0xAB8A, 0xAB6A,
  0xAB6A, 0xAB8A, 0xAB8A, 0xAB8A, 0xAB8A, 0xAB8A, 0xAB8A, 0xAB8A,
  0xAB8A, 0xAB8A, 0xAB8A, 0xAB8A, 0xAB8A, 0xAB8A, 0xAB8A, 0xAB8A,
  0xAB8A, 0xAB8A, 0xAB6A, 0xAB8A, 0xAB8A, 0xAB6A, 0xAB6A, 0x8AA9,
  0x930C, 0xF676, 0xFE75, 0xFE75, 0xFE95, 0xF676, 0xEDB4, 0xB34C,
  0x92AA, 0x8AAB, 0x5148, 0x7AAC, 0xE616, 0xF675, 0xFE96, 0xFE96,
  0xFE96, 0xFE95, 0xFE96, 0xFE75, 0xED71, 0xC36B, 0xB30B, 0xBB0B,
  0xBB0B, 0xB30C, 0x71E8, 0x69EA, 0x71E9, 0xA30D, 0xBBAD, 0xB36B,
  0xAB6A, 0xAB6A, 0xAB8A, 0xAB6A, 0xAB8A, 0xBBAA, 0xDC8D, 0x6987,
  0x61C9, 0x69E9, 0xAB4D, 0xB38B, 0x9B4B, 0x61C8, 0x4928, 0x61E9,
  0xD575, 0xC4D2, 0xC4B2, 0xC451, 0xCD54, 0xDD54, 0xD4F2, 0xD616,
  0xA42D, 0xDDD2, 0xF611, 0xF653, 0xC4CF, 0x7AE9, 0x840D, 0x2A45,
  0x84B0, 0xF7BE, 0xCEB9, 0x4AE8, 0x2A64, 0x2AA3, 0x32E3, 0x3303,
  0x3B24, 0x6BEA, 0xC676, 0xF7DD, 0xC676, 0x84CC, 0x956F, 0xE77B,
  0xDF19, 0x9550, 0x8D4F, 0x854F, 0x5408, 0x3323, 0x2B22, 0x2B42,
  0x3323, 0x3284, 0x9C8D, 0xE5ED, 0xFE2D, 0xFE2D, 0xFE0D, 0xFE0D,
  0xF60D, 0xFE0D, 0xFE0D, 0xFE2D, 0xFE2D, 0xF60E, 0xD52D, 0x7267,
  0xFF7B, 0xFF7B, 0xFF7B, 0xFF7B, 0xFF9B, 0xFF9B, 0xFF9B, 0xFF9B,
  0xFFBB, 0xFF9B, 0xF79C, 0xF79C, 0xC637, 0xE73A, 0xF79B, 0xF79C,
  0xCF3B, 0x6557, 0x5558, 0x5558, 0x5559, 0x5558, 0x4B91, 0x3128,
  0x3907, 0x4948, 0x6A0A, 0x6A09, 0x6A09, 0x7209, 0x7209, 0x6A09,
  0x6A09, 0x6A09, 0x6A09, 0x6A09, 0x6A09, 0x6A09, 0x6A09, 0x6A09,
  0x7209, 0x7209, 0x7209, 0x7209, 0x7209, 0x7209, 0x7209, 0x7209,
  0x6A09, 0x6A09, 0x6A09, 0x6A09, 0x7209, 0x7209, 0x7209, 0x7209,
  0xAB2D, 0xC3AE, 0xB38C, 0xAB8A, 0xAB6A, 0xAB8A, 0xA349, 0xAB6A,
  0x8AA9, 0x7A49, 0x7209, 0x6A09, 0x6A09, 0x9AAB, 0xBBAD, 0xAB8B,
  0xAB6A, 0xAB6A, 0xAB6A, 0xA34B, 0x71C7, 0x8A8B, 0x71E8, 0x5106,
  0x4948, 0x59A9, 0x69E9, 0x826A, 0xBBAE, 0xB36B, 0xAB6A, 0xAB8A,
  0xAB8A, 0xAB8A, 0xAB8A, 0xA36A, 0xAB6A, 0xAB6B, 0x7A69, 0xCD33,
  0xF613, 0xE4CC, 0xBB4A, 0xB2EB, 0xB2EB, 0xB2EC, 0xA2CC, 0x4926,
  0x6A09, 0x6A09, 0x828A, 0xAB6B, 0xAB6A, 0xAB6A, 0xAB8A, 0xAB6A,
  0xAB6A, 0xAB8A, 0xAB8A, 0xAB8A, 0xAB8A, 0xAB8A, 0xAB8A, 0xAB8A,
  0xAB8A, 0xAB8A, 0xAB8A, 0xAB8A, 0xAB8A, 0xAB8A, 0xAB8A, 0xAB8A,
  0xAB8A, 0xAB8A, 0xAB6B, 0xAB8A, 0xAB6A, 0xAB8B, 0xAB6B, 0x8269,
  0xBC71, 0xFE76, 0xFE75, 0xFE96, 0xFE96, 0xF676, 0xDD53, 0x8A8A,
  0x6987, 0x8AEC, 0x5988, 0x9BAE, 0xF677, 0xF696, 0xF676, 0xF697,
  0xF696, 0xF676, 0xFE76, 0xFE75, 0xF613, 0xCC0C, 0xB2EB, 0xBB0B,
  0xBB0B, 0xB30B, 0x92AB, 0x5167, 0x69E9, 0x8A4A, 0xBBAE, 0xB38C,
  0xAB6A, 0xAB8A, 0xAB8A, 0xAB6A, 0xAB8A, 0xBBAA, 0xDC6D, 0x6166,
  0x61C9, 0x71E8, 0xAB4D, 0xB36C, 0x8AAA, 0x5127, 0x4927, 0x8B6D,
  0xD574, 0xCCD2, 0xCCD3, 0xCD14, 0xDDD6, 0xC451, 0xDDF5, 0xB48F,
  0xE5D2, 0xEE12, 0xF632, 0xF632, 0xF613, 0x9BEC, 0x52A7, 0x3B05,
  0x5349, 0xEF9C, 0xF7BE, 0xBE16, 0x6BED, 0x3AA6, 0x3AA5, 0x5BAA,
  0x8D10, 0xCE98, 0xF7DD, 0xCEF8, 0x746A, 0x5C26, 0x6C89, 0xDF19,
  0xE75B, 0x84CE, 0x5C28, 0x4BA6, 0x3323, 0x2B42, 0x3323, 0x2B22,
  0x3323, 0x3285, 0xB5D3, 0xCD6C, 0xFE2D, 0xFE2D, 0xFE0D, 0xFE2D,
  0xFE2D, 0xFE2D, 0xFE0D, 0xFE0D, 0xF60E, 0xCD2E, 0x7288, 0x51A7,
  0xFF7B, 0xFF7B, 0xFF7B, 0xFF7B, 0xFF9B, 0xFF9B, 0xFF9B, 0xFF9B,
  0xFFBB, 0xFF9B, 0xF79C, 0xF79C, 0xC637, 0xE73A, 0xF77B, 0xF79C,
  0xEFBD, 0x7DD8, 0x5559, 0x5559, 0x5558, 0x5559, 0x5454, 0x3169,
  0x3907, 0x4927, 0x69EA, 0x6A09, 0x7209, 0x7209, 0x7209, 0x6A09,
  0x6A09, 0x6A09, 0x6A09, 0x6A09, 0x6A09, 0x6A09, 0x6A09, 0x6A09,
  0x7209, 0x7209, 0x7209, 0x7209, 0x7209, 0x7209, 0x7209, 0x7209,
  0x6A09, 0x6A09, 0x6A09, 0x6A09, 0x7209, 0x7209, 0x7209, 0x71E9,
  0x9ACC, 0xC3AE, 0xBB8D, 0xAB8A, 0xAB6A, 0xAB6A, 0xAB6A, 0xA34B,
  0x8249, 0x826A, 0x6A09, 0x6A09, 0x6A09, 0x9ACC, 0xBBAD, 0xAB8B,
  0xAB6A, 0xAB8A, 0xAB6A, 0x92EA, 0x71C7, 0xAB0C, 0xA2CC, 0x8A4A,
  0x5148, 0x4927, 0x5168, 0x7209, 0xBBAD, 0xAB6B, 0xAB6A, 0xAB8A,
  0xAB8A, 0xAB8A, 0xAB8A, 0xAB6B, 0xAB6A, 0xA34C, 0x6A08, 0xDDB4,
  0xFE54, 0xED4E, 0xD40C, 0xC34C, 0xB2EB, 0xB2CB, 0xAB0C, 0x5946,
  0x61E9, 0x6A09, 0x8269, 0xA34B, 0xAB6A, 0xAB8A, 0xAB8A, 0xAB6A,
  0xAB6A, 0xAB8A, 0xAB8A, 0xAB8A, 0xAB8A, 0xAB8A, 0xAB8A, 0xAB8A,
  0xAB8A, 0xAB8A, 0xAB8A, 0xAB8A, 0xAB8A, 0xAB8A, 0xAB8A, 0xAB8A,
  0xAB8A, 0xAB8A, 0xAB6A, 0xAB8A, 0xAB6A, 0xAB6A, 0xAB8B, 0x7A28,
  0xDD74, 0xFE75, 0xFE96, 0xFE97, 0xEE15, 0xABEE, 0x92CA, 0x8A49,
  0x9ACB, 0xCCF3, 0x59C8, 0xA3EF, 0xF678, 0xBCB1, 0x8B0C, 0x82AB,
  0x7AAB, 0x82AB, 0x932D, 0xCD12, 0xF635, 0xDCCF, 0xBB0A, 0xBB0B,
  0xB30B, 0xBB0B, 0xAB2D, 0x5966, 0x61E9, 0x71E9, 0xAB2D, 0xBBAD,
  0xAB6A, 0xAB8A, 0xAB8A, 0xAB6A, 0xAB6A, 0xBBCB, 0xDC8D, 0x6166,
  0x61E8, 0x7208, 0xB36D, 0xAB4C, 0x69E8, 0x4907, 0x726A, 0xCD11,
  0xCD12, 0xAB0D, 0xBB0D, 0xA30C, 0xCCB2, 0xE616, 0xBCD0, 0xDDB2,
  0xF612, 0xF632, 0xF632, 0xF612, 0xF632, 0xD572, 0x5266, 0x5BA8,
  0x2A84, 0x8CF1, 0xF7DD, 0xF7DE, 0xE73C, 0xC657, 0xBE37, 0xD6D9,
  0xEF9D, 0xF7DE, 0xBE76, 0x6429, 0x4BE5, 0x4424, 0x4C05, 0xB634,
  0xEFBD, 0x9510, 0x4345, 0x3303, 0x3322, 0x2B42, 0x2B42, 0x2B22,
  0x3303, 0x5349, 0xC656, 0xACCB, 0xF62D, 0xFE2D, 0xFE0D, 0xFE0D,
  0xFE0D, 0xFE2D, 0xFE2D, 0xFE0E, 0xE58F, 0x7289, 0x59E8, 0xB4F3,
  0xFF7B, 0xFF7B, 0xFF7B, 0xFF9B, 0xFF9B, 0xFF9B, 0xFF9B, 0xFF9B,
  0xFFBB, 0xFF9B, 0xF79C, 0xF79D, 0xC637, 0xEF1A, 0xFF7C, 0xFF9B,
  0xEFBC, 0xBEFB, 0x5D58, 0x5559, 0x5559, 0x5558, 0x54D6, 0x31EB,
  0x3908, 0x3907, 0x59A9, 0x6A09, 0x7209, 0x7209, 0x7209, 0x6A09,
  0x6A09, 0x6A09, 0x6A09, 0x6A09, 0x6A09, 0x6A09, 0x6A09, 0x6A09,
  0x7209, 0x7209, 0x7209, 0x7209, 0x7209, 0x7209, 0x7209, 0x7209,
  0x6A09, 0x6A09, 0x6A09, 0x6A09, 0x6A09, 0x6A09, 0x6A09, 0x7209,
  0x8A8B, 0xBBAE, 0xC3AD, 0xAB8B, 0xAB6A, 0xAB6A, 0xAB6A, 0x9AEA,
  0x92EB, 0x69E9, 0x6A09, 0x6A09, 0x7209, 0xA30D, 0xBBAD, 0xAB8B,
  0xAB6A, 0xAB8A, 0xAB8B, 0x8289, 0x8A6A, 0xB2EC, 0xB2CB, 0xAAEC,
  0x61A8, 0x5188, 0x4947, 0x5947, 0xB38E, 0xA32B, 0xAB6B, 0xAB6A,
  0xAB8A, 0xAB8A, 0xAB6A, 0xAB6A, 0xAB6B, 0x7A69, 0x8B0C, 0xF656,
  0xFE75, 0xF5D2, 0xDC6D, 0xB2EB, 0xB2EC, 0xB2EC, 0xAB0C, 0x69A7,
  0x61C9, 0x6A09, 0x7A49, 0xA34B, 0xAB6B, 0xAB6A, 0xAB8A, 0xAB6A,
  0xAB6A, 0xAB8A, 0xAB8A, 0xAB8A, 0xAB8A, 0xAB8A, 0xAB8A, 0xAB8A,
  0xAB8A, 0xAB8A, 0xAB8A, 0xAB8A, 0xAB8A, 0xAB8A, 0xAB8A, 0xAB8A,
  0xAB8A, 0xAB8A, 0xAB8A, 0xAB8A, 0xAB6A, 0xAB6A, 0xA34B, 0x82AA,
  0xEDF5, 0xFE95, 0xEE34, 0xBC8F, 0x82A9, 0xB40F, 0xE553, 0xBB6C,
  0xBB4B, 0xCCB1, 0x5187, 0x6A2A, 0x59A8, 0x5147, 0x4907, 0x5108,
  0x4908, 0x48C7, 0x4927, 0x5188, 0x69E8, 0xC44F, 0xBB2B, 0xB2EB,
  0xB30B, 0xBAEB, 0xB32C, 0x826A, 0x61C8, 0x6A09, 0x928B, 0xBBAD,
  0xAB6A, 0xAB6A, 0xAB8A, 0xAB6A, 0xAB6A, 0xC3EB, 0xDC8E, 0x5926,
  0x61C8, 0x69E8, 0xAB8E, 0x8249, 0x5987, 0x5187, 0x7A8A, 0xD532,
  0xB3AD, 0xBAAC, 0xCAAC, 0xC2CC, 0xD4D2, 0xB4AF, 0xE5F3, 0xF633,
  0xEE12, 0xF631, 0xF632, 0xF632, 0xF632, 0xEE12, 0x9C0C, 0x52E6,
  0x3B45, 0x2224, 0x8D11, 0xEFBD, 0xF7DE, 0xFFDE, 0xF7DE, 0xF7DE,
  0xEF9D, 0x84AF, 0x4345, 0x4C25, 0x4444, 0x4443, 0x4C24, 0x642A,
  0xF7DD, 0xDEF9, 0x42E6, 0x3B44, 0x3322, 0x3323, 0x2B43, 0x2B22,
  0x32C4, 0x8CF0, 0xC698, 0x940A, 0xF62F, 0xF62D, 0xFE0E, 0xFE2D,
  0xFE2D, 0xFE2D, 0xEDEE, 0xBC6C, 0x61C6, 0x4947, 0x93F0, 0xF73B,
  0xFF7B, 0xFF7B, 0xFF9B, 0xFF9B, 0xFF9B, 0xF79B, 0xFF9B, 0xFF9B,
  0xFF9B, 0xFF9B, 0xFF9C, 0xF79D, 0xCE58, 0xEF1A, 0xFF7C, 0xFF9B,
  0xF7BB, 0xDF5C, 0x7578, 0x5558, 0x5558, 0x5559, 0x5D58, 0x3AEE,
  0x3928, 0x3907, 0x4968, 0x6A0A, 0x7209, 0x7209, 0x7209, 0x6A09,
  0x6A09, 0x6A09, 0x7209, 0x7209, 0x6A09, 0x6A09, 0x6A09, 0x6A09,
  0x7209, 0x7209, 0x6A09, 0x6A09, 0x6A09, 0x7209, 0x7209, 0x7209,
  0x6A09, 0x6A09, 0x6A09, 0x7209, 0x6A09, 0x6A09, 0x7209, 0x6A09,
  0x7229, 0xB36E, 0xC3CE, 0xB38C, 0xAB6A, 0xAB6A, 0xAB6B, 0x8AAA,
  0x7A29, 0x6A09, 0x6A09, 0x6A09, 0x71E9, 0xAB2D, 0xBBAD, 0xAB6A,
  0xAB8A, 0xAB8A, 0xAB8B, 0x7A28, 0xA2CB, 0xB2EC, 0xB2EB, 0xAAEC,
  0x69C9, 0x6A2A, 0x61E9, 0x71E9, 0xAB4E, 0x6166, 0x7A29, 0x9B2B,
  0xA36B, 0xAB6B, 0xAB6A, 0xAB49, 0xA36B, 0x6166, 0xBCB1, 0xFE76,
  0xFE96, 0xFE54, 0xDCAD, 0xB32A, 0xB2EC, 0xB2CB, 0xAAEC, 0x71C8,
  0x61C9, 0x6A09, 0x7A49, 0xA34B, 0xAB6B, 0xAB6A, 0xAB8A, 0xAB6A,
  0xAB8A, 0xAB8A, 0xAB8A, 0xAB8A, 0xAB8A, 0xAB8A, 0xAB8A, 0xAB8A,
  0xAB8A, 0xAB8A, 0xAB8A, 0xAB8A, 0xAB8A, 0xAB8A, 0xAB8A, 0xAB8A,
  0xAB8A, 0xAB8A, 0xAB8A, 0xAB8A, 0xAB6A, 0xAB6A, 0x8AA9, 0x9B4C,
  0xF676, 0xF675, 0xE5B3, 0xDD93, 0xF656, 0xFE77, 0xF5B3, 0xC38C,
  0xBB8D, 0xCCD3, 0x4948, 0x4907, 0x4908, 0x4928, 0x4928, 0x5128,
  0x4928, 0x5168, 0x4948, 0x4928, 0x4927, 0x5106, 0xA2EC, 0xB30C,
  0xBB0C, 0xB30B, 0xB30C, 0xAB0C, 0x61A7, 0x6A09, 0x7A29, 0xB36D,
  0xB36B, 0xAB6A, 0xAB8A, 0xAB6A, 0xAB6A, 0xCC0B, 0xD42D, 0x5906,
  0x69C9, 0x6A09, 0x826A, 0x932C, 0xCD33, 0xC4B2, 0x5987, 0x8A8A,
  0xB2CB, 0xBA6A, 0xCA6B, 0xD28B, 0xB32B, 0xEDF4, 0xEE13, 0xF612,
  0xF631, 0xEE11, 0xF632, 0xF612, 0xF652, 0xEE12, 0xE5D2, 0x5A65,
  0x6428, 0x3B03, 0x2A43, 0x4AE8, 0x9532, 0xB636, 0xADD4, 0x63CB,
  0x3264, 0x3B84, 0x5445, 0x4C64, 0x4C64, 0x4464, 0x4C44, 0x3B64,
  0xA5D3, 0xF7DE, 0xBE36, 0x42E6, 0x32C3, 0x3304, 0x3304, 0x2AE3,
  0x2A44, 0xC698, 0xC698, 0x7368, 0xF62F, 0xFE2D, 0xFE2D, 0xF60D,
  0xFE0D, 0xE5AE, 0xA3CB, 0x6208, 0x5209, 0x838E, 0xE6FA, 0xFFBB,
  0xFF9B, 0xFF9B, 0xFF9B, 0xFF9B, 0xFF9B, 0xF79B, 0xFF9B, 0xFF9B,
  0xFF9B, 0xFF9B, 0xFF9C, 0xF79D, 0xCE58, 0xE71B, 0xFF9C, 0xF79B,
  0xFFBB, 0xEF9C, 0x9E19, 0x5D57, 0x5558, 0x5558, 0x5558, 0x5433,
  0x3149, 0x3908, 0x4127, 0x6A09, 0x6A09, 0x7209, 0x7209, 0x6A09,
  0x6A09, 0x6A09, 0x7209, 0x7209, 0x6A09, 0x6A09, 0x6A09, 0x6A09,
  0x6A09, 0x6A09, 0x6A09, 0x6A09, 0x6A09, 0x6A09, 0x7209, 0x7209,
  0x6A09, 0x6A09, 0x6A09, 0x7209, 0x6A09, 0x6A09, 0x7209, 0x6A29,
  0x6A09, 0x928B, 0xC3AE, 0xBB8C, 0xAB6A, 0xAB6A, 0xAB6C, 0x8269,
  0x722A, 0x61E9, 0x61C8, 0x6A09, 0x7209, 0xB36D, 0xBB8D, 0xAB6A,
  0xAB8A, 0xAB6A, 0xA36B, 0x79E8, 0xAACB, 0xB2EB, 0xB2EB, 0xAAEC,
  0x61A8, 0x6A09, 0x6A29, 0x824A, 0xB38E, 0x7A29, 0x61A7, 0x6186,
  0x7228, 0x8ACA, 0x9B2B, 0xA34A, 0x92EA, 0x6A09, 0xF636, 0xFE76,
  0xFE76, 0xFE75, 0xED70, 0xBB8B, 0xB2EB, 0xB2EB, 0xB2EB, 0x8209,
  0x61A9, 0x6A09, 0x7A49, 0x9ACA, 0xAB6B, 0xAB8A, 0xAB6A, 0xAB6A,
  0xAB8A, 0xAB8A, 0xAB8A, 0xAB8A, 0xAB8A, 0xAB8A, 0xAB8A, 0xAB8A,
  0xAB8A, 0xAB8A, 0xAB8A, 0xAB8A, 0xAB8A, 0xAB8A, 0xAB8A, 0xAB8A,
  0xAB8A, 0xAB8A, 0xAB8A, 0xAB6A, 0xAB6A, 0xAB6B, 0x69E7, 0xC4D1,
  0xFE76, 0xFE76, 0xFE76, 0xFE76, 0xFE96, 0xFE95, 0xF5D2, 0xBB8C,
  0xA32D, 0x7A4B, 0x4108, 0x4928, 0x5148, 0x5989, 0x59A9, 0x59A9,
  0x59C9, 0x61E9, 0x832E, 0x6A6B, 0x4128, 0x4908, 0x5907, 0x928B,
  0xB30C, 0xBB0B, 0xBB0B, 0xB30C, 0x71C8, 0x61E8, 0x7209, 0xAB2D,
  0xBB8D, 0xAB6B, 0xAB8A, 0xAB6A, 0xAB8A, 0xCC2B, 0xCC0C, 0x5126,
  0x69E9, 0x5987, 0xA3CE, 0xF657, 0xE5D4, 0xDDB4, 0x5147, 0x8A4A,
  0xBACC, 0xC28A, 0xC26A, 0xD28B, 0xBAAA, 0xDD31, 0xEE12, 0xF632,
  0xF631, 0xEE11, 0xE5D1, 0xF632, 0xF632, 0xF631, 0xF632, 0xBCEF,
  0x6367, 0x7D09, 0x53E6, 0x4324, 0x3B04, 0x3AE4, 0x4324, 0x4364,
  0x5446, 0x5CE5, 0x54C4, 0x54A5, 0x54A5, 0x4C84, 0x4C84, 0x4C25,
  0x4B87, 0xD6D9, 0xFFFE, 0xADD5, 0x5B49, 0x2A44, 0x2A24, 0x3285,
  0x84AF, 0xF7BE, 0xBE58, 0x5AA5, 0xF62F, 0xF60D, 0xF62D, 0xF60E,
  0xDD6E, 0x932A, 0x4966, 0x72CC, 0xBDB5, 0xF79C, 0xFFBB, 0xFFBB,
  0xFF9B, 0xFF9B, 0xF79B, 0xFF9B, 0xF79B, 0xF79B, 0xFF9B, 0xFF9B,
  0xFF9B, 0xFF9B, 0xF79C, 0xF7BC, 0xC658, 0xE71B, 0xF79C, 0xF7BB,
  0xFFBC, 0xFF9C, 0xD73C, 0x6557, 0x5558, 0x5558, 0x5559, 0x5D37,
  0x3A0C, 0x3908, 0x3907, 0x61C9, 0x6A09, 0x7209, 0x7209, 0x6A09,
  0x6A09, 0x6A09, 0x7209, 0x7209, 0x6A09, 0x6A09, 0x6A09, 0x6A09,
  0x6A09, 0x6A09, 0x6A09, 0x6A09, 0x6A09, 0x6A09, 0x7209, 0x7209,
  0x6A09, 0x6A09, 0x6A09, 0x7209, 0x6A09, 0x6A09, 0x7209, 0x6A29,
  0x6A09, 0x824A, 0xBB8E, 0xC3AD, 0xB36B, 0xAB6A, 0x9B2B, 0x7A29,
  0x6A0A, 0x59A8, 0x61E9, 0x6A09, 0x7229, 0xB38E, 0xBB8C, 0xAB8A,
  0xAB8A, 0xAB6A, 0x8289, 0x8229, 0xB2EB, 0xB2EB, 0xB2EB, 0xAACD,
  0x6188, 0x69E9, 0x6A09, 0x8249, 0xBBAD, 0xAB6B, 0xA34A, 0x8AA9,
  0x7228, 0x5986, 0x69C8, 0x7A29, 0x69E9, 0xAC11, 0xF656, 0xFE96,
  0xF676, 0xFE96, 0xF654, 0xC3CD, 0xB2CB, 0xB2EB, 0xB2EB, 0x92AB,
  0x61C9, 0x6A09, 0x7209, 0x9AEA, 0xA34A, 0xAB8B, 0xAB6A, 0xAB6A,
  0xAB8A, 0xAB8A, 0xAB8A, 0xAB8A, 0xAB8A, 0xAB8A, 0xAB8A, 0xAB8A,
  0xAB8A, 0xAB8A, 0xAB8A, 0xAB8A, 0xAB8A, 0xAB8A, 0xAB8A, 0xAB8A,
  0xAB8A, 0xAB8A, 0xAB6A, 0xAB6A, 0xAB6A, 0xA32B, 0x5986, 0xE615,
  0xFE76, 0xFE95, 0xFE96, 0xFE95, 0xFE75, 0xF675, 0xEDF3, 0xAB4C,
  0x69A8, 0x4907, 0x4928, 0x5187, 0x59A8, 0x59C8, 0x59C8, 0x59C8,
  0x59C8, 0x61E9, 0xBD35, 0xD638, 0x8B8F, 0x5169, 0x4908, 0x6168,
  0xAACC, 0xBAEB, 0xBB0B, 0xBB0C, 0x8A4A, 0x5988, 0x6A0A, 0x928B,
  0xBBAD, 0xAB6B, 0xAB8A, 0xAB6A, 0xAB6A, 0xD44C, 0xC3CB, 0x5126,
  0x61C9, 0x5986, 0xE615, 0xF676, 0xDDB3, 0xDDB5, 0x5126, 0x92AC,
  0xAAEC, 0xB2AB, 0xBA6A, 0xD28C, 0xCAAB, 0xAB2A, 0xEDF2, 0xF631,
  0xF631, 0xEE12, 0xD52F, 0xEDF2, 0xF632, 0xF631, 0xF632, 0xEDF2,
  0x7B68, 0x850A, 0x8548, 0x7D07, 0x6CA6, 0x6CA6, 0x6CE6, 0x6CE6,
  0x6D06, 0x64E4, 0x64E5, 0x64E5, 0x5CE5, 0x5CC4, 0x54A4, 0x54A5,
  0x4BC5, 0x6BEB, 0xEF7D, 0xF7BE, 0xCEB9, 0x9D33, 0x9512, 0xA573,
  0xE77D, 0xF7DE, 0x8CF1, 0x4A84, 0xEE0F, 0xF60E, 0xE5AE, 0xBC4C,
  0x92E9, 0x69C8, 0x7ACC, 0xE699, 0xFFBC, 0xFFBC, 0xFFBC, 0xFFBB,
  0xFF7B, 0xFF9B, 0xFF9B, 0xFF9B, 0xFF9B, 0xFF9B, 0xFF9B, 0xFF9B,
  0xFF9B, 0xF79B, 0xF79B, 0xF79C, 0xCE58, 0xE71B, 0xF79C, 0xF79C,
  0xF79C, 0xFF9C, 0xEF9C, 0x9618, 0x5D58, 0x5558, 0x5559, 0x5558,
  0x5371, 0x3908, 0x3907, 0x51A8, 0x6A09, 0x6A09, 0x6A09, 0x6A09,
  0x6A09, 0x6A09, 0x6A09, 0x6A09, 0x6A09, 0x6A09, 0x6A09, 0x6A09,
  0x6A09, 0x6A09, 0x69E9, 0x7209, 0x7209, 0x7209, 0x6A09, 0x6A09,
  0x6A09, 0x6A09, 0x6A09, 0x6A09, 0x6A09, 0x6A09, 0x6A09, 0x6A09,
  0x6A09, 0x7A09, 0xB34E, 0xC3AE, 0xB38C, 0xAB6B, 0x8AAA, 0x7209,
  0x6A0A, 0x4927, 0x69E9, 0x7209, 0x7A4A, 0xBBAE, 0xB36C, 0xAB6A,
  0xAB6A, 0xA34B, 0x6166, 0x9AAB, 0xB2EB, 0xB2EB, 0xB2CB, 0xAAEC,
  0x5967, 0x6A09, 0x6A09, 0x828A, 0xBBAD, 0xAB6A, 0xAB6A, 0xAB6B,
  0xA34B, 0x930A, 0x8ACA, 0x69C8, 0x5147, 0x724A, 0x8AEB, 0x9B8E,
  0xCD53, 0xEE16, 0xF635, 0xCC4F, 0xAAEC, 0xB2EC, 0xB30C, 0xA30D,
  0x69C9, 0x6A09, 0x7208, 0x9B0B, 0xA34B, 0xAB8A, 0xAB6A, 0xAB6A,
  0xAB6A, 0xAB8A, 0xAB8A, 0xAB8A, 0xAB8A, 0xAB8A, 0xAB8A, 0xAB8A,
  0xAB8A, 0xAB8A, 0xAB8A, 0xAB8A, 0xAB8A, 0xAB8A, 0xAB8A, 0xAB8A,
  0xAB8A, 0xAB8A, 0xAB6A, 0xAB8A, 0xAB6A, 0x8AAA, 0x934C, 0xF675,
  0xFE95, 0xFE76, 0xFE95, 0xFE75, 0xFE75, 0xF675, 0xDDD4, 0x6A09,
  0x4907, 0x5148, 0x4927, 0x51C8, 0x93F0, 0xBD35, 0x6AAB, 0x59C8,
  0x61C8, 0x59C8, 0x834D, 0xF73C, 0xEEFA, 0x9C31, 0x4928, 0x4928,
  0x79EA, 0xB30C, 0xBB0B, 0xBAEC, 0xA2CB, 0x5946, 0x69E9, 0x7A09,
  0xBBAE, 0xB38B, 0xAB8A, 0xAB6A, 0xAB69, 0xD46C, 0xB36B, 0x4927,
  0x59C9, 0x4946, 0xBCF2, 0xDDD6, 0xBCD1, 0xBC91, 0x6167, 0x9B4E,
  0xC490, 0xD4B0, 0xA2A9, 0xB2AA, 0xAA89, 0xA309, 0xEDD1, 0xF632,
  0xF632, 0xF632, 0xEDD1, 0xDD70, 0xEE12, 0xF632, 0xF632, 0xF632,
  0xB4AE, 0x73C8, 0x9DAA, 0x8D47, 0x7D06, 0x7D06, 0x7526, 0x7506,
  0x7506, 0x6D06, 0x6D06, 0x6D05, 0x6D05, 0x6505, 0x64E5, 0x64C5,
  0x5CA6, 0x4365, 0x5B69, 0xD6DA, 0xF7DF, 0xF7FF, 0xF7FE, 0xF7FF,
  0xF7DE, 0xBE36, 0x3AA6, 0x4285, 0xBCCE, 0x8AE8, 0x6A06, 0x6165,
  0x81E8, 0xAB0D, 0xE638, 0xFF9C, 0xFFBC, 0xFF9C, 0xFFBC, 0xFFBC,
  0xFF7B, 0xFF9B, 0xFF9B, 0xFF9B, 0xFF9B, 0xFF9B, 0xFF9B, 0xFF9B,
  0xFF9B, 0xF79B, 0xF79B, 0xF79C, 0xCE58, 0xE71B, 0xF79C, 0xF79C,
  0xF79B, 0xFF9B, 0xFFBC, 0xD77C, 0x6558, 0x5559, 0x5538, 0x5538,
  0x5C95, 0x3989, 0x3907, 0x4968, 0x6A09, 0x7209, 0x6A09, 0x6A09,
  0x7209, 0x7209, 0x6A09, 0x6A09, 0x6A09, 0x6A09, 0x6A09, 0x6A09,
  0x6A09, 0x6A09, 0x69E9, 0x69E9, 0x7209, 0x6A09, 0x6A09, 0x6A09,
  0x6A09, 0x6A09, 0x6A09, 0x6A09, 0x6A09, 0x6A09, 0x6A09, 0x6A09,
  0x6A09, 0x71E9, 0x928B, 0xBBAE, 0xBB8D, 0xAB6C, 0x7A09, 0x6A0A,
  0x59C9, 0x4947, 0x6A09, 0x6A09, 0x826A, 0xBBAE, 0xB36B, 0xAB6A,
  0xAB6A, 0x92EA, 0x69A7, 0xAAEC, 0xB2EB, 0xB2EB, 0xB2CB, 0xA2CC,
  0x5967, 0x6A09, 0x7209, 0x8A8A, 0xB38D, 0xAB6A, 0xAB6A, 0xAB6A,
  0xAB6A, 0xAB8A, 0xA36C, 0x82AA, 0x930C, 0xDD95, 0xA3AD, 0x61C7,
  0x7A89, 0x69E8, 0x7268, 0x7A07, 0x79E8, 0x8209, 0x926A, 0x92AB,
  0x6A09, 0x61E9, 0x7209, 0x92CB, 0xA36B, 0xAB8A, 0xAB6A, 0xAB8A,
  0xAB6A, 0xAB8A, 0xAB8A, 0xAB8A, 0xAB8A, 0xAB8A, 0xAB8A, 0xAB8A,
  0xAB8A, 0xAB8A, 0xAB8A, 0xAB8A, 0xAB8A, 0xAB8A, 0xAB8A, 0xAB8A,
  0xAB8A, 0xAB8A, 0xAB6A, 0xAB6A, 0xAB6B, 0x7228, 0xDDB5, 0xFE75,
  0xFE95, 0xFE76, 0xFE95, 0xFE75, 0xFE95, 0xFE76, 0xB471, 0x4127,
  0x4947, 0x5988, 0x4948, 0x838E, 0xEF1C, 0xFFBE, 0xF73C, 0x8BCF,
  0x59C8, 0x59C8, 0x6A4A, 0xE679, 0xFF7B, 0xF73B, 0x6A8B, 0x4948,
  0x50E6, 0xAACC, 0xBB0B, 0xBB0C, 0xB30C, 0x6146, 0x61A9, 0x7209,
  0xB36D, 0xB38C, 0xAB6A, 0xAB6A, 0xB38A, 0xDC8C, 0xA30A, 0x4927,
  0x4928, 0x61E9, 0x7AAC, 0x726A, 0x6A49, 0xABF0, 0x7A4B, 0x5967,
  0xAC2E, 0xEDF3, 0xD511, 0xCCB0, 0xE572, 0xF5F2, 0xF612, 0xF632,
  0xF632, 0xF632, 0xF632, 0xDD50, 0xEE12, 0xF632, 0xEE32, 0xF632,
  0xEDF2, 0x5A04, 0xA56C, 0x9588, 0x8568, 0x7D49, 0x754A, 0x6D2B,
  0x6D2B, 0x6D29, 0x7526, 0x7D06, 0x7505, 0x6D05, 0x6D06, 0x6D05,
  0x6D05, 0x64A6, 0x4B65, 0x3A85, 0xADD4, 0xEFBD, 0xEFBD, 0xEFBE,
  0xA594, 0x3265, 0x32C4, 0x3A24, 0x4965, 0x5104, 0x71A8, 0xA28C,
  0xD38F, 0xE4F4, 0xFF5B, 0xF7BC, 0xFFBC, 0xFFBC, 0xFFBC, 0xFFBC,
  0xFF7B, 0xFF9B, 0xFF9B, 0xFF9B, 0xFF9B, 0xFF9B, 0xFF9B, 0xFF9B,
  0xFF9B, 0xF79B, 0xF79B, 0xF79C, 0xCE78, 0xE71B, 0xF79C, 0xFF9B,
  0xFF9B, 0xFF9B, 0xFFBB, 0xEFBC, 0x8E19, 0x5558, 0x5558, 0x5559,
  0x5D17, 0x3AAD, 0x3927, 0x4107, 0x61C9, 0x6A0A, 0x6A09, 0x6A09,
  0x6A09, 0x6A09, 0x7209, 0x7209, 0x6A09, 0x6A29, 0x6A09, 0x61E9,
  0x61E9, 0x61E9, 0x61A8, 0x61E9, 0x6A09, 0x6A09, 0x6A09, 0x6A09,
  0x6A09, 0x6A09, 0x6A09, 0x6A09, 0x6A09, 0x6A09, 0x6A09, 0x6A09,
  0x6A09, 0x6A09, 0x7A2A, 0xB36E, 0xB38E, 0x8AAA, 0x71E9, 0x69E9,
  0x5188, 0x5988, 0x6A09, 0x6A09, 0x8AAB, 0xBBAD, 0xB36B, 0xAB8A,
  0xA36B, 0x7A48, 0x9AAB, 0xB30C, 0xBB0B, 0xB2EB, 0xB2EB, 0x9ACB,
  0x5167, 0x6A09, 0x7209, 0x8AAB, 0xB38D, 0xAB6B, 0xAB6B, 0xAB6A,
  0xA34A, 0xAB6A, 0x9B6C, 0x61C6, 0xC4F2, 0xF676, 0xF676, 0xF676,
  0xFEB7, 0xEE37, 0xEE16, 0xCC8F, 0x92A9, 0x8A08, 0x9269, 0x79C8,
  0x6187, 0x61E9, 0x69E9, 0x826A, 0xAB8B, 0xAB6A, 0xAB6A, 0xAB8A,
  0xAB6A, 0xAB8A, 0xAB8A, 0xAB8A, 0xAB8A, 0xAB8A, 0xAB8A, 0xAB8A,
  0xAB8A, 0xAB8A, 0xAB8A, 0xAB8A, 0xAB8A, 0xAB8A, 0xAB8A, 0xAB8A,
  0xAB8A, 0xAB8A, 0xAB6A, 0xAB6A, 0xA34B, 0x7A69, 0xF677, 0xFE95,
  0xFE95, 0xFE95, 0xFE95, 0xFE95, 0xFE76, 0xEE16, 0x59A8, 0x4927,
  0x59A8, 0x5988, 0x4948, 0xAD14, 0xF79E, 0xFFDE, 0xF7BE, 0xF7BE,
  0x838E, 0x59E8, 0x59C8, 0xC575, 0xFF7B, 0xFF5B, 0xEEDB, 0x51A8,
  0x4907, 0x8A29, 0xB30B, 0xBB0B, 0xB32C, 0x7A09, 0x5967, 0x7209,
  0x9ACB, 0xBB8D, 0xAB6A, 0xAB6A, 0xB369, 0xE48C, 0x9AEA, 0x5148,
  0x6A2C, 0x5168, 0x6A4B, 0x82ED, 0x82ED, 0x5989, 0x48E7, 0x4906,
  0xBCB0, 0xF633, 0xC510, 0xCD52, 0xE5D2, 0xEE12, 0xF632, 0xEE32,
  0xF632, 0xF632, 0xF632, 0xD54F, 0xE5B1, 0xEE12, 0xF632, 0xF612,
  0xEE32, 0xBCCF, 0x7BA9, 0xA5EF, 0x6D4E, 0x6530, 0x5D12, 0x5533,
  0x5513, 0x5D10, 0x6D2B, 0x7D48, 0x8526, 0x7D26, 0x7D26, 0x7D26,
  0x7525, 0x7505, 0x7D28, 0x53C5, 0x3263, 0x29E3, 0x2A04, 0x21E4,
  0x2A43, 0x32C3, 0x53E7, 0x4286, 0x7A8B, 0xA2AC, 0xDBB0, 0xE3B0,
  0xE3F1, 0xF6B9, 0xF7BB, 0xF7BB, 0xFFBB, 0xFFBB, 0xFFBC, 0xFFBC,
  0xFF7B, 0xFF9B, 0xFF9B, 0xFF9B, 0xFF9B, 0xFF9B, 0xFF9B, 0xFF9B,
  0xFF9B, 0xF79B, 0xF79B, 0xF79C, 0xCE78, 0xE71B, 0xF79C, 0xFF9B,
  0xFF9B, 0xFF9B, 0xF79B, 0xF77B, 0xBEDA, 0x5D58, 0x5559, 0x5559,
  0x5558, 0x4BF2, 0x3968, 0x4107, 0x5188, 0x6A0A, 0x6A09, 0x6A09,
  0x6A09, 0x6A09, 0x7209, 0x7209, 0x69E9, 0x59A9, 0x4968, 0x4107,
  0x3907, 0x4107, 0x4127, 0x61E9, 0x6A09, 0x6A09, 0x6A09, 0x6A09,
  0x6A09, 0x6A09, 0x6A09, 0x6A09, 0x6A09, 0x6A09, 0x6A09, 0x6A09,
  0x6A09, 0x6A09, 0x7229, 0x9B0D, 0x8A6A, 0x7209, 0x6A09, 0x61C8,
  0x5167, 0x61C9, 0x6A09, 0x6A09, 0x9AAB, 0xC3AD, 0xAB6A, 0xAB6A,
  0x9B4B, 0x7A08, 0xAACC, 0xBB0C, 0xBB0B, 0xBB0C, 0xBB0B, 0x9ACC,
  0x5988, 0x6A09, 0x6A0A, 0x92CC, 0x9AEC, 0x8AAB, 0x828A, 0x828A,
  0x826A, 0x828A, 0x724A, 0x5146, 0xB450, 0xCD52, 0xEE35, 0xF676,
  0xF696, 0xFE76, 0xF655, 0xE551, 0xBB4B, 0xB2EB, 0xB32C, 0xAB0C,
  0x7209, 0x6A2A, 0x6A09, 0x7A08, 0xAB8C, 0xAB8A, 0xAB8A, 0xAB8A,
  0xAB8A, 0xAB8A, 0xAB8A, 0xAB8A, 0xAB8A, 0xAB8A, 0xAB8A, 0xAB8A,
  0xAB8A, 0xAB8A, 0xAB8A, 0xAB8A, 0xAB8A, 0xAB8A, 0xAB8A, 0xAB8A,
  0xAB8A, 0xAB8A, 0xAB8A, 0xAB8B, 0x8AA9, 0x9B8D, 0xFE76, 0xFE75,
  0xFE95, 0xFE95, 0xFE96, 0xFE95, 0xEE15, 0x82AB, 0x4927, 0x4967,
  0x59C8, 0x5988, 0x4947, 0xBD76, 0xFFDE, 0xFFDE, 0xFFDE, 0xFFDE,
  0xCDF7, 0x59E8, 0x59C8, 0x9C31, 0xF75B, 0xFF7B, 0xFF7C, 0x938F,
  0x4907, 0x6968, 0xB2EC, 0xB30B, 0xB30B, 0xA2EC, 0x5967, 0x69E9,
  0x824A, 0xBB8D, 0xAB4A, 0xAB6A, 0xBBAA, 0xDC8D, 0x7A27, 0x6A0C,
  0x726E, 0x82CF, 0x59AA, 0x5169, 0x5169, 0x4949, 0x518A, 0x5989,
  0xC4B0, 0xEE12, 0xC510, 0xCD72, 0xEE13, 0xF632, 0xF612, 0xF632,
  0xF632, 0xF632, 0xF632, 0xE5D1, 0xCCEE, 0xF632, 0xF632, 0xF612,
  0xF632, 0xEE33, 0x8BCC, 0x7490, 0x5D14, 0x4D35, 0x4D16, 0x4D36,
  0x4D16, 0x5515, 0x64F1, 0x852B, 0x8D47, 0x8546, 0x8547, 0x8546,
  0x8546, 0x7D25, 0x7D26, 0x74E6, 0x6CA7, 0x4B64, 0x4B44, 0x4344,
  0x53E5, 0x7508, 0x53A6, 0x94D0, 0xF618, 0xE3D0, 0xEB6F, 0xE390,
  0xED55, 0xFF7B, 0xFFBB, 0xFFBB, 0xFFBB, 0xFFBB, 0xFFBC, 0xFFBC,
  0xFF9B, 0xFF9B, 0xFF9B, 0xFF9B, 0xFF9B, 0xFF9B, 0xFF9B, 0xFF9B,
  0xFF9B, 0xFF9B, 0xFF9B, 0xF79C, 0xCE78, 0xE71A, 0xF79C, 0xFF9B,
  0xFF9B, 0xFF9B, 0xF79B, 0xFF9B, 0xE79C, 0x7D97, 0x5D58, 0x5559,
  0x5558, 0x5D17, 0x3A2B, 0x3907, 0x4947, 0x6A0A, 0x6A09, 0x7209,
  0x6A09, 0x6A09, 0x6A0A, 0x61C9, 0x4968, 0x4127, 0x4107, 0x4107,
  0x4107, 0x4127, 0x4106, 0x59A8, 0x6A29, 0x6A09, 0x6A09, 0x6A09,
  0x6A09, 0x6A09, 0x6A09, 0x6A09, 0x6A09, 0x6A09, 0x6A09, 0x6A09,
  0x6A09, 0x6A09, 0x6A09, 0x7229, 0x7209, 0x7209, 0x69E9, 0x59A8,
  0x69E9, 0x61C9, 0x6A09, 0x7209, 0xA2EC, 0xBBAD, 0xAB6A, 0xAB8B,
  0x8289, 0x8229, 0xB2EC, 0xBB0B, 0xBB2C, 0xB2EB, 0xBB0C, 0x9AAC,
  0x59A9, 0x61EA, 0x5188, 0x8AAC, 0x71C8, 0x4907, 0x4907, 0x4907,
  0x4907, 0x4907, 0x4907, 0x4928, 0x5127, 0x61C9, 0x8AEC, 0xA3CE,
  0xE5F5, 0xF676, 0xFE75, 0xEDB1, 0xC38B, 0xBAEB, 0xBB0C, 0xB32D,
  0x71E8, 0x6A2A, 0x6A09, 0x7209, 0xA34C, 0xAB6A, 0xAB8A, 0xAB8A,
  0xAB8A, 0xAB8A, 0xAB8A, 0xAB8A, 0xAB8A, 0xAB8A, 0xAB8A, 0xAB8A,
  0xAB8A, 0xAB8A, 0xAB8A, 0xAB8A, 0xAB8A, 0xAB8A, 0xAB8A, 0xAB8A,
  0xAB8A, 0xAB8A, 0xAB8A, 0xAB6B, 0x7228, 0xBC91, 0xFE75, 0xFE75,
  0xFE95, 0xFE96, 0xFE95, 0xF696, 0xB470, 0x5168, 0x4967, 0x51A7,
  0x59C8, 0x5988, 0x4947, 0xAC92, 0xF7BE, 0xFFFE, 0xF7DE, 0xF7DE,
  0xF79D, 0x72AB, 0x59C8, 0x7ACC, 0xF75C, 0xFF7B, 0xF77B, 0xBD35,
  0x5169, 0x5927, 0xA2CB, 0xB30A, 0xB30B, 0xAAEC, 0x71E8, 0x61C9,
  0x7A29, 0xB36D, 0xB36A, 0xAB6A, 0xBBAA, 0xCC2C, 0x69E8, 0x724D,
  0x61EC, 0x4908, 0x61CB, 0x59AB, 0x5149, 0x4929, 0x4929, 0x5148,
  0xCCF1, 0xF633, 0xC50F, 0xCD51, 0xEE13, 0xF632, 0xF632, 0xF632,
  0xF632, 0xF632, 0xF632, 0xEE12, 0xD54F, 0xDD90, 0xEE11, 0xF632,
  0xF632, 0xD591, 0xCDF5, 0x5B2D, 0x5CF6, 0x4D36, 0x4D36, 0x5515,
  0x5C74, 0x4B0F, 0x4AAD, 0x5AEA, 0x7BE8, 0x9549, 0x9567, 0x8D66,
  0x8D66, 0x8D46, 0x8D46, 0x8546, 0x8546, 0x8548, 0x8D89, 0x8D89,
  0x8589, 0x8569, 0x4B26, 0xB5D5, 0xF6DB, 0xEC51, 0xEB6F, 0xE492,
  0xFEDA, 0xFFBC, 0xFFBC, 0xF7BC, 0xF7BC, 0xF7BC, 0xF7BC, 0xF7BC,
  0xFF9B, 0xFF9B, 0xFF9B, 0xFF9B, 0xFF9B, 0xFF9B, 0xFF9B, 0xFF9B,
  0xFF9B, 0xFF9B, 0xFF9B, 0xF79C, 0xCE78, 0xE71B, 0xF79C, 0xF79B,
  0xFF9B, 0xFF9B, 0xF79B, 0xFF9B, 0xF7BC, 0xC6FC, 0x6537, 0x5558,
  0x5558, 0x5D58, 0x53B2, 0x3128, 0x4107, 0x59C9, 0x6A09, 0x7209,
  0x6A09, 0x6A0A, 0x5988, 0x4127, 0x3906, 0x4106, 0x6188, 0x720A,
  0x826B, 0x8AAC, 0x7A4B, 0x5967, 0x6A29, 0x6A09, 0x6A09, 0x6A09,
  0x6A09, 0x6A09, 0x6A09, 0x6A09, 0x6A09, 0x6A09, 0x6A09, 0x6A09,
  0x7209, 0x7209, 0x6A29, 0x6A09, 0x6A09, 0x6A0A, 0x6A0A, 0x5967,
  0x722A, 0x69C9, 0x6A09, 0x7209, 0xAB2D, 0xBBAC, 0xAB6A, 0xAB8C,
  0x69A7, 0xA2AB, 0xB30B, 0xBB2B, 0xBB2C, 0xB2EB, 0xB30D, 0x8A6B,
  0x4948, 0x4148, 0x4107, 0x92ED, 0x6188, 0x4928, 0x4928, 0x4908,
  0x4907, 0x4908, 0x4908, 0x4908, 0x4907, 0x5128, 0x4928, 0x5127,
  0x724A, 0xBC91, 0xF676, 0xF5D2, 0xC3CB, 0xB2EA, 0xBAEB, 0xBB0C,
  0x79E9, 0x69E9, 0x7209, 0x7209, 0xA34C, 0xAB6A, 0xAB8A, 0xAB8A,
  0xAB8A, 0xAB8A, 0xAB8A, 0xAB8A, 0xAB8A, 0xAB8A, 0xAB8A, 0xAB8A,
  0xAB8A, 0xAB8A, 0xAB8A, 0xAB8A, 0xAB8A, 0xAB8A, 0xAB8A, 0xAB8A,
  0xAB8A, 0xAB8A, 0xAB6A, 0xA34B, 0x7228, 0xE5B4, 0xFE76, 0xFE75,
  0xFE95, 0xFE95, 0xFE96, 0xF677, 0x7249, 0x5988, 0x51A8, 0x51A6,
  0x59C8, 0x5168, 0x59A8, 0x82EC, 0xE69A, 0xF7DE, 0xF7DE, 0xF7DE,
  0xFFDE, 0x8BAE, 0x59C8, 0x59C8, 0xF71B, 0xFF7B, 0xFF7B, 0xE679,
  0x620A, 0x4907, 0x9AAB, 0xBB0B, 0xB30B, 0xB30C, 0x8A6B, 0x59A9,
  0x720A, 0xAB2C, 0xB38B, 0xAB6A, 0xBBEB, 0xA36B, 0x6A4B, 0x5149,
  0x4928, 0x598A, 0x61CB, 0x4908, 0x4908, 0x4928, 0x4928, 0x5168,
  0xD532, 0xF632, 0xC52F, 0xD5D3, 0xEDF2, 0xF632, 0xF631, 0xF631,
  0xF632, 0xF632, 0xF632, 0xEE12, 0xF612, 0xC4CE, 0xEE12, 0xEE32,
  0xCD70, 0xDE76, 0xE617, 0x834E, 0x5412, 0x5557, 0x5CD6, 0x42EE,
  0x41CA, 0x4169, 0x4948, 0x4947, 0x49A6, 0x6B46, 0x9D69, 0x9D87,
  0x9587, 0x9567, 0x9567, 0x8D66, 0x8D67, 0x9DE9, 0xA60A, 0x9DEA,
  0x9DEB, 0x6426, 0x5369, 0xC658, 0xF75D, 0xED15, 0xE3B0, 0xF5F7,
  0xF77C, 0xF79C, 0xF7BC, 0xF7BC, 0xF7BD, 0xF79C, 0xF79C, 0xF79D,
  0xFF9B, 0xFF9B, 0xFF9B, 0xFF9B, 0xFF9B, 0xFF9B, 0xFF9B, 0xFF9B,
  0xFF9B, 0xFF9B, 0xFF9B, 0xF79C, 0xCE78, 0xE71B, 0xF77C, 0xF79C,
  0xFFBC, 0xF7BC, 0xF7BC, 0xFF9B, 0xF79C, 0xE79E, 0x7DB9, 0x5558,
  0x5558, 0x5558, 0x64F7, 0x3189, 0x3907, 0x4948, 0x6A09, 0x7209,
  0x6A09, 0x59A8, 0x4107, 0x4927, 0x5127, 0x822A, 0xAB0C, 0xAAEB,
  0xAACB, 0xAACB, 0xAB0D, 0x71C8, 0x69E9, 0x6A09, 0x6A09, 0x6A09,
  0x6A09, 0x6A09, 0x6A09, 0x6A09, 0x6A09, 0x6A09, 0x6A09, 0x6A09,
  0x7209, 0x7209, 0x6A09, 0x6A09, 0x6A09, 0x6A09, 0x5988, 0x69E9,
  0x69C9, 0x69C9, 0x6A09, 0x7209, 0xB36D, 0xB38B, 0xAB6A, 0x8A89,
  0x71A7, 0xB30C, 0xB30B, 0xBB0B, 0xBB0B, 0xB30C, 0xAAEC, 0x6988,
  0x4107, 0x38E7, 0x4107, 0x8ACD, 0x5127, 0x4908, 0x4908, 0x4908,
  0x4908, 0x4908, 0x4908, 0x5127, 0x4927, 0x4908, 0x4908, 0x4908,
  0x4907, 0x5127, 0x69C8, 0xE5B4, 0xDC6F, 0xB2CA, 0xBB0B, 0xBB0C,
  0x7A09, 0x6209, 0x6A09, 0x7209, 0xA32C, 0xAB6B, 0xAB8A, 0xAB8A,
  0xAB8A, 0xAB8A, 0xAB8A, 0xAB8A, 0xAB8A, 0xAB8A, 0xAB8A, 0xAB8A,
  0xAB8A, 0xAB8A, 0xAB8A, 0xAB8A, 0xAB8A, 0xAB8A, 0xAB8A, 0xAB8A,
  0xAB8A, 0xAB8A, 0xAB6A, 0x8289, 0x9B4D, 0xFE76, 0xFE76, 0xFE76,
  0xFE75, 0xFE95, 0xF676, 0xBCB2, 0x5147, 0x59C8, 0x59C8, 0x59C7,
  0x61C8, 0x5988, 0x5168, 0x6A29, 0xB492, 0xFF7D, 0xFFBE, 0xFFDE,
  0xFFBE, 0x72EC, 0x61C8, 0x5167, 0xD638, 0xFF7B, 0xFF7B, 0xF73B,
  0x7AED, 0x4927, 0x8A6B, 0xBB0B, 0xB30B, 0xBAEB, 0x926B, 0x4947,
  0x69EA, 0x9ACC, 0xBB8C, 0xAB6A, 0xC42D, 0x6A08, 0x7AAE, 0x4928,
  0x5148, 0x726D, 0x4928, 0x4928, 0x4928, 0x4928, 0x4928, 0x5988,
  0xD552, 0xF632, 0xD571, 0xDDD3, 0xEE12, 0xF632, 0xF631, 0xF631,
  0xF632, 0xF632, 0xF632, 0xF632, 0xEE12, 0xBC8E, 0xB48F, 0xBCF0,
  0xDE76, 0xFF1A, 0xCCD2, 0xD5B7, 0x3ACD, 0x64D6, 0x3A2C, 0x4128,
  0x5148, 0x82CB, 0xCD54, 0x82EC, 0x4907, 0x4965, 0x83E8, 0xA5A8,
  0x9DA8, 0x9DA8, 0x9D88, 0xA5A9, 0xB62B, 0xB66C, 0xB64C, 0xAE2C,
  0x958C, 0x3A63, 0x8CF1, 0xB617, 0xCE79, 0xD535, 0xD452, 0xD5F6,
  0xC617, 0xC637, 0xC637, 0xC617, 0xC637, 0xC617, 0xBDF7, 0xBDF7,
  0xFF7B, 0xFF7B, 0xFF9B, 0xFF9B, 0xFF9B, 0xFF7B, 0xFF7B, 0xF79B,
  0xFF9B, 0xFF9B, 0xFF9B, 0xF79C, 0xCE79, 0xD6BA, 0xEF5C, 0xEF7C,
  0xEF7C, 0xE75C, 0xEF7C, 0xEF7C, 0xEF7C, 0xEF7D, 0x9E59, 0x5558,
  0x5579, 0x5558, 0x5538, 0x4B30, 0x3928, 0x4127, 0x61C9, 0x6A09,
  0x61C9, 0x4108, 0x4127, 0x5967, 0xA30C, 0xB30C, 0xB2EB, 0xB2EB,
  0xB2EB, 0xB2EB, 0xB2EB, 0x92AB, 0x6188, 0x7209, 0x7209, 0x6A09,
  0x7209, 0x6A09, 0x6A09, 0x6A09, 0x6A09, 0x6A09, 0x6A09, 0x6A09,
  0x7209, 0x6A09, 0x6A09, 0x6A09, 0x6A09, 0x6A09, 0x4926, 0x8A8B,
  0x6187, 0x6A09, 0x69E9, 0x7A29, 0xBB8E, 0xB36B, 0xA34A, 0x69A7,
  0x9A8B, 0xBB0C, 0xBB0B, 0xBB0B, 0xBAEB, 0xA2CC, 0x5946, 0x40E6,
  0x3907, 0x4107, 0x4927, 0x9B0D, 0x7A6B, 0x5968, 0x4927, 0x5968,
  0x5968, 0x5147, 0x59C9, 0x59C8, 0x61C8, 0x5988, 0x5167, 0x4927,
  0x4927, 0x4928, 0x4907, 0x69E9, 0xB3AD, 0xB2CA, 0xBB0B, 0xBB0B,
  0x8A49, 0x59A8, 0x6A09, 0x7209, 0x9AEC, 0xB38C, 0xAB8A, 0xAB8A,
  0xAB8A, 0xAB8A, 0xAB8A, 0xAB8A, 0xAB8A, 0xAB8A, 0xAB8A, 0xAB8A,
  0xAB8A, 0xAB8A, 0xAB8A, 0xAB8A, 0xAB8A, 0xAB6A, 0xAB6A, 0xAB8A,
  0xAB8A, 0xAB6A, 0xA36B, 0x69E7, 0xCCF2, 0xFE96, 0xFE96, 0xFE95,
  0xFE75, 0xFE75, 0xF697, 0x61E9, 0x5988, 0x61E8, 0x51A7, 0x51A7,
  0x61C8, 0x5968, 0x9BB0, 0x69C9, 0xA38E, 0xA3EF, 0xE679, 0xF79D,
  0xD638, 0x6229, 0x59C8, 0x59A8, 0xC595, 0xF77B, 0xFF5B, 0xFF7B,
  0xA452, 0x4907, 0x8A4A, 0xBB0C, 0xBB0B, 0xBB0B, 0x822A, 0x48E6,
  0x69EA, 0x92CC, 0xBBAD, 0xAB6B, 0x9B2B, 0x59A9, 0x6A4D, 0x8B51,
  0x6A2C, 0x5169, 0x4928, 0x4928, 0x4928, 0x4949, 0x5169, 0x61A8,
  0xDD72, 0xF632, 0xCD51, 0xDE34, 0xEDF2, 0xF632, 0xF631, 0xF632,
  0xF632, 0xF632, 0xF632, 0xF632, 0xEE12, 0xD530, 0xC552, 0xF6D9,
  0xEE58, 0xBC50, 0xEE37, 0xD678, 0x424A, 0x4A8D, 0x4168, 0x5187,
  0xB491, 0xFE77, 0xFE96, 0xFE76, 0xB470, 0x5147, 0x6287, 0xAD8B,
  0xADC9, 0xADCA, 0xBE2D, 0xCEAF, 0xC6AE, 0xC6AE, 0xC68E, 0xBE4F,
  0x6BA8, 0x5B49, 0xD6DA, 0xC638, 0xD6BA, 0xDE78, 0xE658, 0xE6D9,
  0xDEFA, 0xDEFA, 0xE6FA, 0xE71B, 0xE6FB, 0xE71B, 0xE71B, 0xE71B,
  0xFF7B, 0xFF7B, 0xFF9B, 0xFF9B, 0xFF9B, 0xFF7B, 0xFF9B, 0xF79B,
  0xFF9B, 0xFF9B, 0xFF9B, 0xF79C, 0xCE79, 0xC618, 0xCE79, 0xD699,
  0xDED9, 0xCE99, 0xD699, 0xD699, 0xD699, 0xD6B9, 0xB699, 0x6577,
  0x5538, 0x5538, 0x5517, 0x5454, 0x31AA, 0x3907, 0x59A9, 0x6A0A,
  0x5168, 0x4107, 0x5968, 0x9ACC, 0xB2EB, 0xB30B, 0xB2EB, 0xB2EB,
  0xB2EB, 0xB2EB, 0xB2EB, 0x9ACC, 0x5967, 0x6A09, 0x7209, 0x6A09,
  0x7209, 0x6A09, 0x6A09, 0x6A09, 0x6A09, 0x6A09, 0x6A09, 0x6A09,
  0x7209, 0x7209, 0x6A09, 0x6A09, 0x6A09, 0x59A8, 0x69E8, 0x9ACC,
  0x6187, 0x6A09, 0x6A09, 0x8A8B, 0xBBAD, 0xAB6A, 0x92CA, 0x7A09,
  0xB30C, 0xBAEB, 0xBB0B, 0xB30B, 0xA2CB, 0x6988, 0x4106, 0x4107,
  0x3907, 0x4927, 0x69E9, 0x92AC, 0x5947, 0x5127, 0x5988, 0x59A8,
  0x5147, 0x5988, 0x59C8, 0x59C8, 0x61C8, 0x59A8, 0x59C9, 0x59A8,
  0x5168, 0x5148, 0x5128, 0x4906, 0x6188, 0x8A4A, 0xBB0B, 0xC30B,
  0x9269, 0x5167, 0x6A09, 0x7209, 0x92AB, 0xB38C, 0xAB6A, 0xAB8A,
  0xAB8A, 0xAB8A, 0xAB8A, 0xAB8A, 0xAB8A, 0xAB8A, 0xAB8A, 0xAB8A,
  0xAB8A, 0xAB8A, 0xAB8A, 0xAB8A, 0xAB8A, 0xAB6A, 0xAB6A, 0xAB6B,
  0xAB8A, 0xAB6A, 0x9B2A, 0x7A69, 0xF677, 0xFE95, 0xFE96, 0xFE95,
  0xFE75, 0xFE76, 0xC4D2, 0x4947, 0x61A8, 0x61C8, 0x51A7, 0x59A7,
  0x59A8, 0x5167, 0x59A8, 0x69C9, 0xAB6E, 0xA34D, 0x82AB, 0xB492,
  0x7AAA, 0x59C8, 0x59C8, 0x59A8, 0xC575, 0xF77B, 0xFF7B, 0xFF7B,
  0xB4F4, 0x4928, 0x9A6A, 0xBB0C, 0xBB0B, 0xB2EB, 0x7A09, 0x4927,
  0x61A9, 0x826A, 0xBBCE, 0xA34B, 0x69C7, 0x6A2C, 0x4928, 0x61EB,
  0x7ACF, 0x6A2C, 0x61EB, 0x59AA, 0x59CA, 0x620B, 0x6A2C, 0x728B,
  0xDD91, 0xEE32, 0xC530, 0xE675, 0xEE12, 0xF632, 0xF632, 0xF632,
  0xF632, 0xF632, 0xF631, 0xF632, 0xF612, 0xE5B2, 0x938C, 0xBC72,
  0xCD14, 0xF6DA, 0xE6B9, 0xA492, 0x4168, 0x4949, 0x5988, 0xB450,
  0xF677, 0xFE76, 0xFE95, 0xFE95, 0xEE36, 0x5167, 0x6248, 0xC610,
  0xDED0, 0xDEF1, 0xDEF2, 0xDEF2, 0xD6D0, 0xD6D0, 0xC670, 0x7C6A,
  0x5307, 0xD719, 0xEF7C, 0xCE99, 0xF77C, 0xFF9C, 0xFF9C, 0xFFBC,
  0xFFBC, 0xFFBD, 0xFFBD, 0xFFBD, 0xFFBD, 0xF7BC, 0xF7BC, 0xF7BC,
  0xFF7B, 0xFF7B, 0xFF9B, 0xFF9B, 0xFF9B, 0xFF9B, 0xFF9B, 0xFF9B,
  0xFF9B, 0xFF9B, 0xFF9B, 0xF79C, 0xD679, 0xDEDA, 0xEF5C, 0xEF7C,
  0xEF7C, 0xEF7B, 0xEF7B, 0xEF7B, 0xEF7B, 0xEF7B, 0xE77C, 0x9E5A,
  0x6579, 0x5558, 0x5558, 0x5D37, 0x42EF, 0x3128, 0x4147, 0x59C9,
  0x4127, 0x4107, 0x824A, 0xAAEC, 0xB2EB, 0xB2EB, 0xB2EC, 0xB2EB,
  0xB2EB, 0xB2EB, 0xB2EB, 0xAAEC, 0x6187, 0x6A09, 0x6A09, 0x6A09,
  0x6A09, 0x7209, 0x7209, 0x6A09, 0x6A09, 0x6A09, 0x6A09, 0x6A09,
  0x6A09, 0x7209, 0x6A09, 0x6A09, 0x6A09, 0x5987, 0x9ACC, 0x9AAC,
  0x61C9, 0x6A09, 0x7209, 0xAB0D, 0xBB8D, 0xAB6B, 0x7A29, 0x9AAB,
  0xBB0C, 0xBB0B, 0xBAEB, 0xAAEB, 0x69C8, 0x40E6, 0x38E7, 0x4107,
  0x5188, 0x61E9, 0x7A4B, 0x7A09, 0x5147, 0x59A8, 0x61C8, 0x5987,
  0x5167, 0x59A8, 0x59C8, 0x61C8, 0x61C8, 0x59C8, 0x6A6A, 0x834E,
  0x72AC, 0x61C9, 0x5968, 0x4948, 0x4107, 0x5148, 0x9AAB, 0xBB0B,
  0x9AAA, 0x4926, 0x6A0A, 0x6A09, 0x8A8A, 0xB38C, 0xAB6A, 0xAB8A,
  0xAB8A, 0xAB8A, 0xAB8A, 0xAB8A, 0xAB8A, 0xAB8A, 0xAB8A, 0xAB8A,
  0xAB8A, 0xAB8A, 0xAB8A, 0xAB8A, 0xAB8A, 0xAB6A, 0xAB6A, 0xAB6A,
  0xAB8A, 0xAB8B, 0x8289, 0xB40F, 0xF676, 0xFE95, 0xFE95, 0xFE95,
  0xFE95, 0xF675, 0x8B0C, 0x5988, 0x61A8, 0x59C8, 0x51A7, 0x59C7,
  0x59A8, 0x5147, 0x59A8, 0x69C8, 0xA34D, 0xB36E, 0x8A6A, 0x7A29,
  0x7229, 0x61C8, 0x61C8, 0x5988, 0xBD34, 0xFF7B, 0xFF7B, 0xFF7B,
  0xC576, 0x5127, 0xA2AB, 0xC30B, 0xBB0B, 0xB2EC, 0x69A8, 0x4967,
  0x5188, 0x7A2A, 0xBBCE, 0x9AEA, 0x61E9, 0x598A, 0x4928, 0x598A,
  0x61EB, 0x620B, 0x59AA, 0x5169, 0x4928, 0x4908, 0x4928, 0x6A8A,
  0xDDB2, 0xEE32, 0xCD51, 0xF6D7, 0xE5F2, 0xEE32, 0xF632, 0xEE32,
  0xF632, 0xF632, 0xF631, 0xF612, 0xEDF3, 0xD593, 0x9BCE, 0x8B2E,
  0xCDD7, 0xBD74, 0xC554, 0xB493, 0x4107, 0x59A8, 0xB451, 0xF657,
  0xFE76, 0xFE95, 0xFE96, 0xFE95, 0xEE15, 0x4947, 0x6249, 0xD693,
  0xE734, 0xE714, 0xE714, 0xDEF3, 0xDEF2, 0xCE92, 0x742A, 0x3A65,
  0xB614, 0xF7BC, 0xEF5C, 0xCE79, 0xF77C, 0xFF9C, 0xFF9C, 0xFFBC,
  0xFFBC, 0xFFBC, 0xF79C, 0xF79C, 0xF79C, 0xFFBB, 0xFFBB, 0xFFBB,
  0xFF7B, 0xFF7B, 0xFF7B, 0xFF7B, 0xFF7B, 0xFF7B, 0xFF9B, 0xFF9B,
  0xFF9B, 0xFF9B, 0xFF9B, 0xF79C, 0xD699, 0xE71B, 0xF79C, 0xF79C,
  0xF7BC, 0xF7BC, 0xF79C, 0xF79C, 0xF79C, 0xF7BC, 0xF79C, 0xE77D,
  0x7DB8, 0x5D58, 0x5558, 0x5558, 0x5CB6, 0x31AA, 0x3928, 0x4948,
  0x4127, 0x5968, 0xA2CC, 0xB2EC, 0xBB0B, 0xB2EB, 0xB2EC, 0xB2EB,
  0xB2EB, 0xB2EB, 0xB2EB, 0xAAEC, 0x69A8, 0x6A09, 0x6A09, 0x6A09,
  0x6A09, 0x6A09, 0x7209, 0x6A09, 0x6A09, 0x6A09, 0x6A09, 0x6A09,
  0x6A09, 0x6A09, 0x6A09, 0x722A, 0x61E8, 0x61A7, 0xB30D, 0x8A4A,
  0x61C9, 0x6A0A, 0x7A29, 0xBB8E, 0xB38C, 0x82A9, 0x71C8, 0xAAEC,
  0xBB0B, 0xB30A, 0xBB0B, 0x8209, 0x4907, 0x3907, 0x3907, 0x4128,
  0x61E9, 0x6A0A, 0x720A, 0x69E9, 0x61A8, 0x61A8, 0x61C8, 0x5167,
  0x59A8, 0x61C8, 0x61C8, 0x61C8, 0x59C8, 0x6229, 0xD618, 0xE6FB,
  0xDE9A, 0xB4F4, 0x59A7, 0x59A8, 0x4147, 0x4107, 0x6167, 0xB30C,
  0xA2CB, 0x4906, 0x6A0A, 0x6A09, 0x8249, 0xAB6C, 0xAB6A, 0xAB8A,
  0xAB6A, 0xAB8A, 0xAB8A, 0xAB8A, 0xAB8A, 0xAB8A, 0xAB8A, 0xAB8A,
  0xAB8A, 0xAB8A, 0xAB8A, 0xAB8A, 0xAB8A, 0xAB6A, 0xAB6A, 0xAB8A,
  0xAB6A, 0xAB8C, 0x7A49, 0xDD73, 0xFE95, 0xFE95, 0xFE95, 0xFE96,
  0xFE95, 0xE5D4, 0x6A29, 0x59A8, 0x61C8, 0x59C8, 0x59A7, 0x59C7,
  0x59A8, 0x5147, 0x59C8, 0x61C8, 0xA32D, 0xB38E, 0x92AB, 0x8249,
  0x7A29, 0x61A8, 0x61C8, 0x59A8, 0xBD13, 0xFF5B, 0xFF7B, 0xFF7B,
  0xCDD7, 0x5987, 0xBB4C, 0xC30B, 0xBB0B, 0xAAEC, 0x5967, 0x4147,
  0x4967, 0x7209, 0xBBCF, 0x8AAA, 0x6A2A, 0x4949, 0x4928, 0x726D,
  0x5149, 0x4928, 0x4908, 0x4928, 0x4928, 0x4928, 0x4928, 0x6A6B,
  0xD5B4, 0xD5B2, 0xD5F5, 0xF719, 0xDE34, 0xEE33, 0xEE11, 0xF631,
  0xF632, 0xF632, 0xEE32, 0xE5D2, 0xCD73, 0xDDF6, 0x92CD, 0x5127,
  0x7B2D, 0xC534, 0xD596, 0x724B, 0x59A8, 0xC4F2, 0xF677, 0xFE76,
  0xFE76, 0xFE95, 0xFE96, 0xFE95, 0xDD94, 0x4947, 0x628A, 0xDED5,
  0xEF56, 0xEF56, 0xE735, 0xE756, 0xB5F1, 0x5B06, 0x4AA6, 0xC676,
  0xEF9B, 0xF7BC, 0xEF5C, 0xCE79, 0xF79C, 0xFF9C, 0xFFBC, 0xFFBC,
  0xFFBC, 0xFFBC, 0xFFBC, 0xFFBC, 0xFFBC, 0xFFBB, 0xFFBB, 0xFFBB,
  0xFF7B, 0xFF7B, 0xFF7B, 0xFF7B, 0xFF7B, 0xFF7B, 0xFF9B, 0xFF9B,
  0xFF9B, 0xFF9B, 0xFF9B, 0xF79C, 0xD699, 0xE71B, 0xF79C, 0xF79B,
  0xF79B, 0xFF9B, 0xFF9B, 0xFF9B, 0xF7BB, 0xF7BB, 0xF7BB, 0xF7BC,
  0xB6BB, 0x6557, 0x5559, 0x5558, 0x5558, 0x4B50, 0x3128, 0x3928,
  0x4106, 0x8A6B, 0xB2EC, 0xB2EB, 0xBB0C, 0xB2EC, 0xB2EB, 0xB2EB,
  0xB2EB, 0xB2EB, 0xB2EB, 0xB2EB, 0x71E9, 0x61C9, 0x6A09, 0x6A09,
  0x6A09, 0x6A09, 0x7209, 0x6A09, 0x6A09, 0x6A09, 0x6A09, 0x6A09,
  0x6A09, 0x6A09, 0x6A09, 0x6A2A, 0x5966, 0x8A49, 0xBB0C, 0x7A09,
  0x69E9, 0x69E9, 0x8A8A, 0xC38E, 0xAB6C, 0x6186, 0x924A, 0xB2EB,
  0xBB0B, 0xBB0B, 0xAB0C, 0x5968, 0x38E7, 0x3908, 0x4147, 0x4927,
  0x6A0A, 0x59A9, 0x61C9, 0x69E9, 0x61C8, 0x61C8, 0x5167, 0x5967,
  0x61C7, 0x61C8, 0x61C8, 0x61C8, 0x59C8, 0xACD3, 0xFFBE, 0xF7DE,
  0xF7FE, 0xF7BD, 0xDE58, 0x6208, 0x59A8, 0x3927, 0x40E6, 0x79E9,
  0xAB0D, 0x5147, 0x61E9, 0x6A09, 0x7A49, 0xAB6C, 0xAB6A, 0xAB8A,
  0xAB6A, 0xAB8A, 0xAB8A, 0xAB8A, 0xAB8A, 0xAB8A, 0xAB8A, 0xAB8A,
  0xAB8A, 0xAB8A, 0xAB8A, 0xAB8A, 0xAB8A, 0xAB6A, 0xAB6A, 0xAB6A,
  0xAB8B, 0x930B, 0x828A, 0xEE35, 0xFE95, 0xFE95, 0xFE95, 0xFE76,
  0xFE75, 0xD573, 0x61C8, 0x61C8, 0x61C8, 0x59C8, 0x59A7, 0x59C7,
  0x59A8, 0x5168, 0x59C8, 0x61C8, 0xA32D, 0xB3AE, 0x92AB, 0x824A,
  0x7A29, 0x61A8, 0x61A8, 0x59A8, 0xBD34, 0xFF7B, 0xFF7B, 0xFF7B,
  0xCDD6, 0x59A7, 0xC3CD, 0xC30A, 0xBB0B, 0x9A8B, 0x4926, 0x4988,
  0x51A8, 0x69E9, 0xAB2D, 0x9AEB, 0x5127, 0x4928, 0x4949, 0x728D,
  0x4928, 0x4928, 0x4928, 0x4928, 0x4928, 0x4928, 0x4908, 0x5148,
  0xA3CF, 0xFEFA, 0xEE99, 0xA3EF, 0xE697, 0xD5B2, 0xF633, 0xF632,
  0xF613, 0xEE33, 0xDDF3, 0xD5F5, 0xEE57, 0x92AA, 0xBAAC, 0x920A,
  0x5988, 0x61E9, 0x61C9, 0x40E5, 0xA3CF, 0xF676, 0xFE95, 0xFE95,
  0xFE76, 0xFE75, 0xFE95, 0xFE76, 0xBCB1, 0x4967, 0xA471, 0xF758,
  0xEF78, 0xEF98, 0xC694, 0x5B48, 0x3244, 0x4AA7, 0xD6B7, 0xF7BC,
  0xFFBC, 0xF7BC, 0xEF7C, 0xD678, 0xF77C, 0xF79C, 0xFFBC, 0xFFBC,
  0xFFBC, 0xFFBC, 0xFFBC, 0xFFBC, 0xFFBC, 0xFFBC, 0xFFBC, 0xFFBC,
  0xFF7B, 0xFF7B, 0xFF7B, 0xFF7B, 0xFF7B, 0xFF7B, 0xFF9B, 0xFF9B,
  0xFF9B, 0xFF9B, 0xFF9B, 0xF79C, 0xD698, 0xE71A, 0xF79C, 0xFF9B,
  0xFF9B, 0xFF9B, 0xFF9B, 0xFF9B, 0xFFBB, 0xFFBB, 0xFFBB, 0xF79B,
  0xDF7C, 0x75D9, 0x5559, 0x5558, 0x5558, 0x5C34, 0x3949, 0x3907,
  0x4947, 0xA2EC, 0xB2EB, 0xB2EB, 0xB2EB, 0xB2EC, 0xB2EB, 0xB2EB,
  0xB2EB, 0xB2EB, 0xB30B, 0xB2EB, 0x8A4A, 0x5167, 0x6A09, 0x6A09,
  0x6A09, 0x6A09, 0x7209, 0x6A09, 0x6A09, 0x6A09, 0x6A09, 0x6A09,
  0x6A09, 0x7209, 0x6A09, 0x6209, 0x69C8, 0xAAEB, 0xBB2C, 0x69E8,
  0x61E9, 0x7209, 0xA30C, 0xBBAE, 0x8269, 0x69A8, 0xB30C, 0xBB0B,
  0xBB0B, 0xBB0C, 0x822A, 0x4107, 0x3908, 0x4148, 0x6A8C, 0x5188,
  0x61E9, 0x4927, 0x61E9, 0x61C8, 0x61C8, 0x59A8, 0x5147, 0x59A8,
  0x61C8, 0x61C8, 0x61C8, 0x61C8, 0x59C8, 0xC5B6, 0xF7BD, 0xFFDE,
  0xF7DE, 0xFFDE, 0xFFBD, 0x9C51, 0x59E9, 0x4988, 0x4127, 0x40E6,
  0x8A6B, 0x5967, 0x69E9, 0x6A09, 0x7A29, 0xAB6C, 0xAB6A, 0xAB8A,
  0xAB6A, 0xAB8A, 0xAB8A, 0xAB8A, 0xAB8A, 0xAB8A, 0xAB8A, 0xAB8A,
  0xAB8A, 0xAB8A, 0xAB8A, 0xAB8A, 0xAB8A, 0xAB8A, 0xAB8A, 0xB38A,
  0xAB6B, 0x69E7, 0xAC0F, 0xFE76, 0xFE75, 0xFE95, 0xFE95, 0xFE76,
  0xF676, 0xBCB1, 0x5987, 0x61C8, 0x61C8, 0x59A8, 0x59A7, 0x59C8,
  0x5988, 0x5168, 0x61C8, 0x61E8, 0xA36D, 0xB3AE, 0x9ACB, 0x8249,
  0x7A49, 0x61A8, 0x61A8, 0x51A8, 0xCDD6, 0xFF7B, 0xFF7B, 0xFF7B,
  0xBD54, 0x7269, 0xDCCF, 0xC36A, 0xBB2C, 0x71E9, 0x4126, 0x4968,
  0x4947, 0x61A8, 0x9ACC, 0xBBEE, 0x7229, 0x40E7, 0x59CA, 0x598A,
  0x4928, 0x4928, 0x4928, 0x4928, 0x4928, 0x4128, 0x4128, 0x5928,
  0x8A0A, 0xAAEC, 0xAAAB, 0xBACC, 0xB3CE, 0xE616, 0xDDB3, 0xE655,
  0xD5B3, 0xBD11, 0xDE16, 0xC472, 0x9A4A, 0xC2AC, 0xCA8B, 0xC2AC,
  0x6167, 0x4148, 0x5148, 0x9B8E, 0xF656, 0xFE75, 0xFE95, 0xFE95,
  0xFE75, 0xFE75, 0xFE95, 0xFE76, 0x9BAF, 0x4947, 0x6AEA, 0x73EB,
  0x52E7, 0x3224, 0x3244, 0x4AC7, 0x848F, 0xEFBB, 0xF7BC, 0xFF9B,
  0xFFBB, 0xF7BC, 0xEF7C, 0xD678, 0xEF7B, 0xF7BC, 0xFFBC, 0xFFBC,
  0xFFBC, 0xFFBC, 0xFFBC, 0xFFBC, 0xFFBC, 0xFFBC, 0xFFBC, 0xFFBC,
  0xFF7B, 0xFF7B, 0xFF7B, 0xFF7B, 0xFF7B, 0xFF7B, 0xFF9B, 0xFF9B,
  0xFF9B, 0xFF9B, 0xFF9B, 0xF79C, 0xD699, 0xE71A, 0xF79C, 0xFF9B,
  0xFF9B, 0xFF9B, 0xFF9B, 0xFF9B, 0xFFBB, 0xFFBB, 0xFFBB, 0xF79B,
  0xD75C, 0x6DB8, 0x5558, 0x5558, 0x5538, 0x53F3, 0x3949, 0x3927,
  0x69C9, 0xAAEC, 0xB2EB, 0xB2EB, 0xB2EB, 0xB2EC, 0xB2EB, 0xB2EB,
  0xB2EB, 0xB2EB, 0xB30B, 0xB2EB, 0x9AAC, 0x4906, 0x6A0A, 0x6A09,
  0x6A09, 0x6A09, 0x6A09, 0x6A09, 0x6A09, 0x6A09, 0x6A09, 0x6A09,
  0x6A09, 0x69E9, 0x6A0A, 0x5167, 0x92AB, 0xB30C, 0xAB0C, 0x61A7,
  0x69E9, 0x7A29, 0xB34E, 0xB34D, 0x69A7, 0x9AAB, 0xB30B, 0xB2EB,
  0xBB0B, 0xAAEC, 0x5947, 0x3907, 0x3907, 0x6A6B, 0x7ACD, 0x59C9,
  0x59A8, 0x4126, 0x6A4A, 0x59A7, 0x61C8, 0x5167, 0x5167, 0x59A8,
  0x61C8, 0x61C8, 0x61C8, 0x59C8, 0x59C8, 0x93CF, 0xEF3C, 0xFFDE,
  0xF7BE, 0xF7BD, 0xFFDE, 0xE6DB, 0x72EC, 0x51C8, 0x59EA, 0x4107,
  0x61A8, 0x61C8, 0x61C9, 0x6A09, 0x7A29, 0xAB4C, 0xAB6A, 0xAB8A,
  0xAB6A, 0xAB8A, 0xAB8A, 0xAB8A, 0xAB8A, 0xAB8A, 0xAB8A, 0xAB8A,
  0xAB8A, 0xAB8A, 0xAB8A, 0xAB8A, 0xAB8A, 0xAB8A, 0xAB6A, 0xAB6A,
  0x9B0A, 0x69E8, 0xEDF5, 0xFE75, 0xFE76, 0xFE95, 0xFE95, 0xFE76,
  0xFE96, 0xA3EF, 0x61A8, 0x61C7, 0x61A8, 0x59A7, 0x59C7, 0x61E8,
  0x59A8, 0x59A8, 0x61A8, 0x69E8, 0xAB6D, 0xBBAE, 0x9AEB, 0x8249,
  0x8249, 0x61C8, 0x61C8, 0x5187, 0xDE79, 0xFF7B, 0xFF5A, 0xFF7B,
  0xA471, 0x938D, 0xED91, 0xCBAB, 0xB30B, 0x5926, 0x4147, 0x51A9,
  0x5188, 0x59A8, 0x8A8B, 0xBBCD, 0x71E8, 0x4948, 0x5189, 0x4908,
  0x4907, 0x4907, 0x4107, 0x4108, 0x4128, 0x41EB, 0x528D, 0x5169,
  0x91C9, 0xC2AC, 0xCA8B, 0xD28B, 0xB28B, 0xBBEF, 0xCD34, 0xCD53,
  0xCD13, 0xC471, 0x924A, 0xAA2B, 0xD2AC, 0xD28B, 0xD28B, 0xCA8C,
  0x7168, 0x4927, 0x7A8B, 0xE5D5, 0xFE75, 0xFE75, 0xFE95, 0xFE95,
  0xFE95, 0xFE75, 0xFE96, 0xF656, 0x726B, 0x4127, 0x4A48, 0x4B08,
  0x6BCB, 0x740C, 0x9510, 0xDF39, 0xF7BC, 0xFFBC, 0xFFBC, 0xFFBB,
  0xFFBB, 0xF7BC, 0xEF5C, 0xD678, 0xEF7B, 0xF7BC, 0xFFBB, 0xFFBC,
  0xFFBC, 0xFFBC, 0xFFBC, 0xFFBC, 0xFFBC, 0xFFBC, 0xFFBC, 0xFFBC,
  0xFF7B, 0xFF7B, 0xFF9B, 0xFF7B, 0xFF7B, 0xFF7B, 0xFF9B, 0xFF9B,
  0xF79B, 0xFF9B, 0xFF9B, 0xF79C, 0xD699, 0xE71B, 0xF79B, 0xF79B,
  0xF7BC, 0xFF9B, 0xFF9C, 0xFF9B, 0xFFBB, 0xFFBB, 0xF7BB, 0xF79B,
  0xBEFB, 0x6558, 0x5559, 0x5558, 0x5538, 0x4B71, 0x3908, 0x4107,
  0x71E9, 0xAAEC, 0xB2EB, 0xB2EB, 0xB2EB, 0xB2EB, 0xB2EB, 0xB2EC,
  0xB2EC, 0xB2EB, 0xB2EB, 0xB2EB, 0xAAEC, 0x5947, 0x61A9, 0x6A09,
  0x6A09, 0x6A09, 0x6A09, 0x6A09, 0x6A09, 0x6A09, 0x6A09, 0x6A09,
  0x6A09, 0x6A0A, 0x69E9, 0x6187, 0xAB0C, 0xB30B, 0x92AB, 0x5987,
  0x6A09, 0x824A, 0xB38F, 0x824B, 0x79E8, 0xB30C, 0xBB0B, 0xB30B,
  0xBB0C, 0x9AAB, 0x4907, 0x3908, 0x4167, 0xA411, 0x72AC, 0x59A8,
  0x5168, 0x5168, 0x724A, 0x61C8, 0x5988, 0x4947, 0x59C9, 0x59A8,
  0x59C8, 0x61C8, 0x61C8, 0x59C8, 0x59C8, 0x6229, 0xCE18, 0xFFBE,
  0xFFDE, 0xFFDE, 0xFFDE, 0xFFBE, 0x9C31, 0x51A7, 0x72AC, 0x51A8,
  0x4946, 0x61E8, 0x61C9, 0x6A0A, 0x7229, 0xA32C, 0xAB6B, 0xAB8A,
  0xAB8A, 0xAB8A, 0xAB8A, 0xAB8A, 0xAB8A, 0xAB8A, 0xAB8A, 0xAB8A,
  0xAB8A, 0xAB8A, 0xAB8A, 0xAB8A, 0xAB8A, 0xAB8B, 0xAB6A, 0xAB6B,
  0x8A89, 0x9B8D, 0xFE76, 0xFE95, 0xFE95, 0xFE95, 0xFE95, 0xFE96,
  0xF677, 0x8B0C, 0x61A8, 0x61A8, 0x61A8, 0x59A7, 0x61E8, 0x7228,
  0x61A8, 0x69E8, 0x61A7, 0x69E8, 0xAB8D, 0xBBAE, 0xA32C, 0x8249,
  0x8249, 0x61C8, 0x61C8, 0x5187, 0xEEFB, 0xFF7B, 0xFF7A, 0xFF5B,
  0x8B6D, 0xC4F1, 0xF5B1, 0xCB8B, 0xAAEC, 0x4906, 0x4948, 0x61C9,
  0x59A9, 0x5988, 0x824A, 0xAB6D, 0x6187, 0x59A9, 0x61A8, 0x7A2B,
  0x826A, 0x92CA, 0x6A09, 0x4128, 0x418A, 0x7454, 0x8537, 0x5A8D,
  0x81C9, 0xC28C, 0xD28B, 0xD28B, 0xBA4A, 0xB28B, 0xAA8B, 0xAAAC,
  0xAA4B, 0xBA6B, 0xBA4B, 0xC26C, 0xD2AC, 0xD28B, 0xD28B, 0xC2AC,
  0x6968, 0x59A8, 0xC4D2, 0xFE76, 0xFE75, 0xFE95, 0xFE95, 0xFE95,
  0xFE95, 0xFE75, 0xFE96, 0xDDB5, 0x5168, 0x59E9, 0xBDB5, 0xC656,
  0xE719, 0xEFBB, 0xF7DB, 0xFFBB, 0xFFBC, 0xFFBC, 0xFFBC, 0xFFBB,
  0xFFBC, 0xFFBC, 0xEF5C, 0xD678, 0xEF7C, 0xFFBC, 0xFFBB, 0xFFBC,
  0xFFBC, 0xFFBC, 0xFFBC, 0xFFBC, 0xFFBC, 0xFFBC, 0xFFBC, 0xFFBC,
  0xFF7B, 0xFF7B, 0xFF7B, 0xFF7B, 0xFF7B, 0xFF9B, 0xFF9B, 0xFF9B,
  0xF77B, 0xF77B, 0xFF9B, 0xF79C, 0xD699, 0xE71A, 0xF79B, 0xDF3A,
  0xCEFA, 0xF7BC, 0xF7BC, 0xF79B, 0xFFBC, 0xFFBB, 0xFF9B, 0xF7BC,
  0xA659, 0x5D38, 0x5558, 0x5558, 0x5D58, 0x4B50, 0x3908, 0x4107,
  0x8209, 0xAAEC, 0xB2EB, 0xB2EB, 0xB2EB, 0xB2EB, 0xB2EB, 0xB2EB,
  0xB2EB, 0xB2EB, 0xB2EB, 0xB2EB, 0xB2EC, 0x7A09, 0x5147, 0x6A0A,
  0x6A09, 0x6A09, 0x6A09, 0x6A09, 0x6A09, 0x6A09, 0x6A09, 0x6A09,
  0x6A09, 0x6A0A, 0x5987, 0x8A4A, 0xB2EC, 0xB30C, 0x69A8, 0x61C9,
  0x6A09, 0x9ACC, 0x92AC, 0x5926, 0x9A8B, 0xB2EB, 0xBB0B, 0xB30B,
  0xB30C, 0x7209, 0x40E6, 0x3907, 0x72AC, 0xB492, 0x6A4B, 0x59C9,
  0x4947, 0x620A, 0x6A2A, 0x61A8, 0x5147, 0x5988, 0x61A8, 0x61C8,
  0x59C8, 0x61C8, 0x61C8, 0x59C8, 0x59C8, 0x51A7, 0x834D, 0xEF1B,
  0xFFDE, 0xFFDE, 0xFFFE, 0xFFBD, 0x93F0, 0x59C8, 0x5A09, 0x93B0,
  0x4946, 0x61E9, 0x61C9, 0x6A0A, 0x7209, 0xA32C, 0xAB6B, 0xAB8A,
  0xAB8A, 0xAB8A, 0xAB8A, 0xAB8A, 0xAB8A, 0xAB8A, 0xAB8A, 0xAB8A,
  0xAB8A, 0xAB8A, 0xAB8A, 0xAB8A, 0xAB6A, 0xAB6A, 0xAB6A, 0xA34B,
  0x7A28, 0xE5B5, 0xFE96, 0xFE95, 0xFE95, 0xFE95, 0xFE95, 0xFE75,
  0xF677, 0x6A08, 0x61A8, 0x61A7, 0x59C8, 0x59A7, 0x6A08, 0x7228,
  0x6187, 0x7208, 0x7208, 0x7229, 0xB38D, 0xBBCE, 0xA30B, 0x8249,
  0x7A49, 0x61C7, 0x59A8, 0x6A4A, 0xFF7C, 0xFF7B, 0xFF7B, 0xF73B,
  0x8B2C, 0xF656, 0xED71, 0xCB4A, 0x928A, 0x4107, 0x4948, 0x61EA,
  0x5189, 0x5168, 0x7A09, 0x9AEC, 0x5967, 0x69EA, 0x6A09, 0xAB4E,
  0xB36B, 0xD46E, 0x7A49, 0x4928, 0x528E, 0x8599, 0x7DB9, 0x6391,
  0x71CA, 0xC28C, 0xD28C, 0xD2AB, 0xBA4A, 0xBA4A, 0xD28B, 0xD28C,
  0xD2AC, 0xD2AC, 0xC26B, 0xC24B, 0xD28B, 0xD28B, 0xCAAC, 0x920A,
  0x5127, 0xA3CF, 0xF656, 0xFE75, 0xFE75, 0xFE95, 0xFE95, 0xFE95,
  0xFE95, 0xFE75, 0xF676, 0xABEF, 0x4927, 0x93D0, 0xFF9C, 0xF79B,
  0xFFBB, 0xF7BC, 0xF7BC, 0xFFBC, 0xFFBC, 0xFFBC, 0xFFBC, 0xFFBC,
  0xF7BC, 0xFFBC, 0xEF5B, 0xCE78, 0xF77C, 0xFFBC, 0xFFBC, 0xFFBC,
  0xFFBC, 0xFFBC, 0xFFBC, 0xFFBC, 0xFFBC, 0xFFBC, 0xFFBC, 0xFFBC,
  0xF77B, 0xFF7B, 0xFF7B, 0xFF7B, 0xFF7B, 0xFF9B, 0xFF9B, 0xFF9B,
  0xF79B, 0xFF9B, 0xFF9B, 0xFF9C, 0xD699, 0xE71A, 0xF79B, 0xD71B,
  0x9DD8, 0xA618, 0xE77C, 0xF79B, 0xF7BC, 0xFFBC, 0xFFBB, 0xF7BC,
  0x9619, 0x5538, 0x5558, 0x5558, 0x5D58, 0x4310, 0x3908, 0x4907,
  0x9AAC, 0xB2EC, 0xB2EB, 0xB2EB, 0xB2EB, 0xB2EB, 0xB2EB, 0xB2EB,
  0xB2EB, 0xB2EC, 0xB2EC, 0xB2EC, 0xB2EC, 0xAAEC, 0x5147, 0x61E9,
  0x6A09, 0x6A09, 0x6A09, 0x6A09, 0x6A09, 0x6A09, 0x6A09, 0x6A09,
  0x69E9, 0x5167, 0x69A7, 0xAACC, 0xBB0C, 0xAB0C, 0x5127, 0x6A0A,
  0x7209, 0xA34E, 0x6187, 0x71C8, 0xB30D, 0xBB0C, 0xBB0B, 0xBB0B,
  0xAAEC, 0x5968, 0x3907, 0x5189, 0xA431, 0xB451, 0x61E9, 0x61E9,
  0x4947, 0x7AAC, 0x59A8, 0x5167, 0x5167, 0x61C8, 0x61A8, 0x61E9,
  0x59C8, 0x61C8, 0x59C8, 0x61E8, 0xAC72, 0x9BF0, 0x59A7, 0x6A8A,
  0xEF1B, 0xFFBE, 0xFFDE, 0xDEBA, 0x626A, 0x59A8, 0x4987, 0x9C10,
  0x6A6B, 0x5168, 0x61E9, 0x6A09, 0x7209, 0x9B0C, 0xAB6B, 0xAB8A,
  0xAB8A, 0xAB8A, 0xAB8A, 0xAB8A, 0xAB8A, 0xAB8A, 0xAB8A, 0xAB8A,
  0xAB8A, 0xAB8A, 0xAB8A, 0xAB8A, 0xAB6A, 0xAB6A, 0xAB6A, 0x930B,
  0x828A, 0xF676, 0xFE96, 0xFE95, 0xFE95, 0xFE95, 0xFE95, 0xFE96,
  0xE615, 0x59A7, 0x61C8, 0x59C7, 0x59C8, 0x61C7, 0x7228, 0x7208,
  0x6186, 0x7A28, 0x7208, 0x8AAB, 0xB3AE, 0xBBCE, 0x9B0B, 0x8269,
  0x7A29, 0x61A7, 0x59A7, 0x9C10, 0xFF5B, 0xFF7B, 0xFF7B, 0xDE98,
  0xCD33, 0xF656, 0xE52F, 0xBB2A, 0x79E9, 0x3907, 0x4948, 0x6A0A,
  0x4947, 0x5168, 0x7209, 0x8AAB, 0x5967, 0x69E9, 0x7209, 0xBBAE,
  0xC3CB, 0xD48E, 0x5966, 0x4969, 0x7C74, 0x8DFA, 0x7DDA, 0x7474,
  0x4928, 0x9A0B, 0xCA8C, 0xD28C, 0xBA4A, 0xBA4A, 0xD28B, 0xD28B,
  0xD28B, 0xD28B, 0xC26B, 0xBA4A, 0xD28B, 0xCAAC, 0x91EA, 0x50E7,
  0x724A, 0xF656, 0xFE75, 0xFE75, 0xFE75, 0xFE95, 0xFE95, 0xFE95,
  0xFE95, 0xFE95, 0xF676, 0x7229, 0x4948, 0xE6DA, 0xFF9B, 0xF79B,
  0xFFBC, 0xFFBC, 0xFFBC, 0xFFBC, 0xFFBC, 0xFFBC, 0xFFBC, 0xFFBC,
  0xFFBC, 0xFFBC, 0xEF7B, 0xCE98, 0xF79C, 0xFFBC, 0xFFBC, 0xFFBC,
  0xFFBC, 0xFFBC, 0xFFBC, 0xFFBC, 0xFFBC, 0xFFBC, 0xFFBC, 0xFFBC,
  0xF77B, 0xFF7B, 0xFF7B, 0xF75B, 0xF75B, 0xF77B, 0xF77B, 0xFF9B,
  0xFF9B, 0xFF9B, 0xFF9B, 0xFF9C, 0xD6B9, 0xE71A, 0xF77B, 0xD71B,
  0xA67B, 0x8DB9, 0xAE5A, 0xDF5C, 0xF79C, 0xFF9C, 0xF79B, 0xEF9C,
  0x8E19, 0x5558, 0x5558, 0x5559, 0x5559, 0x4310, 0x3928, 0x4907,
  0x9AAB, 0xB2EB, 0xB2EB, 0xB2EB, 0xB2EB, 0xB2EB, 0xB2EB, 0xB2EB,
  0xB2EB, 0xB2EB, 0xB2EB, 0xB2CB, 0xB30C, 0xB2EC, 0x69A8, 0x59A8,
  0x6A09, 0x6A09, 0x6A09, 0x6A09, 0x6A09, 0x6A09, 0x6A09, 0x6A09,
  0x61E9, 0x4106, 0x9ACC, 0xB30C, 0xBAEC, 0x92AB, 0x5147, 0x7209,
  0x92AB, 0x8AAC, 0x6187, 0xA30C, 0xB30C, 0xBB0B, 0xBB0B, 0xBAEB,
  0xA2CC, 0x4927, 0x3907, 0x728B, 0xB4B2, 0xAC51, 0x59E9, 0x61EA,
  0x5147, 0x82CD, 0x5988, 0x5167, 0x61A8, 0x61A8, 0x7229, 0x6A09,
  0x59C8, 0x61C8, 0x61C8, 0x61E8, 0x9C10, 0x93CF, 0x59A8, 0x61C8,
  0x6A29, 0x830C, 0x936E, 0x6208, 0x59C7, 0x59C8, 0x5187, 0x7ACC,
  0x936F, 0x4906, 0x61E9, 0x6A09, 0x6A09, 0x92EC, 0xB36C, 0xAB6A,
  0xAB8A, 0xAB8A, 0xAB8A, 0xAB8A, 0xAB8A, 0xAB8A, 0xAB8A, 0xAB8A,
  0xAB8A, 0xAB8A, 0xAB8A, 0xAB8A, 0xAB6A, 0xAB6A, 0xAB8A, 0x7228,
  0xB430, 0xF656, 0xFE95, 0xFE95, 0xFE95, 0xFE95, 0xFE95, 0xFE75,
  0xBCB1, 0x59A7, 0x6A29, 0x61A7, 0x59C7, 0x69E7, 0x7A48, 0x69E8,
  0x69A7, 0x7A28, 0x7208, 0x9B0C, 0xBBCE, 0xB3AE, 0x92CB, 0x8269,
  0x7A29, 0x61C8, 0x51A7, 0xBD34, 0xFF7B, 0xFF7B, 0xF75B, 0xEED8,
  0xF657, 0xF655, 0xDCCE, 0xBB0B, 0x69A9, 0x4128, 0x59A9, 0x59C9,
  0x4948, 0x5168, 0x7209, 0x71E9, 0x61A8, 0x6A09, 0x8A6A, 0xBB8D,
  0xCBEC, 0xAB6B, 0x5127, 0x4169, 0x8D57, 0x8DFA, 0x7DD9, 0x6C34,
  0x4149, 0x5927, 0xA28B, 0xC28B, 0xC26B, 0xC28C, 0xD28C, 0xD28C,
  0xD28B, 0xCA8B, 0xBA8B, 0xAA6A, 0xB2AC, 0x81EA, 0x48E7, 0x5148,
  0xBC71, 0xF675, 0xFE95, 0xFE75, 0xFE95, 0xFE95, 0xFE95, 0xFE95,
  0xFE95, 0xFE75, 0xE5D4, 0x5147, 0x622A, 0xEF1B, 0xF79B, 0xFF9B,
  0xFFBC, 0xFFBC, 0xFFBC, 0xFFBB, 0xFFBB, 0xFFBC, 0xF7BC, 0xF7BC,
  0xF7BC, 0xEF9C, 0xE77C, 0xC678, 0xEF7C, 0xF79C, 0xF7BC, 0xFFBC,
  0xFFBC, 0xFFBC, 0xFFBC, 0xFFBC, 0xFFBC, 0xFFBC, 0xFFBC, 0xFFBC,
  0xF77B, 0xFF7B, 0xFF7B, 0xF75B, 0xF73A, 0xF77B, 0xF77B, 0xFF9B,
  0xFF9B, 0xFF9B, 0xFF9B, 0xF79C, 0xD6B8, 0xE71A, 0xF79B, 0xD71B,
  0x9E3B, 0x85BA, 0x963A, 0x9DF9, 0xC6DB, 0xEF9C, 0xF7BC, 0xE77C,
  0x7D97, 0x5559, 0x5558, 0x5559, 0x5538, 0x4351, 0x3928, 0x4927,
  0x9AAB, 0xB2EB, 0xB2EB, 0xB2EB, 0xB2EB, 0xB2EB, 0xBB2C, 0xB30C,
  0xB2EB, 0xB2EB, 0xB2EB, 0xB2EB, 0xB2EB, 0xB2EC, 0x8A4A, 0x5147,
  0x6A2A, 0x6A09, 0x7209, 0x6A09, 0x6A09, 0x6A09, 0x6A09, 0x6A09,
  0x61E9, 0x4967, 0xA2EC, 0xB2EB, 0xB30C, 0x79E9, 0x69E9, 0x7A2A,
  0xA32D, 0x6187, 0x8A6A, 0xB30C, 0xBB0B, 0xBB0B, 0xBB0B, 0xBAEB,
  0x928B, 0x4107, 0x3907, 0x8B4E, 0xB4B2, 0xA430, 0x59C9, 0x59C9,
  0x59A8, 0x6A4A, 0x5167, 0x5167, 0x61C8, 0x69E8, 0x7A6A, 0x69E8,
  0x59C8, 0x61C8, 0x59C8, 0x61C8, 0x59A7, 0x59A7, 0x61A8, 0x61C8,
  0x69E9, 0x8AAB, 0x824A, 0x7209, 0x61C8, 0x59C8, 0x51A7, 0x51C8,
  0xA432, 0x5167, 0x59A8, 0x6A09, 0x7209, 0x92AB, 0xB38C, 0xAB6A,
  0xAB6A, 0xAB8A, 0xAB8A, 0xAB8A, 0xAB8A, 0xAB8A, 0xAB8A, 0xAB8A,
  0xAB8A, 0xAB8A, 0xAB8A, 0xAB8A, 0xAB6A, 0xAB6A, 0x930A, 0x69E8,
  0xDD74, 0xFE96, 0xFE95, 0xFE95, 0xFE95, 0xFE95, 0xFE95, 0xFE96,
  0xA3EE, 0x59A8, 0x7A8B, 0x7229, 0x59A7, 0x7228, 0x7A28, 0x69A7,
  0x71E8, 0x7A28, 0x79E7, 0xAB6D, 0xBBCE, 0xB38D, 0x92AA, 0x8249,
  0x7209, 0x61A8, 0x6209, 0xD638, 0xFF7B, 0xFF7B, 0xFF7B, 0xF6F8,
  0xFE96, 0xF654, 0xDC6D, 0xB30B, 0x5147, 0x4107, 0x61C9, 0x5188,
  0x61C9, 0x5147, 0x6A0A, 0x5968, 0x69C9, 0x6A09, 0x9ACB, 0xBB8D,
  0xD44D, 0x8248, 0x5128, 0x528D, 0x8DD9, 0x85D9, 0x7DD9, 0x6BF3,
  0x4149, 0x51A8, 0xBC70, 0xB36D, 0xB30C, 0xB2EC, 0xAA4B, 0xAA4A,
  0xB28A, 0xB2CB, 0xC3EE, 0xC430, 0x92ED, 0x4928, 0x4927, 0x6A09,
  0xE5D5, 0xFE75, 0xFE75, 0xFE75, 0xFE95, 0xFE95, 0xFE95, 0xFE95,
  0xFE95, 0xFE76, 0xC4D2, 0x5127, 0x7B2E, 0xF75B, 0xFF9B, 0xFF9B,
  0xFFBC, 0xFFBC, 0xF7BC, 0xF7BC, 0xF7BC, 0xD75C, 0xB6BB, 0xAEDC,
  0xA69B, 0xAEBB, 0xAE9B, 0xA639, 0xD73C, 0xEFBC, 0xF7BC, 0xFFBB,
  0xFFBC, 0xFFBC, 0xFFBC, 0xFFBC, 0xFFBC, 0xFFBC, 0xFFBC, 0xFFBC,
  0xF77B, 0xFF7B, 0xFF7B, 0xFF7B, 0xFF7B, 0xF77B, 0xF77B, 0xFF9B,
  0xFF9B, 0xFF9B, 0xFF9B, 0xF79C, 0xD6B9, 0xE6FA, 0xF79B, 0xD73B,
  0x9E3A, 0x85BA, 0x8E1A, 0x85D9, 0x95F9, 0xBE9A, 0xE75C, 0xEFBD,
  0x85F9, 0x5558, 0x5558, 0x5558, 0x4D18, 0x4391, 0x3128, 0x4927,
  0x9ACB, 0xB30B, 0xB2EB, 0xB2EB, 0xB2EB, 0xB2EB, 0xB2EB, 0xB2EB,
  0xB2EC, 0xAACB, 0xAAEC, 0xAACB, 0xAAEC, 0xB2EB, 0xA2CB, 0x5167,
  0x61E9, 0x6A09, 0x7209, 0x6A09, 0x6A09, 0x6A09, 0x6A09, 0x6A09,
  0x69E9, 0x4926, 0x9AAB, 0xB2EB, 0xAB0C, 0x69A8, 0x6A29, 0x828B,
  0x7A4A, 0x69A7, 0xAAEC, 0xB30C, 0xBB0B, 0xBB0B, 0xBB0B, 0xB30C,
  0x824A, 0x3907, 0x4127, 0xA410, 0xB4B2, 0x93AE, 0x5188, 0x59A9,
  0x61E9, 0x5987, 0x5167, 0x59A8, 0x61C8, 0x7229, 0x828A, 0x61C8,
  0x61C8, 0x59C8, 0x61A8, 0x61C8, 0x59A8, 0x61A8, 0x61C8, 0x59A7,
  0x69E8, 0x8AAB, 0x824A, 0x7A49, 0x61E8, 0x59C8, 0x51A8, 0x5187,
  0xA411, 0x728B, 0x5167, 0x6A09, 0x7209, 0x8A8B, 0xBBAD, 0xAB6A,
  0xAB6A, 0xAB8A, 0xAB8A, 0xAB8A, 0xAB8A, 0xAB8A, 0xAB8A, 0xAB8A,
  0xAB8A, 0xAB8A, 0xAB8A, 0xAB8A, 0xAB6A, 0xA36A, 0x7A49, 0x9B8D,
  0xF676, 0xFE75, 0xFE95, 0xFE95, 0xFE95, 0xFE95, 0xFE95, 0xFE76,
  0x938C, 0x59A8, 0x7A6A, 0x9B2D, 0x69E8, 0x7228, 0x7A28, 0x69A7,
  0x7A09, 0x7A08, 0x8A69, 0xB3AE, 0xB3AE, 0xAB6D, 0x8A6A, 0x824A,
  0x69E8, 0x61A8, 0x72AC, 0xEEDA, 0xFF7B, 0xFF7B, 0xFF7A, 0xF6F8,
  0xF675, 0xF633, 0xD40D, 0x9AAB, 0x4106, 0x4948, 0x61E9, 0x5168,
  0x722A, 0x5168, 0x61C9, 0x5148, 0x69E9, 0x7229, 0xAB2D, 0xBB8B,
  0xCC0C, 0x6166, 0x4949, 0x6BF2, 0x7DB9, 0x7DB9, 0x7DDA, 0x6BB2,
  0x4949, 0x59E8, 0xDDD4, 0xF635, 0xD552, 0xD553, 0x7209, 0x9B4D,
  0xC490, 0xD4F1, 0xF635, 0xF656, 0x9BAE, 0x4927, 0x4947, 0xB490,
  0xFE76, 0xFE76, 0xFE95, 0xFE95, 0xFE95, 0xFE95, 0xFE95, 0xFE95,
  0xFE95, 0xFE76, 0xA3AF, 0x4927, 0x9C31, 0xFF9C, 0xFF9B, 0xFF9B,
  0xFFBC, 0xFFBC, 0xF7BC, 0xDF7C, 0xAE9A, 0x7DB8, 0x6537, 0x5D58,
  0x5D37, 0x5D37, 0x5D37, 0x6517, 0x85B8, 0xC71B, 0xFFDC, 0xFFBB,
  0xFFBC, 0xFFBC, 0xFFBC, 0xFFBC, 0xFFBC, 0xFFBC, 0xFFBC, 0xFFBC,
  0xF77B, 0xF77B, 0xF77B, 0xF77B, 0xFF7B, 0xFF7B, 0xFF9B, 0xF79B,
  0xF77B, 0xFF9B, 0xFF9C, 0xF79C, 0xDEB9, 0xDEFA, 0xF77B, 0xD73B,
  0x9E1A, 0x85BA, 0x85DA, 0x85DA, 0x8DFA, 0x95D9, 0xAE3A, 0xCF3D,
  0x85D9, 0x5558, 0x5558, 0x4D38, 0x4D18, 0x4C14, 0x3128, 0x4907,
  0xA2AB, 0xBB0C, 0xB2EB, 0xB2EB, 0xB2EB, 0xB2EB, 0xB2EB, 0xB2EC,
  0x8A29, 0x6947, 0x71C9, 0x6167, 0x79E9, 0xAAED, 0xAAED, 0x71C9,
  0x5168, 0x6A0A, 0x722A, 0x6A09, 0x6A09, 0x6A09, 0x6A09, 0x6A09,
  0x6A09, 0x6A2A, 0x92AB, 0xB30B, 0x9ACC, 0x6188, 0x71E9, 0x8AAB,
  0x6987, 0xA2EC, 0xBB0C, 0xBB0B, 0xBB0B, 0xBB0B, 0xBB0B, 0xB30C,
  0x69C8, 0x3907, 0x51C8, 0xB492, 0xB4B2, 0x830D, 0x59A9, 0x59A9,
  0x61C9, 0x5167, 0x59A8, 0x59A8, 0x69E8, 0x826A, 0x828B, 0x61C8,
  0x61C8, 0x61C8, 0x61C8, 0x61A8, 0x61A8, 0x61A8, 0x61C8, 0x61C8,
  0x61C8, 0x826A, 0x9AEC, 0x826A, 0x71E8, 0x59C7, 0x51C7, 0x51A8,
  0x9BF0, 0xA410, 0x4946, 0x69E9, 0x6A09, 0x826A, 0xBBAD, 0xAB6A,
  0xAB6A, 0xAB8A, 0xAB8A, 0xAB8A, 0xAB8A, 0xAB8A, 0xAB8A, 0xAB8A,
  0xAB6A, 0xAB8A, 0xAB8A, 0xAB6A, 0xAB8A, 0x9B2A, 0x6A08, 0xEDF5,
  0xFE75, 0xFE76, 0xFE95, 0xFE95, 0xFE95, 0xFE95, 0xFE95, 0xFE76,
  0x936C, 0x59A8, 0x7229, 0xB3CF, 0x92CB, 0x7208, 0x7208, 0x69C8,
  0x71E8, 0x8249, 0xB3AE, 0xBBAE, 0xB3AE, 0x9AEB, 0x8249, 0x824A,
  0x61C8, 0x61E8, 0x93CF, 0xF75C, 0xFF7B, 0xFF7B, 0xFF5A, 0xFEB6,
  0xFE75, 0xF5F2, 0xC3AC, 0x8249, 0x4107, 0x61C9, 0x59A9, 0x61C9,
  0x7209, 0x61A8, 0x5148, 0x5988, 0x6A09, 0x826A, 0xBB6D, 0xD40B,
  0xAB4A, 0x5128, 0x41AB, 0x7CF6, 0x7DBA, 0x7DDA, 0x85B9, 0x6371,
  0x4128, 0x6229, 0xE5F5, 0xFE75, 0xF675, 0xEE57, 0x6209, 0xCD32,
  0xF696, 0xFE76, 0xFE75, 0xEE15, 0x6209, 0x4928, 0x82AB, 0xEE36,
  0xFE76, 0xFE76, 0xFE95, 0xFE95, 0xFE95, 0xFE95, 0xFE95, 0xFE75,
  0xFE75, 0xF635, 0x82AB, 0x5168, 0xB534, 0xF79B, 0xFF9B, 0xF7BB,
  0xF79C, 0xEFBD, 0xCF5D, 0x7DB8, 0x5D58, 0x5D78, 0x5558, 0x5D37,
  0x6D17, 0x6CD6, 0x5372, 0x5351, 0x63D2, 0x9D77, 0xF7DD, 0xF7BB,
  0xFFBB, 0xFFBB, 0xFFBB, 0xFFBC, 0xFFBC, 0xFFBC, 0xFFBC, 0xFFBC,
  0xF77B, 0xF77B, 0xF77B, 0xFF7B, 0xFF7B, 0xFF7B, 0xFF9B, 0xF79B,
  0xF79B, 0xF79B, 0xFF9B, 0xF79C, 0xDED9, 0xE6FA, 0xF79B, 0xD71B,
  0x95F9, 0x7DDA, 0x7DBA, 0x7D99, 0x8DFA, 0x8DD9, 0xA67B, 0x95D9,
  0x8E3B, 0x5558, 0x5559, 0x4D38, 0x4D38, 0x4C55, 0x3169, 0x4927,
  0x9AAB, 0xB2EB, 0xB2EB, 0xB2EB, 0xB30C, 0xB30C, 0xBB2C, 0xAACB,
  0x8A29, 0x9AEE, 0x9ACE, 0x92CD, 0x6988, 0x58E5, 0x8209, 0x92CD,
  0x4926, 0x61E9, 0x6A09, 0x6A09, 0x6A09, 0x6A09, 0x6A09, 0x6A09,
  0x6A09, 0x5988, 0x92AB, 0xB34C, 0x7209, 0x5988, 0x826B, 0x824A,
  0x92AB, 0xB30C, 0xBB0B, 0xBB0B, 0xBB0B, 0xBB0B, 0xBB0B, 0xB30C,
  0x61A8, 0x3907, 0x624A, 0xB4B1, 0xB4B2, 0x728B, 0x61C9, 0x61E9,
  0x5968, 0x5988, 0x59C8, 0x61C8, 0x7208, 0x824A, 0x8AAC, 0x59C8,
  0x61C8, 0x61C8, 0x59C8, 0x61C8, 0x61C8, 0x61A8, 0x61C8, 0x59C8,
  0x61C8, 0x7A69, 0xA34D, 0x8249, 0x7A29, 0x61C8, 0x51A7, 0x51C8,
  0x9BF0, 0xB4D2, 0x5187, 0x61E9, 0x6A09, 0x824A, 0xBBAE, 0xAB6A,
  0xAB6A, 0xAB8A, 0xAB8A, 0xAB8A, 0xAB8A, 0xAB8A, 0xAB8A, 0xAB8A,
  0xAB8A, 0xAB8A, 0xAB8A, 0xAB6A, 0xAB6A, 0x8289, 0x9B8D, 0xF676,
  0xFE75, 0xFE96, 0xFE95, 0xFE95, 0xFE95, 0xFE95, 0xFE95, 0xFE76,
  0x932C, 0x59A8, 0x69E9, 0xAB6D, 0xB3AE, 0x92CB, 0x71E8, 0x69A7,
  0x8269, 0xAB8E, 0xBBCE, 0xBBAD, 0xB3CE, 0x8A89, 0x8269, 0x7A49,
  0x61C8, 0x6229, 0xC555, 0xFF7C, 0xFF7B, 0xFF7B, 0xFF39, 0xFE96,
  0xFE95, 0xF5B2, 0xC38C, 0x6987, 0x4127, 0x6A0A, 0x5168, 0x69E9,
  0x92AC, 0x8AAC, 0x4908, 0x61C9, 0x6A09, 0x92AB, 0xBB8C, 0xDC8D,
  0x92CA, 0x4928, 0x528E, 0x7D78, 0x7DDA, 0x7DDA, 0x85B9, 0x5AEF,
  0x498A, 0x6A8B, 0xF656, 0xF675, 0xFE76, 0xC533, 0x59C8, 0xDD93,
  0xFE95, 0xFE76, 0xFE75, 0xC512, 0x5168, 0x5148, 0xC4D2, 0xF696,
  0xFE95, 0xFE95, 0xFE95, 0xFE95, 0xFE95, 0xFE95, 0xFE96, 0xFE75,
  0xFE75, 0xEDF4, 0x722A, 0x4968, 0xDE79, 0xFF9B, 0xFFBC, 0xFFBC,
  0xEFBD, 0xA67A, 0x5D36, 0x5D58, 0x5578, 0x5558, 0x64F7, 0x5372,
  0x316A, 0x3948, 0x4148, 0x4948, 0x4148, 0x5A4B, 0xE71B, 0xF7BC,
  0xFFBC, 0xFFBC, 0xFFBC, 0xFFBC, 0xFFBC, 0xFFBC, 0xFFBC, 0xFFBC,
  0xF77B, 0xF77B, 0xFF9B, 0xFF7B, 0xFF7B, 0xFF7B, 0xF79B, 0xFF9B,
  0xF79B, 0xF79B, 0xFF9B, 0xF79C, 0xDED9, 0xDEFA, 0xF79C, 0xD71B,
  0x8DD9, 0x7DDA, 0x85DA, 0x85D9, 0x963B, 0x85D9, 0x85D9, 0x7DB9,
  0x6D99, 0x4D38, 0x4D38, 0x4D38, 0x4D38, 0x4C95, 0x39CA, 0x40E7,
  0x8A4A, 0xB2EC, 0xB2EB, 0xB2EB, 0xB2EB, 0xB2EB, 0xB2CB, 0xAACB,
  0xA2CC, 0xA2AD, 0xA2AD, 0xA2CD, 0x9ACE, 0x92AD, 0x6988, 0x69A8,
  0x5147, 0x59A8, 0x6A09, 0x6A09, 0x6A09, 0x6A09, 0x6A09, 0x6A09,
  0x6A09, 0x5988, 0x71E9, 0xA30C, 0x5146, 0x6A2A, 0x9B2D, 0x79E8,
  0xAACC, 0xB30C, 0xBB0B, 0xBB0B, 0xBB0B, 0xBB0B, 0xBB0B, 0xB30C,
  0x6188, 0x3907, 0x7AEC, 0xB4B1, 0xB4B2, 0x59C9, 0x61E9, 0x5187,
  0x5968, 0x59C8, 0x59C8, 0x61C8, 0x7A29, 0x824A, 0x9B0D, 0x61C8,
  0x61C8, 0x61C8, 0x61A7, 0x61C7, 0x61C8, 0x69C8, 0x61C7, 0x61A7,
  0x61A8, 0x7A49, 0xB3AE, 0x8A8A, 0x826A, 0x61E8, 0x51A7, 0x51C8,
  0x9BF0, 0xB4D2, 0x5188, 0x69E9, 0x6A09, 0x7A29, 0xBBCE, 0xAB6B,
  0xAB6A, 0xAB8A, 0xAB8A, 0xAB8A, 0xAB8A, 0xAB8A, 0xAB6A, 0xAB6A,
  0xAB8A, 0xAB8A, 0xAB8A, 0xAB6A, 0xA36C, 0x7208, 0xD553, 0xFE76,
  0xFE75, 0xFE95, 0xFE95, 0xFE95, 0xFE95, 0xFE95, 0xFE95, 0xFE76,
  0x9BAD, 0x59A8, 0x6A09, 0xA32C, 0xB3AE, 0xB3CF, 0xA34D, 0xA34D,
  0xB3CE, 0xB3AE, 0xBBAE, 0xBBAD, 0x9B0B, 0x8249, 0x824A, 0x69E8,
  0x59C8, 0x6249, 0xF71B, 0xFF7B, 0xFF7B, 0xFF5A, 0xF6D7, 0xFE75,
  0xFE75, 0xED71, 0xB34C, 0x5106, 0x4948, 0x61EA, 0x5188, 0x69E9,
  0xAB4E, 0x8AAB, 0x5148, 0x6A09, 0x7209, 0xAB2C, 0xCBEC, 0xDC4D,
  0x69C7, 0x4949, 0x6BF3, 0x7DB9, 0x7DBA, 0x7DDA, 0x8DDA, 0x4A4D,
  0x628D, 0x6A8B, 0xE636, 0xF676, 0xF676, 0x834D, 0x6209, 0xE5F5,
  0xFE95, 0xFE75, 0xFE76, 0x9BAE, 0x4927, 0x6A0A, 0xE5D5, 0xFE96,
  0xFE75, 0xFE96, 0xFE76, 0xFE75, 0xFE95, 0xFE95, 0xFE96, 0xFE75,
  0xFE75, 0xDDB4, 0x6A0A, 0x6A8C, 0xF75C, 0xF77B, 0xEFBC, 0xDF7C,
  0x9639, 0x6578, 0x5558, 0x5558, 0x5537, 0x5C54, 0x422C, 0x4128,
  0x61C9, 0x8B2D, 0xABEF, 0xB450, 0xB410, 0x9B8E, 0xA470, 0xF75B,
  0xFF9C, 0xFFBC, 0xFFBC, 0xFFBC, 0xFFBB, 0xFFBB, 0xFFBB, 0xFFBB,
  0xF79B, 0xFF9B, 0xFF9B, 0xFF7B, 0xFF7B, 0xFF7B, 0xF79B, 0xFF9B,
  0xFF9B, 0xF79B, 0xFF9B, 0xF79C, 0xDED9, 0xDEFA, 0xF79C, 0xD71B,
  0x8DD9, 0x85BA, 0x7DDA, 0x85B9, 0x961B, 0x85D9, 0x85D9, 0x85FA,
  0x6D99, 0x4D38, 0x4D38, 0x4D38, 0x4D38, 0x4CD6, 0x3A2C, 0x40E7,
  0x69C9, 0xAAEC, 0xB2EB, 0xB2EB, 0xB2EB, 0xB2EB, 0xB2EB, 0xB2EC,
  0xAAEC, 0xA2CD, 0xA2CD, 0xA2AD, 0xA2CE, 0x9ACD, 0x9AED, 0x8A6C,
  0x5127, 0x4947, 0x6A0A, 0x6A09, 0x6A09, 0x6A09, 0x6A09, 0x6A09,
  0x6A09, 0x61EA, 0x5988, 0x7A6A, 0x5167, 0x828B, 0x8249, 0xA2EC,
  0xB30C, 0xBB0C, 0xBB0B, 0xBB0B, 0xBB0B, 0xBB0B, 0xBB0B, 0xB30C,
  0x6167, 0x3906, 0x8B6E, 0xB4B2, 0xA411, 0x4926, 0x51A8, 0x59E9,
  0x5988, 0x59A8, 0x59C8, 0x61C8, 0x7A49, 0x8A6A, 0xAB8E, 0x69E8,
  0x61C8, 0x61A7, 0x69E8, 0x7208, 0x7228, 0x7A28, 0x7208, 0x69E8,
  0x61A7, 0x7A29, 0xB3AE, 0x8A8A, 0x826A, 0x6A09, 0x51C7, 0x51A8,
  0x9BCF, 0xB4B2, 0x51A8, 0x69E9, 0x6A09, 0x7A29, 0xBBCE, 0xAB8B,
  0xAB6A, 0xAB8A, 0xAB8A, 0xAB8A, 0xAB8A, 0xAB8A, 0xAB6A, 0xAB6A,
  0xAB8A, 0xAB8A, 0xAB8A, 0xAB8B, 0x8269, 0x8AEB, 0xEE35, 0xFE76,
  0xFE75, 0xFE95, 0xFE95, 0xFE95, 0xFE95, 0xFE95, 0xFE95, 0xFE96,
  0xC4D2, 0x59A8, 0x69E8, 0x8A8A, 0xB3AE, 0xB3AE, 0xA30B, 0xB38D,
  0xBBAE, 0xBBCE, 0xBBAD, 0xAB4C, 0x8A69, 0x8269, 0x7A49, 0x61C8,
  0x59C7, 0xB4D3, 0xFF7B, 0xFF7B, 0xFF7B, 0xFF39, 0xF696, 0xFE75,
  0xFE75, 0xE530, 0x92AA, 0x4927, 0x5188, 0x5188, 0x59C9, 0x7A2A,
  0xBBAF, 0x92CB, 0x59A8, 0x69E9, 0x826B, 0xB38D, 0xCBEC, 0xBBAC,
  0x5147, 0x41AA, 0x8558, 0x7DD9, 0x7DD9, 0x7DBA, 0x8DBA, 0x4A4D,
  0x6B71, 0x628B, 0xD5D5, 0xE636, 0xD5F5, 0x5209, 0x624A, 0xDDF5,
  0xF696, 0xF675, 0xF677, 0x6A2A, 0x4106, 0x9B8E, 0xFE97, 0xFE96,
  0xFE95, 0xFE76, 0xFE76, 0xFE75, 0xFE95, 0xFE95, 0xFE75, 0xFE75,
  0xFE76, 0xC4F2, 0x5168, 0x734F, 0xDF3C, 0xEFBD, 0xC71B, 0x85D8,
  0x5537, 0x5578, 0x5538, 0x5CF7, 0x5392, 0x41CB, 0x4968, 0x82AB,
  0xD574, 0xF656, 0xF676, 0xFE75, 0xFE76, 0xF657, 0x9BCE, 0xC595,
  0xFF9D, 0xF7BC, 0xF7BC, 0xFF9C, 0xFF9C, 0xFFBB, 0xF7BB, 0xF7BC,
  0xFF9B, 0xFF9B, 0xFF9B, 0xFF9B, 0xFF7B, 0xFF9B, 0xFF9B, 0xFF9B,
  0xFF9B, 0xFF9B, 0xF79B, 0xF79C, 0xDED9, 0xDEFA, 0xF7BC, 0xD73C,
  0x8DD9, 0x8DFA, 0x85DA, 0x7DDA, 0x85DA, 0x85B9, 0x85DA, 0x7DBA,
  0x75BA, 0x5538, 0x4D38, 0x4538, 0x4D18, 0x4CF7, 0x3ACF, 0x3908,
  0x5968, 0xAAEC, 0xB2EB, 0xB2EB, 0xB2EB, 0xB2EB, 0xB2EB, 0xB2EC,
  0xAAEC, 0xA2CD, 0xA2CD, 0xA2CD, 0xA2CD, 0xA2CD, 0x9ACD, 0x9ACE,
  0x5127, 0x5147, 0x61C9, 0x6A09, 0x7209, 0x6A09, 0x6A09, 0x6A09,
  0x6A09, 0x69EA, 0x5168, 0x5167, 0x722A, 0x7A09, 0xAB0C, 0xB32C,
  0xB2EB, 0xBB0B, 0xBB0B, 0xBB0B, 0xBB0B, 0xBB0B, 0xBB0B, 0xBB2C,
  0x6167, 0x3906, 0x93CF, 0xB4B2, 0x832D, 0x4947, 0x6A8B, 0xC535,
  0x59A8, 0x59C8, 0x59C8, 0x61C8, 0x824A, 0x928A, 0xB3AE, 0x7209,
  0x61C8, 0x69C8, 0x7A28, 0x7A28, 0x7A28, 0x8248, 0x7A28, 0x7208,
  0x61A7, 0x826A, 0xBBAE, 0x928A, 0x826A, 0x7229, 0x51C8, 0x51A8,
  0x93AF, 0xB4B2, 0x59E9, 0x6A09, 0x6A09, 0x7A29, 0xC3CE, 0xAB8B,
  0xAB6A, 0xAB8A, 0xAB8A, 0xAB8A, 0xAB8A, 0xAB8A, 0xAB6A, 0xAB6A,
  0xAB8A, 0xAB8A, 0xA38A, 0x9B2B, 0x69A7, 0xD553, 0xF675, 0xFE95,
  0xFE95, 0xFE95, 0xFE95, 0xFE95, 0xFE95, 0xFE95, 0xFE95, 0xFE96,
  0xE5F5, 0x51A7, 0x61C8, 0x8249, 0xA34D, 0xBBCE, 0xAB4C, 0xBBAD,
  0xB3AD, 0xBBCE, 0xAB4C, 0x928A, 0x8249, 0x826A, 0x6A09, 0x61C8,
  0x6A6A, 0xEEDA, 0xFF7B, 0xFF5B, 0xFF5A, 0xFEF8, 0xFE95, 0xFE76,
  0xFE95, 0xDCF0, 0x8229, 0x4927, 0x59A9, 0x5167, 0x6A09, 0x8A8B,
  0xBBAE, 0x9AEB, 0x69C8, 0x7209, 0x9ACC, 0xC3CC, 0xCC4D, 0x71E7,
  0x4928, 0x6351, 0x85B9, 0x7DD9, 0x7DDA, 0x7DBA, 0x8579, 0x5330,
  0x6371, 0x7BAF, 0xF73A, 0xF6F9, 0xBD75, 0x522B, 0x6B0D, 0xD5F5,
  0xAC8F, 0xAC6E, 0x93AD, 0x4127, 0x4926, 0xD553, 0xFE76, 0xFE95,
  0xFE95, 0xFE75, 0xFE76, 0xFE75, 0xFE95, 0xFE95, 0xFE75, 0xFE76,
  0xFE76, 0x9BAE, 0x4968, 0x7413, 0x9E19, 0xAE9B, 0x75D8, 0x5538,
  0x5558, 0x5538, 0x64F7, 0x4AAE, 0x4169, 0x5188, 0xAC0F, 0xEDD5,
  0xF655, 0xFE75, 0xFE95, 0xFE95, 0xFE75, 0xFE77, 0x9BAF, 0x836E,
  0xDEFB, 0xE73B, 0xE73B, 0xE71B, 0xE71B, 0xE73A, 0xE73B, 0xDF3B,
  0xFF9B, 0xFF9B, 0xFF9B, 0xFF9B, 0xFF7B, 0xFF9B, 0xFF9B, 0xFF9B,
  0xFF9B, 0xFF9B, 0xF79B, 0xF79C, 0xDEFA, 0xDEFA, 0xF79C, 0xDF5C,
  0x961A, 0x8E1B, 0x85DA, 0x7DB9, 0x85DA, 0x85FA, 0x7DB9, 0x7DBA,
  0x75BA, 0x5539, 0x4D38, 0x4538, 0x4D18, 0x4D18, 0x43B2, 0x2928,
  0x4928, 0xA2EC, 0xB2EB, 0xB2EB, 0xB2EB, 0xB2EB, 0xB2EB, 0xB2EB,
  0xB2CC, 0xA2CD, 0xA2CD, 0xA2CD, 0xA2CD, 0xAACD, 0xA2CD, 0x9ACD,
  0x5947, 0x61C9, 0x4947, 0x6A09, 0x6A09, 0x7209, 0x6A09, 0x6A09,
  0x7209, 0x720A, 0x5168, 0x59A9, 0x71E9, 0x926A, 0xB32C, 0xBAEB,
  0xBB0B, 0xBB0B, 0xBB0B, 0xBB0B, 0xBB0B, 0xBB0B, 0xBB0B, 0xBB2C,
  0x69A8, 0x4106, 0x938F, 0xB4B2, 0x72AB, 0x4987, 0xBD35, 0xEEDB,
  0x6229, 0x59C8, 0x59C8, 0x61C8, 0x8249, 0x92AA, 0xBBCF, 0x826A,
  0x61C7, 0x7209, 0x7A28, 0x7A28, 0x7A28, 0x7A28, 0x7A28, 0x7A08,
  0x61A7, 0x8AAB, 0xBBCE, 0x92CB, 0x8269, 0x7229, 0x51C7, 0x51A7,
  0x9BCF, 0xBCD3, 0x6209, 0x6A09, 0x6A09, 0x7A09, 0xC3CE, 0xB38B,
  0xAB6A, 0xAB8A, 0xAB8A, 0xAB8A, 0xAB8A, 0xAB8A, 0xAB6A, 0xAB6A,
  0xAB8A, 0xAB8A, 0xA38B, 0x8289, 0x9B8D, 0xF676, 0xFE75, 0xFE95,
  0xFE95, 0xFE95, 0xFE95, 0xFE95, 0xFE95, 0xFE95, 0xFE95, 0xFE96,
  0xF698, 0x6229, 0x61A8, 0x7A29, 0x92CB, 0xB3CE, 0xB38D, 0xBBAE,
  0xBBCE, 0xAB6D, 0x8A69, 0x8249, 0x826A, 0x7A29, 0x61C8, 0x59C8,
  0x9C31, 0xFF7C, 0xFF7B, 0xFF5A, 0xFF19, 0xFED7, 0xFE75, 0xFE76,
  0xFE75, 0xD4AF, 0x69A8, 0x4927, 0x59C9, 0x61E9, 0x7A6A, 0xA32D,
  0xBBAD, 0x9B0B, 0x7209, 0x7A09, 0xB32D, 0xCBEC, 0xB38C, 0x5126,
  0x41CA, 0x8538, 0x7DDA, 0x7DDA, 0x7DDA, 0x85DA, 0x8599, 0x7CF7,
  0x6BF2, 0x8C31, 0xF75B, 0xFF7B, 0xAD55, 0x62EE, 0x83F0, 0xF739,
  0xE677, 0xE699, 0x6ACC, 0x4907, 0x7A4A, 0xF656, 0xFE75, 0xFE95,
  0xFE95, 0xFE95, 0xFE95, 0xFE75, 0xFE95, 0xFE95, 0xFE75, 0xFE76,
  0xFE76, 0x7A8B, 0x4189, 0x8517, 0x7DB9, 0x5D37, 0x5537, 0x5558,
  0x5D38, 0x5CD6, 0x428D, 0x4148, 0x61C8, 0xC4F3, 0xF636, 0xFE96,
  0xFE95, 0xFE75, 0xFE95, 0xFE96, 0xFE95, 0xF696, 0x938E, 0x6A8C,
  0xBDD7, 0xC658, 0xCE58, 0xCE79, 0xCE98, 0xBE97, 0xC698, 0xCE58,
  0xFF9B, 0xFF9B, 0xFF9B, 0xFF9B, 0xFF7B, 0xFF9B, 0xF79B, 0xFF9B,
  0xFF9B, 0xFF9B, 0xF79B, 0xF79C, 0xDEDA, 0xD699, 0xEF5B, 0xD71B,
  0x8DD9, 0x85DA, 0x85B9, 0x85DA, 0x7DB9, 0x7DDA, 0x7DBA, 0x7DB9,
  0x7DDA, 0x5D59, 0x4D38, 0x4538, 0x4538, 0x4D58, 0x54F7, 0x29AA,
  0x3907, 0x8A6B, 0xB2EB, 0xB2EB, 0xB2EB, 0xB2EB, 0xB2EB, 0xB2EB,
  0xAAEC, 0xA2CD, 0xA2CD, 0xA2CD, 0x9ACD, 0xA2CD, 0xA2CD, 0x9ACD,
  0x5947, 0x828C, 0x5106, 0x61C8, 0x69E9, 0x7229, 0x6A09, 0x6A09,
  0x7209, 0x6A29, 0x4968, 0x5148, 0x822A, 0xB32D, 0xBB0B, 0xBB0B,
  0xBAEB, 0xBB0B, 0xBB0B, 0xBB0B, 0xBB0B, 0xBB0B, 0xBB0B, 0xBB2C,
  0x7A0A, 0x4107, 0x8B4E, 0xB492, 0x51A8, 0x9C11, 0xFF7C, 0xEEFB,
  0x72AB, 0x59E8, 0x61C8, 0x69C8, 0x824A, 0x928A, 0xBBCF, 0x930C,
  0x61C7, 0x7229, 0x7A28, 0x7A28, 0x7A28, 0x7A28, 0x7A28, 0x7208,
  0x69C8, 0x9B0C, 0xBBAE, 0x92AB, 0x8249, 0x7229, 0x59C8, 0x51C8,
  0xA410, 0xB4D2, 0x6209, 0x6A09, 0x6A09, 0x7209, 0xC3CE, 0xB38B,
  0xAB6A, 0xAB8A, 0xAB8A, 0xAB8A, 0xAB8A, 0xAB8A, 0xAB6A, 0xAB6A,
  0xAB8A, 0xAB8A, 0xA36B, 0x7229, 0xDDB5, 0xF676, 0xFE75, 0xFE76,
  0xFE76, 0xFE76, 0xFE95, 0xFE95, 0xFE95, 0xFE95, 0xFE95, 0xFE95,
  0xF6B8, 0xA3F0, 0x61A8, 0x69C8, 0x8249, 0x9289, 0xAB6D, 0xAB6D,
  0x92AA, 0x8249, 0x8A8A, 0x8A6A, 0x7A29, 0x6187, 0x61C8, 0x5188,
  0xE69A, 0xFF9C, 0xF75B, 0xFF5A, 0xFEF9, 0xF696, 0xFE76, 0xFE76,
  0xFE75, 0xCC4E, 0x6167, 0x5168, 0x59A8, 0x6A09, 0x7A29, 0xAB2D,
  0xBB8D, 0x9B2A, 0x7209, 0x928B, 0xBB6D, 0xDC6D, 0x8268, 0x4927,
  0x5AEF, 0x859A, 0x7DDA, 0x7DDA, 0x7DBA, 0x7DB9, 0x7D79, 0x7D99,
  0x63D1, 0xA4F3, 0xFF9C, 0xF77B, 0x9493, 0x632F, 0xB575, 0xFF7A,
  0xF77B, 0xDE79, 0x3947, 0x4907, 0xAB8E, 0xFE55, 0xFE75, 0xFE95,
  0xFE95, 0xFE95, 0xFE95, 0xFE95, 0xFE95, 0xFE95, 0xFE75, 0xFE76,
  0xF656, 0x61E9, 0x520B, 0x8DBA, 0x6DBA, 0x4D38, 0x4539, 0x5558,
  0x6558, 0x4AEF, 0x3948, 0x69EA, 0xDD95, 0xF676, 0xFE75, 0xFE75,
  0xFE75, 0xFE96, 0xFE76, 0xFE76, 0xFE95, 0xFE96, 0x8B2D, 0x7B2E,
  0xEF3C, 0xF7BC, 0xF7BD, 0xF7DD, 0xD779, 0xBF17, 0xE7DB, 0xF7BD,
  0xFF9B, 0xFF9B, 0xFF9B, 0xF79B, 0xFF7B, 0xF77B, 0xFF9B, 0xF79B,
  0xF79B, 0xF79B, 0xF77B, 0xF77C, 0xDEFA, 0xBE16, 0xC637, 0xB638,
  0x85B9, 0x85DA, 0x85DA, 0x85DA, 0x85DA, 0x85DA, 0x7DDA, 0x7DD9,
  0x7DDA, 0x6579, 0x44F7, 0x4D39, 0x4538, 0x4D38, 0x4D18, 0x4351,
  0x3928, 0x4906, 0xA2EC, 0xB2EB, 0xB2EB, 0xB2EB, 0xB2EB, 0xB2EB,
  0xB2EB, 0xAACD, 0xA2CD, 0xA2CD, 0xA2CD, 0xA2CD, 0xA2CE, 0x9AAD,
  0x6147, 0x9AEC, 0x69C8, 0x5168, 0x69E9, 0x6A09, 0x6A0A, 0x6A09,
  0x6A09, 0x61E9, 0x4127, 0x61A9, 0xAB0D, 0xB30B, 0xBB0B, 0xBB0B,
  0xBB0B, 0xBAEB, 0xBB0B, 0xBB0B, 0xBB0B, 0xC30B, 0xC30B, 0xBAEB,
  0x928B, 0x4106, 0x72AC, 0xA451, 0x836D, 0xFF5C, 0xFF7C, 0xFF5B,
  0x938E, 0x59A8, 0x59C8, 0x61C8, 0x826A, 0x8A69, 0xBBCE, 0xAB6D,
  0x7228, 0x6A08, 0x7A28, 0x7A48, 0x7A48, 0x7A27, 0x7228, 0x69C7,
  0x7A28, 0xAB8D, 0xBBCE, 0x928B, 0x824A, 0x7229, 0x59C9, 0x51C7,
  0xAC51, 0xBCB3, 0x6209, 0x6A09, 0x6A09, 0x7209, 0xBBCF, 0xB38B,
  0xAB6A, 0xAB8A, 0xAB8A, 0xAB8A, 0xAB8A, 0xAB8A, 0xAB6A, 0xAB6A,
  0xAB8A, 0xA36A, 0x7A49, 0x9B6D, 0xF656, 0xFE76, 0xFE95, 0xFE75,
  0xFE76, 0xFE75, 0xFE95, 0xFE95, 0xFE95, 0xFE95, 0xFE95, 0xFE75,
  0xF696, 0xD5F6, 0x61E8, 0x61C8, 0x7229, 0x8249, 0x8249, 0x8A6A,
  0x8229, 0x8269, 0x8249, 0x7A49, 0x69E8, 0x59A7, 0x59E8, 0xB4F4,
  0xFF7C, 0xFF7B, 0xFF5A, 0xFF3A, 0xF696, 0xF655, 0xFE14, 0xFE55,
  0xFE75, 0xBBEE, 0x5146, 0x61E9, 0x59A8, 0x6A09, 0x8249, 0xB38D,
  0xA34C, 0x8A8A, 0x7A09, 0xA30C, 0xCBCB, 0xCC0C, 0x6187, 0x4169,
  0x74B5, 0x7DFA, 0x7DD9, 0x7DDA, 0x85BA, 0x7DBA, 0x85DA, 0x8558,
  0x52CE, 0x83D1, 0xC596, 0xEEFB, 0x8412, 0x52AD, 0xD679, 0xF77B,
  0xF77B, 0xA492, 0x4127, 0x61A8, 0xDD12, 0xFE75, 0xFE95, 0xFE95,
  0xFE95, 0xFE95, 0xFE95, 0xFE95, 0xFE95, 0xFE95, 0xFE76, 0xFE76,
  0xD553, 0x5147, 0x5AEF, 0x7599, 0x4D38, 0x4D59, 0x4539, 0x5517,
  0x53B2, 0x3949, 0x5988, 0xCD12, 0xFE76, 0xFE96, 0xFE95, 0xFE75,
  0xFE75, 0xFE76, 0xFE76, 0xFE76, 0xFE75, 0xEE15, 0x5988, 0x93F0,
  0xF7BD, 0xF7BC, 0xF7BB, 0xD798, 0xAEF5, 0xAEF4, 0xE799, 0xFF9B,
  0xFF7B, 0xFF7B, 0xFF7B, 0xF77B, 0xF77B, 0xF79B, 0xF79B, 0xF79B,
  0xF79B, 0xFF9B, 0xF79B, 0xF79C, 0xDEFA, 0xDEFB, 0xEF7D, 0xD71C,
  0x8DD9, 0x85DA, 0x85DA, 0x85DA, 0x85DA, 0x85DA, 0x7DDA, 0x7DD9,
  0x7DD9, 0x6D99, 0x4D18, 0x4D38, 0x4538, 0x4D38, 0x4D38, 0x54B6,
  0x318A, 0x4107, 0x8A4A, 0xB2EC, 0xB2EB, 0xB2EB, 0xB2EB, 0xB2EB,
  0xB2EB, 0xAACC, 0xA2CD, 0xA2CD, 0xA2CD, 0xA2CD, 0xA2CE, 0x9AAD,
  0x6988, 0xAB0C, 0xA30C, 0x5968, 0x61C9, 0x6A0A, 0x6A09, 0x6A09,
  0x6A09, 0x5968, 0x4968, 0x5168, 0xAB0D, 0xBB0C, 0xBB0B, 0xBB0B,
  0xBB0B, 0xBAEB, 0xBB0B, 0xBB0B, 0xBB0B, 0xC30B, 0xC30B, 0xC30B,
  0xA2CC, 0x5127, 0x6A6B, 0xC595, 0xEEFA, 0xFF7C, 0xFF7B, 0xFF7B,
  0xAC92, 0x59A8, 0x59C8, 0x61C7, 0x7A69, 0x8A69, 0xB38D, 0xBBAE,
  0x92EB, 0x69C7, 0x7208, 0x7A29, 0x7A28, 0x7A28, 0x69E8, 0x69E8,
  0x92EB, 0xB3CE, 0xB3AE, 0x8A6A, 0x824A, 0x7209, 0x59C9, 0x59E8,
  0xB492, 0xBCB3, 0x6209, 0x6A09, 0x6A09, 0x7209, 0xBBAE, 0xB38B,
  0xAB6A, 0xAB8A, 0xAB8A, 0xAB8A, 0xAB8A, 0xAB8A, 0xAB8A, 0xAB6A,
  0xAB6A, 0x92EA, 0x69A7, 0xDD74, 0xFE76, 0xFE95, 0xFE95, 0xFE95,
  0xFE95, 0xFE95, 0xFE95, 0xFE95, 0xFE95, 0xFE95, 0xFE95, 0xFE75,
  0xF696, 0xEED8, 0x940F, 0x51A8, 0x61C9, 0x7229, 0x7A49, 0x826A,
  0x824A, 0x7A49, 0x7A29, 0x69E8, 0x61C8, 0x59E8, 0xB4D3, 0xF73B,
  0xFF7B, 0xFF5A, 0xFF5A, 0xFEF8, 0xF675, 0xFE13, 0xFE14, 0xFE34,
  0xFE55, 0xA36C, 0x4947, 0x59C9, 0x6A09, 0x69E9, 0x92AA, 0xBBAE,
  0x8AAA, 0x69C8, 0x8A6A, 0xBBAC, 0xDC4D, 0x9ACA, 0x4927, 0x4A4D,
  0x8599, 0x7DD9, 0x85D9, 0x85DA, 0x85BA, 0x7DBA, 0x85B9, 0x6BF2,
  0x3969, 0x4148, 0x4967, 0x9C52, 0x7370, 0x4A0B, 0xA4B3, 0xE699,
  0xE6FA, 0x6AAC, 0x40E7, 0x7A49, 0xEDD4, 0xFE75, 0xFE95, 0xFE95,
  0xFE95, 0xFE95, 0xFE95, 0xFE95, 0xFE95, 0xFE95, 0xFE76, 0xFE76,
  0xABEF, 0x4927, 0x5BB2, 0x5538, 0x4D38, 0x4D38, 0x5518, 0x53F3,
  0x39AA, 0x61C9, 0xC492, 0xFE76, 0xFE95, 0xFE95, 0xFE95, 0xFE95,
  0xFE95, 0xFE95, 0xFE76, 0xFE96, 0xFE76, 0xCD12, 0x4926, 0xBD55,
  0xF79C, 0xEFBB, 0xD778, 0xB6F5, 0xA6F3, 0xAEF4, 0xDF99, 0xF79B,
  0xFF7B, 0xF77B, 0xFF7B, 0xF77B, 0xEF7C, 0xEF9C, 0xEF9C, 0xEF9C,
  0xE77C, 0xE77C, 0xE75B, 0xDF1C, 0xC6BB, 0xBE9B, 0xC6DB, 0xB69B,
  0x8DD9, 0x85DA, 0x85DA, 0x85DA, 0x85DA, 0x85DA, 0x7DDA, 0x7DD9,
  0x7DD9, 0x75BA, 0x5D58, 0x4D38, 0x4D38, 0x4D38, 0x4D38, 0x4CF7,
  0x3AAE, 0x3928, 0x6188, 0xAACC, 0xB2EB, 0xB2EB, 0xB2EB, 0xB2EB,
  0xB2EB, 0xAAEC, 0xA2CD, 0xA2CD, 0xA2CD, 0xA2CD, 0xA2CE, 0x9AAD,
  0x6147, 0xAB0C, 0xB30C, 0x7A09, 0x5167, 0x69EA, 0x6A09, 0x6A09,
  0x6A09, 0x61C8, 0x620A, 0x5147, 0x92AB, 0xBB0C, 0xBB0B, 0xBB0B,
  0xBB0B, 0xBB0B, 0xBB0B, 0xBB0B, 0xC30B, 0xC30B, 0xC30B, 0xC30B,
  0xAB0C, 0x61C8, 0x59E9, 0xEF1A, 0xFF7A, 0xFF7B, 0xFF7B, 0xFF7B,
  0xCDD6, 0x51A8, 0x59C8, 0x61C8, 0x7A29, 0x8A69, 0xA30C, 0xBBAE,
  0xB3AD, 0x8269, 0x69C8, 0x69E9, 0x6A08, 0x69C8, 0x69C8, 0x8AAB,
  0xB3AE, 0xBBCE, 0xB3AE, 0x8A49, 0x824A, 0x69E9, 0x59C8, 0x72AA,
  0xB4B2, 0xB4B2, 0x6209, 0x6A29, 0x6A09, 0x7209, 0xBB8E, 0xB38C,
  0xAB6A, 0xAB8A, 0xAB8A, 0xAB8A, 0xAB8A, 0xAB8A, 0xAB8A, 0xAB6A,
  0xA34B, 0x7208, 0xA3EE, 0xF656, 0xFE75, 0xFE95, 0xFE95, 0xFE95,
  0xFE95, 0xFE95, 0xFE95, 0xFE95, 0xFE95, 0xFE95, 0xFE95, 0xFE75,
  0xF695, 0xF6F8, 0xEED9, 0x7B2D, 0x59A8, 0x61C8, 0x69E9, 0x7209,
  0x7209, 0x69E8, 0x61C8, 0x59C8, 0x5187, 0xAC92, 0xEF1B, 0xFF7B,
  0xFF7B, 0xFF5A, 0xFF39, 0xF696, 0xF633, 0xFE13, 0xFE13, 0xFE13,
  0xF614, 0x8AAA, 0x4906, 0x59C9, 0x6A0A, 0x71E9, 0xA30C, 0xAB4D,
  0x61A8, 0x5967, 0xA32D, 0xCBEC, 0xD42D, 0x6167, 0x49AB, 0x7CB6,
  0x7DBA, 0x7DD9, 0x7DB9, 0x85B9, 0x7CF6, 0x6C54, 0x7CB5, 0x4A0B,
  0x4108, 0x4908, 0x4928, 0x51EA, 0x522B, 0x4148, 0x4968, 0x834E,
  0xBD76, 0x4188, 0x4106, 0x9B4C, 0xF614, 0xFE95, 0xFE95, 0xFE95,
  0xFE95, 0xFE95, 0xFE95, 0xFE95, 0xFE96, 0xFE95, 0xFE76, 0xF656,
  0x8AEB, 0x4989, 0x5414, 0x4D18, 0x4D38, 0x4D17, 0x5413, 0x39CA,
  0x59C8, 0xBC71, 0xFE77, 0xFE96, 0xFE95, 0xFE95, 0xFE95, 0xFE95,
  0xFE95, 0xFE95, 0xFE76, 0xFE95, 0xF656, 0x9B8E, 0x5188, 0xE6B9,
  0xF79B, 0xD778, 0xAEF5, 0xA6F4, 0xA713, 0xAF13, 0xDF78, 0xF79B,
  0xFF7B, 0xF77B, 0xF77B, 0xDF1A, 0xAE18, 0xAE7A, 0x9E19, 0x9E19,
  0x9E19, 0xA65A, 0x9E19, 0x95D9, 0x961A, 0x963A, 0x8DD9, 0x85B9,
  0x85FA, 0x7DBA, 0x7DBA, 0x85DA, 0x85DA, 0x7DBA, 0x85DA, 0x7DD9,
  0x7DBA, 0x7DDA, 0x6579, 0x4D38, 0x4D38, 0x4D38, 0x4D38, 0x4D38,
  0x4C14, 0x2969, 0x4107, 0x8A6B, 0xB2EC, 0xB2EB, 0xB2EB, 0xB2EB,
  0xB2EB, 0xB2EB, 0xAACC, 0xA2CD, 0xA2CD, 0xA2CD, 0xA2CD, 0x9ACD,
  0x79E9, 0xB30C, 0xB2EB, 0xA2AB, 0x5967, 0x59A8, 0x69E9, 0x7209,
  0x7209, 0x6A09, 0x6A0A, 0x5188, 0x71E9, 0xB30C, 0xBB0B, 0xBB0B,
  0xBB0B, 0xBB0B, 0xBB0B, 0xC30B, 0xC30B, 0xC30B, 0xC32C, 0xC32C,
  0xB30B, 0x8249, 0x5166, 0xF71A, 0xFF7A, 0xFF9A, 0xFF7B, 0xFF7B,
  0xEEFA, 0x5A08, 0x59C8, 0x61A8, 0x7208, 0x8A69, 0x8A6A, 0xBBAE,
  0xBBAE, 0xAB8D, 0x7A49, 0x61A7, 0x61C8, 0x69A7, 0x8AAB, 0xAB8E,
  0xB3AE, 0xBBAE, 0xA32C, 0x8A49, 0x7A49, 0x61E8, 0x59C8, 0x938E,
  0xB4B2, 0xB4D3, 0x61E8, 0x6A09, 0x6A09, 0x7209, 0xBB8E, 0xB38C,
  0xAB6A, 0xAB8A, 0xAB8A, 0xAB8A, 0xAB8A, 0xAB6A, 0xAB8A, 0xA36A,
  0x92CB, 0x7A6A, 0xEE36, 0xFE75, 0xFE75, 0xFE95, 0xFE95, 0xFE95,
  0xFE95, 0xFE95, 0xFE95, 0xFE95, 0xFE95, 0xFE95, 0xFE95, 0xFE95,
  0xFE95, 0xF6B7, 0xFF7A, 0xE699, 0x8B6E, 0x5187, 0x59A8, 0x61C9,
  0x59A8, 0x59A8, 0x59C8, 0x624A, 0xC575, 0xF73B, 0xFF7B, 0xFF7B,
  0xFF7A, 0xFF5A, 0xFEF9, 0xF655, 0xF613, 0xFE13, 0xF613, 0xF613,
  0xF614, 0x7229, 0x4947, 0x6A09, 0x6A09, 0x79E8, 0xB38E, 0x826A,
  0x5107, 0x5148, 0xB3AD, 0xCC0C, 0x8A68, 0x4928, 0x6372, 0x85BA,
  0x85DA, 0x8DDA, 0x6C74, 0x3A2C, 0x41CA, 0x41AA, 0x49CA, 0x4127,
  0x4908, 0x4928, 0x4928, 0x4928, 0x4128, 0x4128, 0x4928, 0x4969,
  0x6AEE, 0x4189, 0x40E5, 0xBC2E, 0xFE55, 0xFE95, 0xFE95, 0xFE95,
  0xFE95, 0xFE95, 0xFE95, 0xFE95, 0xFE95, 0xFE96, 0xFE75, 0xEE36,
  0x724A, 0x41CA, 0x5475, 0x4D19, 0x4D18, 0x64D6, 0x3A0B, 0x4106,
  0xB42F, 0xF635, 0xFE76, 0xFE95, 0xFE95, 0xFE95, 0xFE95, 0xFE95,
  0xFE95, 0xFE95, 0xFE75, 0xFE75, 0xEDD5, 0x722A, 0x834E, 0xF79A,
  0xDF58, 0xB6F5, 0xA6F4, 0xA713, 0xA713, 0xA6F3, 0xD777, 0xF7BB,
  0xF77B, 0xF77B, 0xFF7A, 0xE75B, 0xA619, 0x8599, 0x85B9, 0x85B9,
  0x85B9, 0x85B9, 0x9E7C, 0x85FA, 0x7D99, 0x85D9, 0x8598, 0x7DB9,
  0x7DB9, 0x7DBA, 0x7DBA, 0x85DA, 0x85BA, 0x8E1B, 0x7DB9, 0x7DD9,
  0x7DBA, 0x7DBA, 0x75DA, 0x5D58, 0x4D38, 0x4D39, 0x4D39, 0x4D39,
  0x5518, 0x3ACF, 0x3948, 0x5147, 0xA2EC, 0xB2EB, 0xB2EB, 0xB2EB,
  0xB2EB, 0xB2EB, 0xB2EC, 0xAACD, 0xA2CD, 0xAACD, 0xA2CD, 0x9ACD,
  0x71A8, 0xAAEC, 0xB2CB, 0xB2EC, 0x8A6A, 0x5147, 0x69E9, 0x7209,
  0x6A09, 0x6A09, 0x6A09, 0x59C8, 0x6187, 0xAAEC, 0xBB0B, 0xBB0B,
  0xBB0B, 0xBB0B, 0xC30B, 0xC30B, 0xC30B, 0xC32B, 0xC32B, 0xBAEB,
  0xC34B, 0xC3ED, 0x7226, 0xDE57, 0xFF9B, 0xFF9A, 0xFF7A, 0xFF7B,
  0xFF7B, 0x93CF, 0x5187, 0x59C8, 0x6A08, 0x8249, 0x8229, 0xB38D,
  0xBBAE, 0xBBCE, 0xB3CE, 0x8AAA, 0x8A8B, 0xAB8E, 0xB3CE, 0xBBCE,
  0xBBAE, 0xBBAE, 0x92AA, 0x8A49, 0x7A49, 0x61C8, 0x6209, 0xB492,
  0xB4B2, 0xB4D2, 0x61C8, 0x6A09, 0x7209, 0x7209, 0xBBAE, 0xB38C,
  0xAB6A, 0xAB8A, 0xAB8A, 0xAB8A, 0xAB8A, 0xAB6A, 0xAB6A, 0xA34B,
  0x61A7, 0xAC0F, 0xF675, 0xFE95, 0xFE95, 0xFE95, 0xFE95, 0xFE95,
  0xFE95, 0xFE95, 0xFE95, 0xFE95, 0xFE95, 0xFE95, 0xFE95, 0xFE95,
  0xFE76, 0xFE96, 0xFF59, 0xF75B, 0xF71B, 0xACB2, 0x4987, 0x4967,
  0x51A7, 0x4966, 0x93F0, 0xF71B, 0xFF7C, 0xFF7B, 0xFF7B, 0xFF7B,
  0xFF7B, 0xFF5B, 0xDDB4, 0xF5F3, 0xFE13, 0xFE13, 0xFE54, 0xF613,
  0xF615, 0x61C8, 0x61C9, 0x6A29, 0x7209, 0x92AB, 0xAB6E, 0x5968,
  0x5129, 0x5128, 0xA34B, 0xB38B, 0x5946, 0x51EA, 0x7D17, 0x7DDA,
  0x7CD6, 0x29AA, 0x3168, 0x4147, 0x4106, 0x5187, 0x61E9, 0x4906,
  0x4927, 0x4108, 0x4908, 0x4928, 0x4108, 0x4928, 0x4929, 0x4949,
  0x39A9, 0x418A, 0x5105, 0xD4D0, 0xFE75, 0xFE95, 0xFE95, 0xFE95,
  0xFE95, 0xFE95, 0xFE95, 0xFE95, 0xFE95, 0xFE95, 0xFE75, 0xD573,
  0x61C9, 0x39EB, 0x4CB6, 0x4518, 0x5D17, 0x4ACE, 0x3906, 0x8AEC,
  0xF655, 0xFE75, 0xFE96, 0xFE95, 0xFE95, 0xFE95, 0xFE95, 0xFE95,
  0xFE95, 0xFE95, 0xFE95, 0xFE96, 0xABEF, 0x4927, 0xE6BA, 0xDF78,
  0xB6F4, 0xA714, 0xA713, 0xA713, 0xA713, 0xA6F3, 0xD757, 0xF7BB,
  0xF77B, 0xFF7B, 0xFF7A, 0xF79B, 0xD73C, 0x95F9, 0x85DA, 0x85DA,
  0x7DDA, 0x7DDA, 0x7DB9, 0x7DBA, 0x7DB9, 0x8DD9, 0xBF1D, 0x8DFA,
  0x85B9, 0x7DBA, 0x7DBA, 0x85FA, 0x85DA, 0x967C, 0x85DA, 0x7DD9,
  0x7DDA, 0x7DD9, 0x7DFA, 0x6579, 0x4D38, 0x4538, 0x4D38, 0x4538,
  0x4D38, 0x54D6, 0x322C, 0x3107, 0x69E9, 0xAB0D, 0xB2EC, 0xB2EB,
  0xB2EC, 0xB2EB, 0xB2EB, 0xAAEC, 0xAACD, 0xAAAD, 0xA2CD, 0xA2CE,
  0x71A9, 0x926B, 0xB2EC, 0xB2EB, 0xAB0C, 0x69C8, 0x5167, 0x6A0A,
  0x7209, 0x6A09, 0x6A09, 0x6A0A, 0x5987, 0x928A, 0xBB0C, 0xBB0B,
  0xBB0B, 0xBB0B, 0xC30B, 0xC30B, 0xC30B, 0xC30B, 0xBB0B, 0xBB0A,
  0xDC0C, 0xEC8C, 0xDCCF, 0xCD52, 0xFF5B, 0xFF7B, 0xFF7B, 0xFF7B,
  0xFF7C, 0xDE79, 0x59C8, 0x59C8, 0x61C8, 0x7A49, 0x8A69, 0x9AEB,
  0xB3AE, 0xBBAD, 0xBBCE, 0xBBCE, 0xBBCE, 0xBBAE, 0xBBCE, 0xBBAD,
  0xBBAE, 0xAB4D, 0x8269, 0x8249, 0x6A09, 0x59C8, 0x8B8E, 0xB4B2,
  0xB4B2, 0xB4D2, 0x61C8, 0x6A09, 0x7209, 0x7209, 0xBBAE, 0xB38C,
  0xAB6A, 0xAB8A, 0xAB8A, 0xAB8A, 0xAB8A, 0xAB6A, 0xAB6B, 0x7A49,
  0x7A6A, 0xE5F5, 0xFE96, 0xFE95, 0xFE95, 0xFE95, 0xFE95, 0xFE95,
  0xFE95, 0xFE95, 0xFE95, 0xFE95, 0xFE95, 0xFE95, 0xFE95, 0xFE75,
  0xFE76, 0xFE96, 0xFF18, 0xFF7A, 0xFF7B, 0xFF5B, 0xF73B, 0xE698,
  0xE6B9, 0xF73B, 0xFF5C, 0xFF5B, 0xFF7B, 0xFF7B, 0xFF7B, 0xFF7B,
  0xFF7B, 0xDDF6, 0xBC6F, 0xF5F3, 0xFDF3, 0xFE13, 0xFE95, 0xFE34,
  0xE573, 0x5147, 0x69EA, 0x6A09, 0x7229, 0xB38E, 0x828B, 0x4928,
  0x520C, 0x5189, 0xA36D, 0x7A49, 0x4149, 0x5B91, 0x6D38, 0x5C33,
  0x31AA, 0x3927, 0x51A8, 0x82EB, 0xDD94, 0xEE56, 0xF637, 0x9B8D,
  0x6209, 0x59A8, 0x59C9, 0x4927, 0x4127, 0x4908, 0x4908, 0x4128,
  0x39CA, 0x4169, 0x6166, 0xE593, 0xFE75, 0xFE96, 0xFE95, 0xFE95,
  0xFE95, 0xFE95, 0xFE95, 0xFE95, 0xFE95, 0xFE95, 0xFE95, 0xC4F2,
  0x5168, 0x424D, 0x4D17, 0x4D17, 0x5B92, 0x3948, 0x61E9, 0xD533,
  0xF655, 0xFE95, 0xFE95, 0xFE95, 0xFE75, 0xFE95, 0xFE95, 0xFE95,
  0xFE95, 0xFE95, 0xFE76, 0xD553, 0x5987, 0x72EC, 0xDF9A, 0xB714,
  0xA6F3, 0xA713, 0xA713, 0xA713, 0xA713, 0xA6F3, 0xCF37, 0xF79B,
  0xFF7B, 0xFF7B, 0xFF7B, 0xF77B, 0xEF9C, 0xBEBA, 0x85D9, 0x7DD9,
  0x85D9, 0x7DDA, 0x7DB9, 0x7DDA, 0x7DDA, 0x85D9, 0xB6FC, 0x8E1A,
  0x7DD9, 0x7DBA, 0x7DBA, 0x85FA, 0x85DA, 0x85DA, 0x7DDA, 0x7DD9,
  0x7DDA, 0x85FA, 0x85DA, 0x7599, 0x5D38, 0x4D18, 0x4518, 0x4D38,
  0x4D38, 0x4D17, 0x4BF3, 0x31AA, 0x4127, 0x824A, 0xB2EC, 0xB2EC,
  0xB2EC, 0xB2EB, 0xB2EB, 0xB2EB, 0xAAEC, 0xAAAD, 0xA2CD, 0xA2CD,
  0x8A6C, 0x71C9, 0xAAEC, 0xB2EB, 0xB2EC, 0x9ACC, 0x5967, 0x61C9,
  0x6A09, 0x7209, 0x6A09, 0x724A, 0x61C8, 0x8249, 0xBB0C, 0xBB0B,
  0xBB0B, 0xBB0B, 0xC30B, 0xC30B, 0xC30B, 0xBB0B, 0xBB0A, 0xCB8B,
  0xE46B, 0xECAC, 0xF591, 0xDD93, 0xF719, 0xFF7B, 0xFF7B, 0xFF7B,
  0xFF7B, 0xFF5C, 0x93AF, 0x59C8, 0x61C8, 0x7208, 0x8269, 0x8A8A,
  0xAB4C, 0xBBAD, 0xB3AD, 0xB3AD, 0xBBCD, 0xBBAD, 0xBBCD, 0xBBCE,
  0xB38D, 0x92AA, 0x8269, 0x7A49, 0x61C8, 0x6229, 0xC555, 0xB4B2,
  0xB4B2, 0xB4D2, 0x61E8, 0x6A09, 0x6A09, 0x7209, 0xBBAE, 0xB38C,
  0xAB6A, 0xAB8A, 0xAB6A, 0xAB8A, 0xAB8A, 0xAB6A, 0x9B0B, 0x69E8,
  0xD553, 0xFE76, 0xFE75, 0xFE75, 0xFE95, 0xFE95, 0xFE95, 0xFE95,
  0xFE95, 0xFE95, 0xFE95, 0xFE95, 0xFE95, 0xFE95, 0xFE95, 0xFE75,
  0xFE75, 0xFE76, 0xF6B7, 0xF739, 0xFF7B, 0xF77B, 0xFF7B, 0xFF7B,
  0xFF7B, 0xFF7B, 0xFF7B, 0xFF7B, 0xFF7B, 0xFF7B, 0xFF7B, 0xFF7B,
  0xD637, 0x9BCD, 0xE572, 0xFDF3, 0xFDF3, 0xFE13, 0xFE34, 0xF634,
  0xB3EE, 0x5167, 0x69E9, 0x6A09, 0x828A, 0xAB6D, 0x5988, 0x418A,
  0x7C33, 0x51EA, 0x7A6B, 0x5148, 0x41EC, 0x64D6, 0x4BB2, 0x31CA,
  0x3927, 0x6A69, 0xBCD2, 0xF656, 0xFE76, 0xFE95, 0xFE96, 0xF656,
  0xDD73, 0xBC90, 0xCD33, 0x9BCF, 0x5188, 0x4907, 0x4907, 0x4128,
  0x5ACE, 0x3948, 0x8269, 0xEDD4, 0xFE75, 0xFE76, 0xFE95, 0xFE95,
  0xFE95, 0xFE95, 0xFE95, 0xFE95, 0xFE95, 0xFE95, 0xFE75, 0xB450,
  0x4948, 0x4AF0, 0x4D16, 0x5495, 0x39CB, 0x4947, 0xABEF, 0xF635,
  0xFE75, 0xFE95, 0xFE95, 0xFE75, 0xFE75, 0xFE75, 0xFE75, 0xFE75,
  0xFE75, 0xFE75, 0xF656, 0x934D, 0x4967, 0x94B1, 0xB715, 0xA713,
  0xA713, 0xA713, 0xA713, 0xA713, 0xA713, 0xA6F3, 0xC736, 0xF79B,
  0xFF7B, 0xFF7B, 0xFF7B, 0xFF7B, 0xFF7B, 0xEF5C, 0xA659, 0x85D9,
  0x85D9, 0x85DA, 0x7DDA, 0x7DDA, 0x85DA, 0x7DD9, 0x85D9, 0x85B9,
  0x7DBA, 0x7DDA, 0x7DDA, 0x7DDA, 0x7DDA, 0x7DDA, 0x7DDA, 0x7DBA,
  0x7DBA, 0x7DDA, 0x7DDA, 0x7DBA, 0x6D99, 0x4D38, 0x4538, 0x4538,
  0x4D38, 0x4D38, 0x4CF7, 0x4351, 0x3149, 0x4947, 0xA2CC, 0xB2EC,
  0xB2EC, 0xB2EB, 0xB2EB, 0xB2EB, 0xB2EC, 0xAAED, 0xAACC, 0xA2CD,
  0x9ACD, 0x822B, 0x79C9, 0xA2CC, 0xB2EC, 0xAB0C, 0x824A, 0x5147,
  0x6A09, 0x7209, 0x6A09, 0x7229, 0x69E8, 0x71E8, 0xB30C, 0xBB0B,
  0xBB0B, 0xBB0B, 0xC30B, 0xC30B, 0xBB0B, 0xBB0B, 0xC32A, 0xE42B,
  0xEC8A, 0xF54F, 0xFE13, 0xF5F4, 0xF6B7, 0xFF7A, 0xFF7B, 0xFF7B,
  0xFF7A, 0xFF7B, 0xDE18, 0x6A4A, 0x61C8, 0x69C8, 0x8249, 0x8249,
  0x8A89, 0xAB6D, 0xBBCE, 0xBBCE, 0xBBAE, 0xBBAE, 0xBBCE, 0xB38D,
  0x92AB, 0x8A49, 0x8269, 0x7229, 0x59C8, 0x7B0D, 0xE699, 0xBCD2,
  0xB4B2, 0xB4B2, 0x61E9, 0x6A09, 0x6A09, 0x7A09, 0xC3CE, 0xB38B,
  0xAB6A, 0xAB6A, 0xAB6A, 0xAB8A, 0xAB8A, 0xAB4C, 0x7A29, 0xA3AE,
  0xF676, 0xFE75, 0xFE75, 0xFE76, 0xFE75, 0xFE95, 0xFE95, 0xFE95,
  0xFE95, 0xFE95, 0xFE95, 0xFE95, 0xFE95, 0xFE95, 0xFE95, 0xFE75,
  0xFE76, 0xFE96, 0xF696, 0xF6D8, 0xFF7B, 0xFF7B, 0xFF9B, 0xFF7A,
  0xFF7B, 0xFF7B, 0xFF7B, 0xFF7B, 0xF77B, 0xFF7B, 0xFF7B, 0xE6B9,
  0x93AE, 0xDD72, 0xF5F3, 0xFDF2, 0xF5F3, 0xF5F3, 0xF5F3, 0xF614,
  0x82AB, 0x5988, 0x6A09, 0x7209, 0x9AEC, 0x7A4A, 0x4128, 0x6330,
  0x8517, 0x522C, 0x4948, 0x41CA, 0x53D2, 0x5C34, 0x31CB, 0x4127,
  0x7AAB, 0xDD73, 0xFE76, 0xFE75, 0xFE75, 0xFE95, 0xFE95, 0xFE75,
  0xFE75, 0xFE76, 0xFE96, 0xEE56, 0xBCB1, 0x938E, 0x61C9, 0x4128,
  0x5AAE, 0x4127, 0xAB4C, 0xF614, 0xFE75, 0xFE96, 0xFE95, 0xFE95,
  0xFE95, 0xFE95, 0xFE95, 0xFE95, 0xFE95, 0xFE95, 0xF675, 0x9B8E,
  0x4148, 0x5392, 0x5D16, 0x42AF, 0x3928, 0x8AAA, 0xEDD4, 0xFE75,
  0xFE95, 0xFE95, 0xFE95, 0xFE75, 0xFE75, 0xFE75, 0xFE75, 0xFE95,
  0xFE76, 0xFE75, 0xDDB4, 0x6A0A, 0x5229, 0xA613, 0xA713, 0xA713,
  0xA713, 0xA713, 0xA713, 0xA713, 0xA713, 0xA6F3, 0xBF36, 0xF7BA,
  0xFF7B, 0xFF7B, 0xFF7B, 0xFF7B, 0xFF7B, 0xF77B, 0xD73C, 0x8DD9,
  0x85B9, 0x85DA, 0x7DDA, 0x7DDA, 0x7DDA, 0x7DD9, 0xA69B, 0x963A,
  0x85B9, 0x7DDA, 0x7DDA, 0x7DDA, 0x7DDA, 0x7DDA, 0x7DDA, 0x7DDA,
  0x7DBA, 0x7DDA, 0x7DDA, 0x7DDA, 0x75DA, 0x5D38, 0x4D38, 0x4538,
  0x4538, 0x4D38, 0x4538, 0x54F7, 0x3ACF, 0x3128, 0x5967, 0x9ACC,
  0xB2EC, 0xB2EB, 0xB2EB, 0xB30B, 0xB2EC, 0xB2EC, 0xB2EC, 0xAACC,
  0xB30C, 0xA2EC, 0x924C, 0x79C9, 0xA2AC, 0xB2EC, 0xAB0C, 0x71C9,
  0x59A8, 0x6A09, 0x6A09, 0x6A09, 0x69E9, 0x6187, 0xB32D, 0xBB0C,
  0xC32B, 0xBB0B, 0xC30B, 0xC30B, 0xC30B, 0xC30B, 0xCB4A, 0xEC6B,
  0xECCC, 0xFDD1, 0xFE13, 0xFE34, 0xF676, 0xFF39, 0xFF7B, 0xFF7B,
  0xFF7B, 0xFF7B, 0xF73B, 0x9BF0, 0x59A8, 0x61A8, 0x69E8, 0x8269,
  0x8A49, 0x928A, 0xAB8D, 0xBBCF, 0xBBCF, 0xB3AE, 0xA32C, 0x8A8A,
  0x8A69, 0x8A6A, 0x7A4A, 0x61C8, 0x59C8, 0xCDB7, 0xF71B, 0xBCD2,
  0xB4B1, 0xBCB2, 0x59C8, 0x6A09, 0x6A09, 0x7A29, 0xC3CE, 0xB38B,
  0xAB6A, 0xAB6A, 0xAB8A, 0xAB8A, 0xAB6B, 0x9B0C, 0x7A49, 0xE5B5,
  0xFE96, 0xFE95, 0xFE95, 0xFE75, 0xFE75, 0xFE95, 0xFE95, 0xFE95,
  0xFE95, 0xFE95, 0xFE95, 0xFE95, 0xFE95, 0xFE95, 0xFE95, 0xFE76,
  0xFE76, 0xFE95, 0xFE75, 0xF696, 0xF6F9, 0xFF7B, 0xFF7B, 0xFF7B,
  0xFF7B, 0xFF7B, 0xFF7B, 0xFF7B, 0xF77B, 0xFF5B, 0xD5F6, 0x7ACA,
  0xC4F1, 0xF614, 0xFDF3, 0xFDF3, 0xFDF3, 0xEDB2, 0xF5F3, 0xEDD4,
  0x6A09, 0x5988, 0x6A09, 0x7209, 0x92CC, 0x5947, 0x49EB, 0x7D17,
  0x7D58, 0x526D, 0x3929, 0x430F, 0x6475, 0x3A0C, 0x3928, 0x59C8,
  0xDD95, 0xF676, 0xFE75, 0xFE75, 0xFE96, 0xFE95, 0xFE95, 0xFE75,
  0xFE75, 0xFE75, 0xFE95, 0xFE96, 0xF695, 0xEE35, 0xC4F2, 0x59C9,
  0x4148, 0x5147, 0xC3EE, 0xFE55, 0xFE75, 0xFE95, 0xFE95, 0xFE95,
  0xFE95, 0xFE95, 0xFE95, 0xFE95, 0xFE95, 0xFE96, 0xFE76, 0x82AB,
  0x4169, 0x5C14, 0x4B92, 0x3129, 0x61C9, 0xCCB1, 0xFE55, 0xFE75,
  0xFE95, 0xFE95, 0xFE95, 0xFE95, 0xFE75, 0xFE75, 0xFE75, 0xFE95,
  0xFE75, 0xFE76, 0xB450, 0x5187, 0x7C0F, 0xAED4, 0xA713, 0xA6F3,
  0xA713, 0xA713, 0xA713, 0xA713, 0xA713, 0xA6F3, 0xBF15, 0xEFBA,
  0xFF7B, 0xFF7B, 0xFF7B, 0xFF7B, 0xFF7B, 0xFF7B, 0xF79C, 0xBE9A,
  0x85B9, 0x7DDA, 0x7DDA, 0x7DDA, 0x7DDA, 0x85D9, 0xCF3C, 0xB6DB,
  0x7DDA, 0x7DDA, 0x7DDA, 0x7DBA, 0x7DDA, 0x7DDA, 0x7DDA, 0x7DDA,
  0x7DDA, 0x7DDA, 0x7DDA, 0x7DDA, 0x7DDA, 0x6D99, 0x5538, 0x4D38,
  0x4538, 0x4538, 0x4D38, 0x4518, 0x54D7, 0x3A8D, 0x3907, 0x6188,
  0xAAEC, 0xB2EC, 0xB2EB, 0xB2EB, 0xB2EB, 0xB2EB, 0xB2EB, 0xBB4B,
  0xE48D, 0xDC2C, 0xBB4B, 0x9ACA, 0x79A7, 0x9AAB, 0xAAEC, 0xA2EC,
  0x6166, 0x61E9, 0x6A09, 0x6A29, 0x6A09, 0x5987, 0x9ACB, 0xBB2C,
  0xBAEB, 0xBB0B, 0xC30B, 0xC30B, 0xC30B, 0xC30B, 0xCB6A, 0xE46B,
  0xF56F, 0xFE13, 0xFE13, 0xFDF3, 0xF614, 0xF6B7, 0xFF5A, 0xFF7B,
  0xFF7B, 0xFF7B, 0xFF7B, 0xF73B, 0x72CB, 0x59C8, 0x59C8, 0x7229,
  0x826A, 0x8A4A, 0x8229, 0x92AA, 0x8A6A, 0x8249, 0x8229, 0x8A4A,
  0x8269, 0x7A4A, 0x69E9, 0x59E8, 0xB4D3, 0xFF5C, 0xF71A, 0xB4B1,
  0xB4B1, 0xB451, 0x61A8, 0x6A09, 0x6A09, 0x7A29, 0xC3CE, 0xB38B,
  0xAB6A, 0xAB6A, 0xAB8A, 0xAB6B, 0xA32C, 0x6167, 0xAC2F, 0xF676,
  0xF675, 0xFE95, 0xFE95, 0xFE95, 0xFE95, 0xFE95, 0xFE95, 0xFE95,
  0xFE95, 0xFE95, 0xFE95, 0xFE95, 0xFE95, 0xFE95, 0xFE95, 0xFE76,
  0xFE76, 0xFE95, 0xFE75, 0xFE96, 0xB4B0, 0xE699, 0xFF5B, 0xFF7B,
  0xFF7A, 0xFF7B, 0xFF7B, 0xF75B, 0xF73B, 0xB4B2, 0x82C9, 0xDD72,
  0xF5F4, 0xFDF3, 0xFDF3, 0xFDD3, 0xFDF4, 0xAB8C, 0xDD72, 0xD532,
  0x5987, 0x61C9, 0x6A09, 0x828B, 0x71EA, 0x3948, 0x63B2, 0x7DB9,
  0x64F6, 0x426D, 0x320C, 0x5C54, 0x320C, 0x3928, 0x59E8, 0xD573,
  0xF696, 0xFE75, 0xFE95, 0xFE95, 0xFE96, 0xFE95, 0xFE95, 0xFE75,
  0xFE75, 0xFE95, 0xFE95, 0xFE75, 0xFE75, 0xFE96, 0xEE36, 0x8B2D,
  0x4107, 0x6988, 0xCC4F, 0xFE55, 0xFE95, 0xFE95, 0xFE95, 0xFE95,
  0xFE95, 0xFE95, 0xFE95, 0xFE75, 0xFE95, 0xFE75, 0xF656, 0x61C8,
  0x3969, 0x5C33, 0x31AB, 0x5128, 0xAB4D, 0xF615, 0xFE75, 0xFE75,
  0xFE95, 0xFE95, 0xFE95, 0xFE95, 0xFE95, 0xFE75, 0xFE75, 0xFE75,
  0xFE95, 0xEE16, 0x61C8, 0x49A6, 0xA633, 0xA6F3, 0xA713, 0xA6F3,
  0xA713, 0xA713, 0xA713, 0xA713, 0xA713, 0xA713, 0xB715, 0xEFBA,
  0xFF7B, 0xFF7B, 0xFF7B, 0xFF7B, 0xFF7B, 0xFF7B, 0xFF7B, 0xEF7C,
  0x9E19, 0x7DD9, 0x7DDA, 0x85BA, 0x85DA, 0x85B9, 0xA67B, 0x9E1A,
  0x7DDA, 0x7DDA, 0x7DD9, 0x7DB9, 0x7DB9, 0x7DB9, 0x7DB9, 0x7DDA,
  0x7DDA, 0x7DDA, 0x7DDA, 0x7DDA, 0x7DDA, 0x7DBA, 0x6D99, 0x5538,
  0x4D38, 0x4538, 0x4D38, 0x4D18, 0x4D18, 0x54B6, 0x322B, 0x3927,
  0x69A9, 0xA2CC, 0xB2EC, 0xB2CB, 0xB2EB, 0xB2EB, 0xB2EB, 0xCBAB,
  0xE48B, 0xE4AC, 0xE4AC, 0xDC2B, 0xC3AA, 0x9A88, 0x9A6A, 0xB30C,
  0x8209, 0x5167, 0x6A0A, 0x6A09, 0x6A09, 0x61E9, 0x69C7, 0xB30C,
  0xBB0B, 0xC30B, 0xC30B, 0xC30B, 0xC30B, 0xC30B, 0xDBEB, 0xECCC,
  0xFDF2, 0xFE13, 0xFE13, 0xFE13, 0xFE13, 0xF634, 0xFF18, 0xFF7B,
  0xFF7B, 0xFF7B, 0xFF7B, 0xFF7B, 0xE678, 0x7AEC, 0x59C8, 0x61E8,
  0x724A, 0x824A, 0x8A4A, 0x8A69, 0x8269, 0x8249, 0x8249, 0x8249,
  0x7A29, 0x69E9, 0x59C8, 0x8B8E, 0xEEFA, 0xFF5B, 0xF71A, 0xBCB1,
  0xBC70, 0xA38D, 0x59A7, 0x6A09, 0x6A09, 0x7A49, 0xBB8E, 0xB36B,
  0xAB6A, 0xAB6A, 0xAB6B, 0xB38D, 0x824A, 0x8AEB, 0xF656, 0xFE95,
  0xFE95, 0xFE95, 0xFE95, 0xFE95, 0xFE95, 0xFE95, 0xFE95, 0xFE95,
  0xFE95, 0xFE95, 0xFE95, 0xFE95, 0xFE95, 0xFE95, 0xFE95, 0xFE75,
  0xFE75, 0xFE95, 0xFE75, 0xF675, 0xDD73, 0x7ACB, 0xB4D3, 0xD5B6,
  0xD5D7, 0xD5F6, 0xCDD6, 0xB4D3, 0x82CB, 0x9B6C, 0xE592, 0xF5F3,
  0xFE13, 0xFE13, 0xFDF3, 0xE551, 0xDD11, 0xB3EE, 0xD531, 0xB470,
  0x5167, 0x6A0A, 0x6A0A, 0x7A4B, 0x4908, 0x4AAE, 0x7578, 0x5D57,
  0x54F6, 0x3330, 0x5413, 0x42AE, 0x3928, 0x6229, 0xCD53, 0xF696,
  0xFE95, 0xFE95, 0xFE95, 0xFE95, 0xFE96, 0xFE95, 0xFE95, 0xFE95,
  0xFE95, 0xFE95, 0xFE75, 0xFE75, 0xF635, 0xDDB3, 0xFE76, 0xCD53,
  0x4106, 0x71C9, 0xDCB0, 0xFE75, 0xFE75, 0xFE75, 0xFE95, 0xFE95,
  0xFE95, 0xFE95, 0xFE95, 0xFE75, 0xFE76, 0xFE76, 0xEDF6, 0x5188,
  0x41CA, 0x5B91, 0x3948, 0x71C9, 0xE4F1, 0xFE75, 0xFE75, 0xFE75,
  0xFE95, 0xFE95, 0xFE95, 0xFE95, 0xFE95, 0xFE75, 0xFE75, 0xFE75,
  0xF676, 0xA3CE, 0x5167, 0x846F, 0xA6D4, 0xA713, 0xA713, 0xA713,
  0xA713, 0xA713, 0xA713, 0xA713, 0xA713, 0xA713, 0xB715, 0xE7BA,
  0xFF7B, 0xFF7B, 0xFF7B, 0xFF7B, 0xFF7B, 0xFF7B, 0xF77B, 0xFF9B,
  0xCEFB, 0x85D8, 0x7DB9, 0x7DB9, 0x8E1B, 0x7DD9, 0x7DB9, 0x7DD9,
  0x7DBA, 0x7DDA, 0x7DD9, 0x7DB9, 0x85DA, 0x7DD9, 0x7DD9, 0x7DDA,
  0x7DDA, 0x7DDA, 0x7DDA, 0x7DDA, 0x7DDA, 0x7DBA, 0x7DDA, 0x6D99,
  0x5538, 0x4D38, 0x4D38, 0x4D38, 0x4518, 0x4D38, 0x5495, 0x3A6D,
  0x3907, 0x69C9, 0xA2AC, 0xB2EC, 0xB2EB, 0xB2EB, 0xB2CB, 0xCBAB,
  0xE4CD, 0xF5D1, 0xF590, 0xED2E, 0xE4CD, 0xD42C, 0xBB6B, 0xB30B,
  0xA2CB, 0x69A8, 0x5988, 0x6A0A, 0x6A09, 0x6A09, 0x5966, 0xAB0B,
  0xBB2B, 0xC30B, 0xC30B, 0xC30B, 0xC30B, 0xC32A, 0xE44C, 0xED2E,
  0xFE12, 0xF613, 0xFDF3, 0xFDF3, 0xFDF3, 0xFE13, 0xFE96, 0xFF7A,
  0xFF7B, 0xFF7B, 0xFF7B, 0xFF7B, 0xF75B, 0xD637, 0x834D, 0x61E8,
  0x61E8, 0x7209, 0x7A29, 0x7A49, 0x824A, 0x7A4A, 0x7229, 0x6A09,
  0x61C8, 0x59C8, 0x8B8E, 0xDE78, 0xFF5B, 0xFF7B, 0xF6F9, 0xBCB1,
  0xBBEF, 0xAB4D, 0x61A7, 0x6A09, 0x6A09, 0x826A, 0xBBAE, 0xB36B,
  0xAB6A, 0xAB6A, 0xAB6C, 0x9ACC, 0x8AAB, 0xEE15, 0xFE95, 0xFE95,
  0xFE95, 0xFE95, 0xFE95, 0xFE95, 0xFE95, 0xFE95, 0xFE95, 0xFE95,
  0xFE95, 0xFE95, 0xFE95, 0xFE95, 0xFE95, 0xFE95, 0xFE95, 0xFE75,
  0xFE75, 0xFE95, 0xFE95, 0xFE75, 0xFE96, 0xEE36, 0xAC0F, 0x82EB,
  0x82CC, 0x8B0C, 0x8B0C, 0xA38D, 0xCCF1, 0xF5F4, 0xFDF3, 0xFE13,
  0xFE13, 0xFE12, 0xFDF3, 0xBC4F, 0x8269, 0xDD32, 0xE5B3, 0x9BAE,
  0x5968, 0x6A2A, 0x61C9, 0x5148, 0x49AB, 0x74B6, 0x5D58, 0x4D37,
  0x4D17, 0x54D6, 0x4B91, 0x3148, 0x59C8, 0xC512, 0xF676, 0xFE95,
  0xFE95, 0xFE95, 0xFE95, 0xFE95, 0xFE95, 0xFE95, 0xFE95, 0xFE95,
  0xFE95, 0xFE95, 0xFE75, 0xFE96, 0xE5D4, 0xDDB4, 0xFE76, 0xE615,
  0x4106, 0x7A09, 0xDCF1, 0xFE75, 0xFE75, 0xFE75, 0xFE95, 0xFE95,
  0xFE95, 0xFE95, 0xFE95, 0xFE75, 0xFE76, 0xFE76, 0xC4F2, 0x4927,
  0x4A0B, 0x420B, 0x4926, 0xAB4C, 0xEDB3, 0xFE75, 0xFE75, 0xFE95,
  0xFE95, 0xFE95, 0xFE95, 0xFE95, 0xFE95, 0xFE75, 0xFE75, 0xFE75,
  0xDD94, 0x6A2A, 0x5228, 0xA613, 0x9F13, 0xA713, 0xA713, 0xA713,
  0xA713, 0xA713, 0xA713, 0xA713, 0xA713, 0xA713, 0xAF15, 0xE7B9,
  0xFF7B, 0xFF7B, 0xFF7B, 0xFF7B, 0xFF7B, 0xF77B, 0xFF9B, 0xFF9B,
  0xEF7C, 0xB67A, 0x85B9, 0x85B9, 0x85DA, 0x7DDA, 0x7DDA, 0x7DDA,
  0x85DA, 0x7DDA, 0x7DD9, 0x7DD9, 0x8E1B, 0x7DD9, 0x7DD9, 0x7DDA,
  0x7DDA, 0x7DDA, 0x7DDA, 0x7DDA, 0x7DDA, 0x7DBA, 0x7DDA, 0x75BA,
  0x6579, 0x5559, 0x4D38, 0x4D39, 0x4539, 0x4538, 0x4D18, 0x4C13,
  0x318A, 0x4106, 0x69A8, 0xA2CC, 0xAAEC, 0xAAEC, 0xA2CB, 0xBB4B,
  0xE4CD, 0xF633, 0xFE75, 0xF634, 0xF5F2, 0xED4F, 0xDC8D, 0xD40C,
  0xBB4C, 0x92AB, 0x5967, 0x59A9, 0x6A09, 0x6A09, 0x61A8, 0x928A,
  0xBB0B, 0xC30B, 0xC30B, 0xC30B, 0xC32B, 0xC309, 0xE46C, 0xF570,
  0xFE13, 0xFDF3, 0xFDF3, 0xFDF3, 0xFDF3, 0xFE13, 0xF633, 0xF6D7,
  0xFF7A, 0xFF7B, 0xFF7B, 0xFF7B, 0xFF7B, 0xFF5B, 0xE698, 0xA430,
  0x6A29, 0x59C8, 0x61C8, 0x61E9, 0x61E9, 0x61E9, 0x61C9, 0x59A8,
  0x6209, 0x9C10, 0xE6B9, 0xFF7B, 0xFF5B, 0xFF5B, 0xF6D9, 0xBC50,
  0xBB6D, 0xAB0C, 0x5987, 0x6A09, 0x6A09, 0x8A8B, 0xBBAE, 0xAB6B,
  0xAB6A, 0xAB8C, 0xA30D, 0x69A8, 0xBC91, 0xF675, 0xFE95, 0xFE95,
  0xFE95, 0xFE95, 0xFE95, 0xFE95, 0xFE95, 0xFE95, 0xFE95, 0xFE95,
  0xFE95, 0xFE95, 0xFE95, 0xFE95, 0xFE95, 0xFE95, 0xFE95, 0xFE95,
  0xFE95, 0xFE95, 0xFE95, 0xFE96, 0xFE96, 0xF655, 0xF676, 0xE5D4,
  0xDD93, 0xDD93, 0xEDD4, 0xF614, 0xFE14, 0xFDF3, 0xFDF3, 0xFDF3,
  0xFDF3, 0xFE12, 0xFDF2, 0xBC4F, 0x71E7, 0xEDB3, 0xF655, 0x7AAA,
  0x5988, 0x6209, 0x4948, 0x4928, 0x52EF, 0x5D18, 0x4D38, 0x4538,
  0x4D18, 0x4BF3, 0x31AA, 0x4968, 0xAC50, 0xFE96, 0xFE95, 0xFE75,
  0xFE76, 0xFE76, 0xFE95, 0xFE95, 0xFE95, 0xFE95, 0xFE95, 0xFE95,
  0xFE95, 0xFE95, 0xFE75, 0xFE75, 0xD551, 0xEDF5, 0xFE75, 0xE5D5,
  0x4105, 0x8249, 0xE531, 0xF675, 0xFE76, 0xFE95, 0xFE95, 0xFE95,
  0xFE95, 0xFE95, 0xFE95, 0xFE95, 0xFE96, 0xFE96, 0x9B8E, 0x4928,
  0x4149, 0x3928, 0x7A29, 0xDCAF, 0xFE54, 0xFE75, 0xFE76, 0xFE95,
  0xFE95, 0xFE95, 0xFE95, 0xFE95, 0xFE95, 0xFE95, 0xFE76, 0xF675,
  0xA3CE, 0x5188, 0x634B, 0xA6B4, 0x9F13, 0xA714, 0xA713, 0xA713,
  0xA713, 0xA713, 0xA713, 0xA713, 0xA713, 0xA713, 0xAF14, 0xDF99,
  0xF77B, 0xFF7B, 0xF77B, 0xF77B, 0xF77B, 0xF77B, 0xFF9B, 0xFFBB,
  0xF79B, 0xEF9D, 0x9E19, 0x85DA, 0x8E1A, 0x7DDA, 0x7DDA, 0x7DDA,
  0x7DBA, 0x7DDA, 0x7DDA, 0x7DDA, 0x7DBA, 0x7DDA, 0x7DBA, 0x7DBA,
  0x7DBA, 0x7DB9, 0x85DA, 0x7DD9, 0x7DDA, 0x7DDA, 0x7DD9, 0x7DDA,
  0x75DA, 0x6DBA, 0x5D58, 0x5538, 0x5518, 0x54F8, 0x54F7, 0x5C96,
  0x3A0B, 0x3927, 0x4107, 0x61A8, 0x69E8, 0x5986, 0x5987, 0x92A9,
  0xE48D, 0xF591, 0xFE76, 0xFE55, 0xFE75, 0xFE74, 0xF633, 0xF5B1,
  0xDC8E, 0xB30B, 0x824A, 0x5147, 0x61C9, 0x6A0A, 0x69E9, 0x8229,
  0xBB0B, 0xC30B, 0xBB2B, 0xC30B, 0xC32B, 0xC32A, 0xE48C, 0xF5B1,
  0xFDF2, 0xFDF3, 0xFDF3, 0xFDF3, 0xFDF3, 0xFDF3, 0xFDF3, 0xF634,
  0xFF19, 0xF77B, 0xF77B, 0xFF9B, 0xFF7B, 0xFF7B, 0xFF7B, 0xF71A,
  0xDE38, 0x93AF, 0x59E8, 0x59C8, 0x59E8, 0x59C8, 0x59C8, 0x830D,
  0xE679, 0xEF1B, 0xF77B, 0xFF7B, 0xFF7B, 0xFF5B, 0xF6B8, 0xB3AD,
  0xBB2C, 0xA2EB, 0x5987, 0x69E9, 0x7209, 0x9ACB, 0xC3AD, 0xAB6B,
  0xAB6B, 0xAB8E, 0x69C8, 0x9B4D, 0xF655, 0xFE95, 0xFE95, 0xFE95,
  0xFE95, 0xFE95, 0xFE95, 0xFE95, 0xFE95, 0xFE95, 0xFE95, 0xFE95,
  0xFE95, 0xFE95, 0xFE95, 0xFE95, 0xFE95, 0xFE95, 0xFE95, 0xFE95,
  0xFE95, 0xFE95, 0xFE95, 0xFE95, 0xFE95, 0xFE76, 0xFE76, 0xFE75,
  0xFE75, 0xFE54, 0xFE34, 0xFE13, 0xFDF3, 0xFDF3, 0xFE13, 0xFDF3,
  0xFE13, 0xFE13, 0xFDF2, 0xDD52, 0x71E7, 0xEDD3, 0xF676, 0x6A09,
  0x61EA, 0x5188, 0x4127, 0x41AB, 0x7517, 0x5558, 0x5559, 0x5559,
  0x54B6, 0x3A0C, 0x3907, 0x934D, 0xEE36, 0xFE75, 0xFE95, 0xFE75,
  0xFE75, 0xFE76, 0xFE95, 0xFE95, 0xFE95, 0xFE76, 0xFE75, 0xFE75,
  0xFE75, 0xFE95, 0xFE95, 0xFE55, 0xE5B3, 0xF635, 0xFE75, 0xDD95,
  0x4926, 0x8A6A, 0xED71, 0xFE75, 0xFE75, 0xFE95, 0xFE95, 0xFE95,
  0xFE95, 0xFE95, 0xFE95, 0xFE95, 0xFE76, 0xF676, 0x7AAB, 0x4908,
  0x3908, 0x5147, 0xB36C, 0xF5B2, 0xFE75, 0xFE95, 0xFE75, 0xFE95,
  0xFE95, 0xFE95, 0xFE95, 0xFE95, 0xFE96, 0xFE95, 0xFE76, 0xEE36,
  0x6A29, 0x4167, 0x95B1, 0xA714, 0xA713, 0xA714, 0xA713, 0xA713,
  0xA713, 0xA713, 0xA713, 0xA713, 0xA713, 0xA6F3, 0xAF13, 0xDF99,
  0xF77B, 0xFF7B, 0xF77B, 0xF77B, 0xF77B, 0xFF7B, 0xFF9B, 0xF7BB,
  0xF7BB, 0xF79C, 0xCF1C, 0x85D9, 0x85FA, 0x7DB9, 0x7DDA, 0x7DDA,
  0x7DDA, 0x7DDA, 0x7DDA, 0x7DDA, 0x7DBA, 0x7DBA, 0x85FA, 0x7DB9,
  0x7DDA, 0x85DA, 0x85D9, 0x7DDA, 0x85BA, 0x85B9, 0x8599, 0x8D99,
  0x8578, 0x8538, 0x7D17, 0x5BF3, 0x42EF, 0x42AD, 0x3A4B, 0x3209,
  0x41C8, 0x49A7, 0x49A8, 0x49C7, 0x5246, 0x52C7, 0x5287, 0x7A47,
  0xCBCB, 0xED0F, 0xFE75, 0xFE75, 0xFE76, 0xFE75, 0xFE95, 0xFE74,
  0xF5D2, 0xD44E, 0xAAEB, 0x9ACC, 0x6167, 0x5988, 0x6A0A, 0x71E8,
  0xAAEB, 0xC30B, 0xBB2B, 0xC30B, 0xC30B, 0xC34A, 0xECAC, 0xF5B1,
  0xFDF2, 0xFDF3, 0xFDF3, 0xFDF3, 0xFDF3, 0xFDF3, 0xFDF3, 0xFE13,
  0xF696, 0xFF7A, 0xFF7B, 0xF75A, 0xFF7B, 0xFF7B, 0xFF7B, 0xFF7B,
  0xFF7B, 0xFF5B, 0xF71B, 0xDE38, 0xD5F6, 0xE679, 0xF6FA, 0xFF3B,
  0xFF5B, 0xFF7B, 0xFF7A, 0xFF7B, 0xFF5B, 0xFF5A, 0xEDB3, 0xBB2B,
  0xBB2B, 0x9ACB, 0x5987, 0x69E9, 0x7209, 0xA2EC, 0xBB6C, 0xB36C,
  0xAB4C, 0x8AAB, 0x7228, 0xF656, 0xFE75, 0xFE95, 0xFE95, 0xFE95,
  0xFE95, 0xFE95, 0xFE95, 0xFE95, 0xFE95, 0xFE95, 0xFE95, 0xFE95,
  0xFE95, 0xFE95, 0xFE95, 0xFE95, 0xFE95, 0xFE95, 0xFE95, 0xFE95,
  0xFE95, 0xFE95, 0xFE95, 0xFE95, 0xFE95, 0xFE95, 0xFE95, 0xFE95,
  0xFE75, 0xFE54, 0xFE13, 0xFE13, 0xFE13, 0xFDF3, 0xFE13, 0xFE13,
  0xFE13, 0xFE13, 0xFDF3, 0xCCCF, 0xC46F, 0xF614, 0xF656, 0x6208,
  0x5189, 0x4106, 0x4169, 0x6C34, 0x6558, 0x5578, 0x5558, 0x6538,
  0x3A8D, 0x3927, 0x59A7, 0xE5D5, 0xFE76, 0xFE95, 0xFE95, 0xFE95,
  0xFE95, 0xFE95, 0xFE95, 0xFE95, 0xFE95, 0xFE95, 0xFE95, 0xFE75,
  0xFE75, 0xFE75, 0xFE75, 0xFE96, 0xF676, 0xFE76, 0xFE76, 0xB491,
  0x4906, 0x8A69, 0xF5D2, 0xFE95, 0xFE95, 0xFE95, 0xFE95, 0xFE95,
  0xFE95, 0xFE95, 0xFE95, 0xFE95, 0xFE96, 0xF635, 0x5967, 0x4107,
  0x4127, 0x71C8, 0xD46F, 0xFE54, 0xFE95, 0xFE95, 0xFE95, 0xFE95,
  0xFE95, 0xFE95, 0xFE95, 0xFE95, 0xFE75, 0xFE95, 0xF676, 0xA3EF,
  0x4967, 0x6B8C, 0xAF14, 0xA713, 0xA6F3, 0xA713, 0xA713, 0xA713,
  0xA713, 0xA713, 0xA713, 0xA714, 0xA714, 0xA714, 0xAF14, 0xD778,
  0xF77B, 0xFF7B, 0xF77B, 0xFF7B, 0xFF7B, 0xFF7B, 0xFF9B, 0xF79B,
  0xF79C, 0xF79C, 0xC6DC, 0x85D9, 0x861A, 0x85DA, 0x7DDA, 0x7DDA,
  0x7DDA, 0x7DDA, 0x7DDA, 0x7DDA, 0x7DBA, 0x7DBA, 0x8E1B, 0x85DA,
  0x7DB9, 0x7DB9, 0x7D58, 0x7D17, 0x7CB5, 0x7454, 0x6BD1, 0x5B0E,
  0x39E9, 0x39C9, 0x4A29, 0x52AA, 0x52A9, 0x5AC8, 0x5B07, 0x6B68,
  0x8C6B, 0xAD51, 0xB594, 0xB5B3, 0x7C6B, 0x5BC6, 0x5B88, 0x6A67,
  0xB32B, 0xDC4D, 0xF5B0, 0xFE74, 0xFE76, 0xFE76, 0xFE75, 0xFE75,
  0xFE75, 0xF614, 0xCC4E, 0xB30B, 0x9ACC, 0x69C8, 0x59A8, 0x69E8,
  0x9AEB, 0xBB2B, 0xBB0B, 0xC30B, 0xC30B, 0xCB6A, 0xECCD, 0xFDD1,
  0xFDF2, 0xFDF2, 0xFDF3, 0xFDF3, 0xFDF3, 0xFDF3, 0xFDF3, 0xFE12,
  0xF613, 0xF656, 0xEE97, 0xF75A, 0xFF9B, 0xFF7B, 0xFF7B, 0xFF7B,
  0xF77B, 0xFF7B, 0xFF7B, 0xFF5B, 0xFF7B, 0xFF7B, 0xFF7B, 0xFF7B,
  0xFF7B, 0xFF7B, 0xFF7B, 0xFF5B, 0xF739, 0xF696, 0xDCAE, 0xC30A,
  0xBB0B, 0x9ACB, 0x5987, 0x6A09, 0x7229, 0xAB2D, 0xBB6D, 0xB38D,
  0x92AB, 0x71E8, 0xD553, 0xF675, 0xFE76, 0xFE76, 0xFE95, 0xFE95,
  0xFE95, 0xFE95, 0xFE95, 0xFE95, 0xFE95, 0xFE95, 0xFE95, 0xFE95,
  0xFE95, 0xFE95, 0xFE95, 0xFE95, 0xFE95, 0xFE95, 0xFE95, 0xFE95,
  0xFE95, 0xFE95, 0xFE95, 0xFE95, 0xFE95, 0xFE95, 0xFE95, 0xFE95,
  0xFE75, 0xFE54, 0xFE13, 0xFE13, 0xFE13, 0xFDF3, 0xFE13, 0xFE13,
  0xFE13, 0xFE13, 0xFDF3, 0xFE13, 0xF614, 0xFE35, 0xE5B4, 0x59A7,
  0x4128, 0x4989, 0x5B50, 0x6537, 0x5558, 0x5538, 0x5D37, 0x4330,
  0x3128, 0x61C7, 0xC4B0, 0xFE76, 0xF695, 0xF695, 0xFE96, 0xFE95,
  0xFE95, 0xFE95, 0xFE95, 0xFE95, 0xFE95, 0xFE95, 0xFE95, 0xFE76,
  0xFE75, 0xFE75, 0xFE55, 0xF655, 0xD511, 0xF655, 0xF675, 0xAC2F,
  0x4927, 0x928A, 0xF5F3, 0xFE95, 0xFE95, 0xFE95, 0xFE95, 0xFE95,
  0xFE95, 0xFE95, 0xFE95, 0xFE76, 0xFE75, 0xDD93, 0x4907, 0x3907,
  0x4906, 0xAB0B, 0xED72, 0xFE75, 0xFE95, 0xFE95, 0xFE95, 0xFE95,
  0xFE95, 0xFE95, 0xFE95, 0xFE95, 0xFE96, 0xFE75, 0xE5F5, 0x59A7,
  0x4A08, 0xA654, 0xA6F3, 0xA6F3, 0xA713, 0xA713, 0xA713, 0xA713,
  0xA713, 0xA713, 0xA713, 0xA713, 0xA714, 0xA713, 0xA6F4, 0xCF57,
  0xF77B, 0xFF7B, 0xF77B, 0xFF7B, 0xFF7B, 0xFF7B, 0xF77B, 0xF79B,
  0xEF7C, 0xC6BB, 0x95D9, 0x7DB9, 0x7DB9, 0x7DD9, 0x7DDA, 0x7DDA,
  0x7DDA, 0x7DDA, 0x7DDA, 0x7DDA, 0x7DBA, 0x7DBA, 0x85BA, 0x8579,
  0x6C53, 0x63F2, 0x6BAF, 0x4A8A, 0x4248, 0x5AAA, 0x6B2B, 0x6B4B,
  0x6B4B, 0x73AD, 0x848E, 0x9D4E, 0xA5AD, 0x9DAC, 0xA5AC, 0xA5AC,
  0xA5AC, 0xADF0, 0xB5F3, 0xB5D2, 0x7C8B, 0x6408, 0x7C6C, 0x6268,
  0x8A8A, 0xBB6B, 0xDC6C, 0xED70, 0xF5F3, 0xFE75, 0xFE75, 0xF675,
  0xFE95, 0xFE95, 0xF5F3, 0xD44E, 0xB30B, 0xA2AB, 0x7A2A, 0x7208,
  0x8A68, 0xBB2B, 0xBB0B, 0xBB0B, 0xC32B, 0xC34A, 0xECCD, 0xFDD2,
  0xFDF2, 0xFDF2, 0xFDF3, 0xFDF3, 0xFDF3, 0xFDF3, 0xFDF3, 0xFDF2,
  0xFE12, 0xF5F3, 0xBC90, 0xDDF6, 0xF75B, 0xFF7B, 0xFF7A, 0xFF9A,
  0xFF7B, 0xFF5A, 0xFF7B, 0xFF7B, 0xFF7B, 0xFF7B, 0xFF7B, 0xFF7B,
  0xFF7A, 0xFF7B, 0xFF7B, 0xEEF9, 0xE635, 0xF5F3, 0xDC2B, 0xC30A,
  0xC30B, 0x92AA, 0x5988, 0x6A09, 0x7A29, 0xB36E, 0xBB8E, 0x92AB,
  0x69A7, 0xBC50, 0xFE76, 0xFE75, 0xFE76, 0xFE76, 0xFE95, 0xFE95,
  0xFE95, 0xFE95, 0xFE95, 0xFE95, 0xFE95, 0xFE95, 0xFE95, 0xFE95,
  0xFE95, 0xFE95, 0xFE95, 0xFE95, 0xFE95, 0xFE95, 0xFE95, 0xFE95,
  0xFE95, 0xFE95, 0xFE95, 0xFE95, 0xFE95, 0xFE95, 0xFE95, 0xFE95,
  0xFE75, 0xFE34, 0xFE13, 0xFE13, 0xFE13, 0xFDF3, 0xFE13, 0xFE13,
  0xFE13, 0xFE13, 0xFDF3, 0xFE12, 0xF5F3, 0xFE55, 0xAC0F, 0x4126,
  0x4128, 0x4A6D, 0x64D6, 0x5558, 0x5558, 0x5518, 0x5C13, 0x3169,
  0x4946, 0x9B6B, 0xF654, 0xFE75, 0xFE95, 0xFE95, 0xFE95, 0xFE95,
  0xFE95, 0xFE95, 0xFE95, 0xFE95, 0xFE95, 0xFE95, 0xFE95, 0xFE75,
  0xFE75, 0xFE95, 0xFE75, 0xFE55, 0xE530, 0xED91, 0xF674, 0xAC0F,
  0x4927, 0x92AA, 0xF613, 0xFE95, 0xFE95, 0xFE95, 0xFE95, 0xFE95,
  0xFE95, 0xFE95, 0xFE95, 0xFE75, 0xFE75, 0xC4F2, 0x4907, 0x3907,
  0x71C8, 0xCC2D, 0xF613, 0xFE75, 0xFE76, 0xFE75, 0xFE95, 0xFE95,
  0xFE95, 0xFE95, 0xFE95, 0xFE95, 0xFE95, 0xF676, 0xB430, 0x5168,
  0x73AD, 0xA6D3, 0xA713, 0xA713, 0xA713, 0xA713, 0xA713, 0xA713,
  0xA713, 0xA713, 0xA713, 0xA713, 0xA713, 0xA713, 0xA6F3, 0xBF16,
  0xF77B, 0xFF7B, 0xFF7B, 0xFF7B, 0xFF7B, 0xFF7B, 0xF77B, 0xF7BC,
  0xBEBB, 0x8DB9, 0x85DA, 0x7DD9, 0x7DD9, 0x7DD9, 0x7DDA, 0x7DDA,
  0x7DDA, 0x7DDA, 0x7DBA, 0x7DDA, 0x7DBA, 0x7DBA, 0x7D58, 0x5B2F,
  0x52AB, 0x738D, 0x840C, 0x73C8, 0x7C28, 0x8CCB, 0xA58F, 0xA590,
  0x9D90, 0x9D91, 0x9D90, 0x9DAD, 0x9DEB, 0x9DCB, 0x9DAB, 0xA5EC,
  0xA5CC, 0x9D6C, 0x742A, 0x63A7, 0x7C8C, 0xADB4, 0xBE16, 0x7B6E,
  0x5168, 0x69C8, 0xAB2B, 0xCC2D, 0xE4EF, 0xE52F, 0xEDB2, 0xF613,
  0xFE75, 0xFE54, 0xFE75, 0xF614, 0xC3ED, 0xB2EA, 0xB30D, 0xA2CB,
  0xA2CA, 0xBB0B, 0xC30B, 0xBB0B, 0xC32B, 0xC329, 0xECAC, 0xFDD2,
  0xFDF2, 0xFDF2, 0xFDF3, 0xFDF3, 0xFDF3, 0xFDF3, 0xFDF3, 0xFDF2,
  0xFDF2, 0xFDF3, 0xE572, 0x9B8C, 0xBCF2, 0xFF5B, 0xFF7B, 0xFF9A,
  0xFF7A, 0xF73A, 0xF75A, 0xFF5A, 0xFF7A, 0xFF7B, 0xFF7B, 0xFF7B,
  0xFF7B, 0xFF5B, 0xF73B, 0xB4D1, 0xE614, 0xF5D2, 0xD3EB, 0xC30B,
  0xC32B, 0x8A8A, 0x5988, 0x6A09, 0x7A09, 0xA30D, 0x928A, 0x71E8,
  0xB450, 0xF656, 0xFE76, 0xFE95, 0xFE95, 0xFE95, 0xFE95, 0xFE95,
  0xFE95, 0xFE95, 0xFE95, 0xFE95, 0xFE95, 0xFE95, 0xFE95, 0xFE95,
  0xFE95, 0xFE95, 0xFE95, 0xFE95, 0xFE95, 0xFE95, 0xFE95, 0xFE95,
  0xFE95, 0xFE95, 0xFE95, 0xFE95, 0xFE95, 0xFE95, 0xFE95, 0xFE95,
  0xFE54, 0xFE34, 0xFE13, 0xFE13, 0xFE13, 0xFE13, 0xFE13, 0xFE13,
  0xFE13, 0xFE13, 0xFDF3, 0xFDF2, 0xFE13, 0xFE55, 0x6A49, 0x4106,
  0x49EB, 0x6455, 0x5537, 0x4D58, 0x4D58, 0x5CB6, 0x3A0C, 0x4107,
  0x7A28, 0xDD10, 0xFE75, 0xFE95, 0xFE95, 0xFE95, 0xFE95, 0xFE95,
  0xFE95, 0xFE95, 0xFE95, 0xFE95, 0xFE95, 0xFE95, 0xFE75, 0xFE75,
  0xFE75, 0xFE95, 0xFE75, 0xED71, 0xDC4C, 0xDC6C, 0xF5F2, 0xBCD1,
  0x4927, 0x92CB, 0xF5F3, 0xFE95, 0xFE95, 0xFE95, 0xFE95, 0xFE95,
  0xFE95, 0xFE95, 0xFE95, 0xFE75, 0xFE96, 0xB450, 0x40E7, 0x4927,
  0x9AAA, 0xE4EF, 0xFE75, 0xFE75, 0xFE76, 0xFE76, 0xFE95, 0xFE95,
  0xFE95, 0xFE95, 0xFE95, 0xFE95, 0xFE95, 0xE5F5, 0x7AAB, 0x4967,
  0x9571, 0xA713, 0xA713, 0xA713, 0xA713, 0xA713, 0xA713, 0xA713,
  0xA713, 0xA713, 0xA713, 0xA6F3, 0xA713, 0xA6F3, 0xA6F3, 0xB6F5,
  0xFF7B, 0xFF7B, 0xFF7B, 0xFF7B, 0xFF7B, 0xFF7B, 0xF77C, 0xC69A,
  0x9598, 0x85B9, 0x7DD9, 0x7DD9, 0x7DD9, 0x7DD9, 0x7DDA, 0x7DDA,
  0x85DA, 0x7DBA, 0x7DBA, 0x7DBA, 0x7DBA, 0x7DBA, 0x7D17, 0x6B2E,
  0xB593, 0xB5B2, 0xA56D, 0x84C7, 0x84E7, 0x954A, 0xA5AE, 0xA5AE,
  0xA5AF, 0x9D90, 0xA5AF, 0xA5CD, 0x9D8C, 0x84A9, 0x7C88, 0xA5CC,
  0xADCC, 0x8CE9, 0x42C2, 0x42C2, 0x7C4B, 0xCE79, 0xD69A, 0x9432,
  0x4127, 0x4927, 0x5147, 0x71E8, 0xA34C, 0xBB8C, 0xC3CC, 0xD44E,
  0xDCAF, 0xDCF0, 0xE531, 0xF5D4, 0xED53, 0xC38C, 0xB2EC, 0xB30C,
  0xBB0B, 0xC30B, 0xC30B, 0xC30B, 0xC32B, 0xC32A, 0xECAC, 0xF5B1,
  0xFDF2, 0xFDF2, 0xFDF3, 0xFDF3, 0xFDF3, 0xFDF3, 0xFDF3, 0xFDF3,
  0xFDF3, 0xFDF3, 0xFDF3, 0xE573, 0x8AC9, 0x9BCF, 0xFF3B, 0xFF7B,
  0xFF7B, 0xFF5A, 0xFF7A, 0xFF7B, 0xFF7B, 0xFF5B, 0xFF7B, 0xFF7B,
  0xFF5C, 0xDE58, 0x832B, 0xE5F5, 0xF655, 0xED91, 0xCBAB, 0xC30A,
  0xCBAC, 0x8269, 0x5988, 0x6A09, 0x8A8B, 0x92EC, 0x7208, 0xA3CE,
  0xEE36, 0xFE96, 0xFE75, 0xFE95, 0xFE95, 0xFE95, 0xFE76, 0xFE95,
  0xFE95, 0xFE95, 0xFE95, 0xFE95, 0xFE95, 0xFE95, 0xFE95, 0xFE95,
  0xFE95, 0xFE95, 0xFE95, 0xFE95, 0xFE95, 0xFE95, 0xFE95, 0xFE95,
  0xFE95, 0xFE95, 0xFE95, 0xFE95, 0xFE95, 0xFE95, 0xFE95, 0xFE95,
  0xFE54, 0xFE34, 0xFE13, 0xFE13, 0xFE13, 0xFE13, 0xFE13, 0xFE13,
  0xFE13, 0xFE13, 0xFDF3, 0xFDF3, 0xFE54, 0xEE15, 0x5988, 0x51EA,
  0x8CF7, 0x5D38, 0x5D79, 0x5558, 0x5D38, 0x42EF, 0x3928, 0x5166,
  0xCC0D, 0xF5F3, 0xFE75, 0xFE76, 0xFE76, 0xFE76, 0xFE95, 0xFE95,
  0xFE95, 0xFE95, 0xFE95, 0xFE95, 0xFE95, 0xFE95, 0xFE76, 0xFE76,
  0xFE95, 0xFE75, 0xEDB1, 0xD44D, 0xCB4A, 0xCB6A, 0xE550, 0xDDD4,
  0x4926, 0x9ACB, 0xF5F3, 0xFE95, 0xFE95, 0xFE95, 0xFE95, 0xFE95,
  0xFE95, 0xFE95, 0xFE95, 0xFE95, 0xF676, 0x9BAE, 0x40E7, 0x69C8,
  0xBB6B, 0xF5D2, 0xFE95, 0xFE75, 0xFE75, 0xFE96, 0xFE95, 0xFE95,
  0xFE95, 0xFE95, 0xFE95, 0xFE95, 0xFE75, 0xCCF2, 0x59A8, 0x4A28,
  0xAEB4, 0xA713, 0xA713, 0xA713, 0xA713, 0xA713, 0xA713, 0xA713,
  0xA713, 0xA713, 0xA713, 0xA713, 0xA714, 0xA6F4, 0xA713, 0xAEF4,
  0xFF7B, 0xFF7B, 0xFF7B, 0xFF7B, 0xFF7B, 0xF77B, 0xB69A, 0x8D77,
  0xA536, 0x8D78, 0x7DDA, 0x7DD9, 0x7DD9, 0x7DD9, 0x7DDA, 0x7DDA,
  0x85BA, 0x7DDA, 0x7DBA, 0x85FA, 0x7DDA, 0x7DDA, 0x7D17, 0x5AEC,
  0xB5D3, 0xB5F2, 0xA58D, 0x8CE7, 0x84C7, 0x952A, 0x9DAD, 0xA5CD,
  0x8D2A, 0x8D0A, 0x84C9, 0x7467, 0x5B66, 0x5B67, 0x6BE7, 0xA5CB,
  0xA5CB, 0x8D29, 0x42C1, 0x3AA0, 0x6BC8, 0xCE58, 0xCE59, 0xA4B3,
  0x4968, 0x5189, 0x4107, 0x4107, 0x4907, 0x5147, 0x6167, 0x824A,
  0x92AB, 0x9AEC, 0x9AEC, 0xA32D, 0xAB2D, 0xB32D, 0xB2EB, 0xBB0C,
  0xBB0B, 0xBB0B, 0xC30B, 0xC30B, 0xC32B, 0xC32A, 0xEC8C, 0xF5B1,
  0xFDF2, 0xFDF3, 0xFDF3, 0xFDF3, 0xFDF3, 0xFDF3, 0xFDF3, 0xFDF3,
  0xFDF3, 0xFDF3, 0xFDF2, 0xFDF3, 0xF5D3, 0x9B4C, 0x5966, 0x7AAB,
  0xD5D6, 0xF71B, 0xF6FA, 0xF6FA, 0xF6FA, 0xEEDA, 0xEF1B, 0xD5F6,
  0x72AB, 0x8B2C, 0xEE36, 0xF696, 0xFE74, 0xED2F, 0xCB8A, 0xC32A,
  0xDC8E, 0x7A69, 0x61A9, 0x69E9, 0x69E9, 0x7249, 0x9BAD, 0xF656,
  0xFE96, 0xFE95, 0xFE95, 0xFE95, 0xFE95, 0xFE95, 0xFE76, 0xFE95,
  0xFE95, 0xFE95, 0xFE95, 0xFE95, 0xFE75, 0xFE75, 0xFE75, 0xFE75,
  0xFE75, 0xFE95, 0xFE75, 0xFE75, 0xFE75, 0xFE75, 0xFE75, 0xFE75,
  0xFE95, 0xFE95, 0xFE95, 0xFE95, 0xFE95, 0xFE75, 0xFE95, 0xFE95,
  0xFE54, 0xFE34, 0xFE13, 0xFE13, 0xFE13, 0xFE13, 0xFE13, 0xFE13,
  0xFE13, 0xFE13, 0xFDF3, 0xFE13, 0xF654, 0xBC90, 0x5969, 0x7B70,
  0x7D78, 0x5537, 0x5559, 0x5D38, 0x5455, 0x3168, 0x4106, 0x9AEA,
  0xE52F, 0xF654, 0xFE95, 0xFE75, 0xFE76, 0xFE76, 0xFE95, 0xFE95,
  0xFE95, 0xFE95, 0xFE95, 0xFE95, 0xFE95, 0xFE95, 0xFE76, 0xF696,
  0xFE75, 0xF5D2, 0xDC6C, 0xC32A, 0xC2EB, 0xC30A, 0xD48D, 0xE5F5,
  0x4947, 0x92CB, 0xF5F3, 0xFE95, 0xFE95, 0xFE95, 0xFE95, 0xFE95,
  0xFE95, 0xFE95, 0xFE95, 0xFE75, 0xF655, 0x8B2D, 0x4107, 0x8A6A,
  0xDC4E, 0xFE55, 0xFE95, 0xFE75, 0xFE95, 0xFE96, 0xFE95, 0xFE95,
  0xFE95, 0xFE95, 0xFE75, 0xFE75, 0xFE76, 0x8B0C, 0x4947, 0x84CF,
  0xA6F4, 0x9F13, 0xA713, 0xA713, 0xA713, 0xA713, 0xA713, 0xA713,
  0xA713, 0x9F14, 0x9EF4, 0x9ED4, 0x9ED5, 0x9EF5, 0x96D4, 0x9EF5,
  0xF77B, 0xFF9B, 0xFF7B, 0xFF7B, 0xEF7C, 0xBE7A, 0x8DB9, 0x9557,
  0xC432, 0xACD5, 0x85B9, 0x85D9, 0x7DD9, 0x7DD9, 0x7DDA, 0x7DDA,
  0x85BA, 0x7DDA, 0x7DDA, 0x7DDA, 0x7DDA, 0x7DDA, 0x7D58, 0x4AAB,
  0xA571, 0x9D8F, 0x9D4D, 0x7C6A, 0x7449, 0x6BE7, 0x5342, 0x5381,
  0x5BC2, 0x84E6, 0x84E6, 0x7CA7, 0x5B66, 0x6367, 0x6386, 0xA58C,
  0xADCC, 0x954B, 0x4AC4, 0x4263, 0x5B07, 0xCE78, 0xD69A, 0xC5D8,
  0x4968, 0x59A9, 0x59A9, 0x5189, 0x5189, 0x5189, 0x5148, 0x5147,
  0x4927, 0x4927, 0x4927, 0x4906, 0x5927, 0x826C, 0x9AAC, 0xB2EC,
  0xBB0B, 0xBB0B, 0xBB0B, 0xC30B, 0xC30B, 0xC32A, 0xE46C, 0xF590,
  0xFDF3, 0xFDF2, 0xFDF3, 0xFDF3, 0xFDF3, 0xFDF3, 0xFDF3, 0xFDF2,
  0xFDF3, 0xFDF3, 0xFDF2, 0xFDD2, 0xFDF3, 0xF5D3, 0xE573, 0x9B4C,
  0x7248, 0x7229, 0x7229, 0x7249, 0x7249, 0x6A28, 0x728A, 0x8B2C,
  0xD573, 0xF656, 0xFE75, 0xFE76, 0xFE95, 0xE4AD, 0xCB4A, 0xCBAB,
  0xED91, 0x61E7, 0x61C9, 0x6A0A, 0x6A09, 0x934C, 0xF676, 0xFE96,
  0xFE76, 0xFE95, 0xFE95, 0xFE95, 0xFE95, 0xFE95, 0xFE76, 0xFE95,
  0xFE95, 0xFE95, 0xFE95, 0xFE95, 0xFE75, 0xFE75, 0xFE75, 0xFE76,
  0xFE76, 0xFE95, 0xFE75, 0xFE75, 0xFE75, 0xFE75, 0xFE75, 0xFE75,
  0xFE95, 0xFE95, 0xFE95, 0xFE95, 0xFE95, 0xFE76, 0xFE95, 0xFE95,
  0xFE54, 0xFE34, 0xFE13, 0xFE13, 0xFE13, 0xFE13, 0xFDF3, 0xFDF3,
  0xFDF3, 0xFDF3, 0xFDF3, 0xF613, 0xF654, 0xA3CE, 0x5989, 0x8D17,
  0x5D57, 0x5558, 0x5539, 0x5D17, 0x3A8D, 0x3947, 0x61A6, 0xD42C,
  0xF613, 0xFE96, 0xFE95, 0xFE95, 0xFE95, 0xFE95, 0xFE95, 0xFE96,
  0xFE95, 0xFE95, 0xFE95, 0xFE76, 0xFE76, 0xFE96, 0xEE14, 0xF655,
  0xF5F3, 0xE4AE, 0xC36A, 0xC30B, 0xC30B, 0xC30A, 0xD3EC, 0xE5D4,
  0x5167, 0x92AA, 0xEDB1, 0xFE75, 0xFE75, 0xFE95, 0xFE95, 0xFE95,
  0xFE95, 0xFE95, 0xFE95, 0xFE95, 0xEE35, 0x7AAB, 0x50E6, 0xB30B,
  0xE4EF, 0xFE75, 0xFE75, 0xFE95, 0xFE95, 0xFE95, 0xFE95, 0xFE95,
  0xFE95, 0xFE96, 0xFE75, 0xFE76, 0xDD94, 0x5988, 0x4A08, 0xA693,
  0xA713, 0xA714, 0xA713, 0xA713, 0xA713, 0xA713, 0x9EF4, 0x96F5,
  0x96D5, 0x8675, 0x7616, 0x6574, 0x65B5, 0x5D75, 0x5D95, 0x5D95,
  0xF77A, 0xFF9B, 0xFF7B, 0xEF5B, 0xB67A, 0x8DD9, 0x8DB9, 0xACD5,
  0xDBB0, 0xD412, 0xA557, 0x85B9, 0x7DD9, 0x7DD9, 0x7DDA, 0x7DDA,
  0x7DDA, 0x7DDA, 0x7DDA, 0x7DDA, 0x7DBA, 0x7DDA, 0x7DB9, 0x5BAF,
  0x6C0B, 0x5BE7, 0x63C7, 0x6BEA, 0x73EB, 0x6BC9, 0x5362, 0x4B40,
  0x53A2, 0x7CC6, 0x84E6, 0x7CC8, 0x5BA5, 0x5BA6, 0x5BA6, 0x7C2A,
  0x7BAA, 0x734A, 0x4A06, 0x41A5, 0x4A08, 0xD699, 0xD6BA, 0xD67A,
  0x51C9, 0x59A9, 0x59A9, 0x59A9, 0x59A9, 0x59A9, 0x59A9, 0x59A9,
  0x59A9, 0x59A9, 0x5989, 0x5168, 0x5148, 0x4927, 0x61A8, 0x8A4A,
  0xB2EC, 0xBB0B, 0xBB0B, 0xC30B, 0xC30B, 0xC30A, 0xDC0B, 0xF54F,
  0xFDF2, 0xFDF3, 0xFDF3, 0xFDF3, 0xFDF3, 0xFDF3, 0xFDF3, 0xF5F3,
  0xFDF3, 0xF5F3, 0xF5F3, 0xFDF3, 0xFDF2, 0xFDF2, 0xFDF3, 0xF5F4,
  0xF5F4, 0xE573, 0xC490, 0xC490, 0xC4B0, 0xCD11, 0xEE15, 0xF656,
  0xFE96, 0xFE95, 0xFE75, 0xFE75, 0xFE54, 0xDC6C, 0xD3AA, 0xE4EF,
  0xF634, 0x59E7, 0x61E9, 0x61A8, 0x82CB, 0xDDB4, 0xFE96, 0xFE95,
  0xFE75, 0xFE95, 0xFE95, 0xFE95, 0xFE95, 0xFE95, 0xFE95, 0xFE95,
  0xFE95, 0xFE95, 0xFE95, 0xFE95, 0xFE75, 0xFE75, 0xFE95, 0xFE76,
  0xFE96, 0xFE95, 0xFE95, 0xFE95, 0xFE95, 0xFE95, 0xFE95, 0xFE95,
  0xFE95, 0xFE95, 0xFE95, 0xFE95, 0xFE95, 0xFE76, 0xFE95, 0xFE95,
  0xFE75, 0xFE34, 0xFE13, 0xFE13, 0xFE13, 0xFE13, 0xFE13, 0xFDF3,
  0xFDF3, 0xFDF3, 0xFE13, 0xF634, 0xEE14, 0x7AAB, 0x4148, 0x7D37,
  0x5D58, 0x5538, 0x5539, 0x5CD6, 0x318A, 0x4126, 0x9AC9, 0xE52F,
  0xFE75, 0xFE76, 0xFE95, 0xFE95, 0xFE95, 0xFE95, 0xFE95, 0xFE95,
  0xFE96, 0xFE95, 0xFE75, 0xFE75, 0xF675, 0xD553, 0x9B6C, 0xDD11,
  0xDC4D, 0xC36B, 0xC32B, 0xC30B, 0xC30B, 0xC30B, 0xCB8B, 0xEDB3,
  0x59A7, 0x92AA, 0xED91, 0xFE75, 0xFE75, 0xFE95, 0xFE95, 0xFE95,
  0xFE95, 0xFE95, 0xFE95, 0xFE95, 0xDDB4, 0x61C8, 0x71C9, 0xC38C,
  0xF591, 0xFE75, 0xFE75, 0xFE95, 0xFE95, 0xFE95, 0xFE95, 0xFE95,
  0xFE95, 0xFE96, 0xFE96, 0xF656, 0xA3CF, 0x4947, 0x7C0E, 0xA6F4,
  0xA713, 0xA713, 0xA713, 0xA713, 0xA714, 0x9EF4, 0x8675, 0x65F6,
  0x65D6, 0x5576, 0x5557, 0x4D57, 0x5558, 0x4D57, 0x4D57, 0x4D57,
  0xF77B, 0xF79B, 0xE75C, 0xAE5A, 0x8DD9, 0x85B9, 0x9598, 0xC473,
  0xE3B0, 0xE38F, 0xBCB4, 0x95B8, 0x7DB9, 0x7DBA, 0x7DDA, 0x7DDA,
  0x7DDA, 0x7DDA, 0x7DDA, 0x7DDA, 0x7DDA, 0x7DB9, 0x85D9, 0x7493,
  0x5368, 0x5BE6, 0x5BE7, 0x6BEA, 0x6BCB, 0x6BCA, 0x5324, 0x4B22,
  0x4B23, 0x8CE9, 0x9D4B, 0x9D8D, 0x74C8, 0x6CC5, 0x6CC6, 0x4A65,
  0x4166, 0x4987, 0x4167, 0x4147, 0x4989, 0xD65A, 0xD6DA, 0xDEDA,
  0x5A2A, 0x51A9, 0x59A9, 0x59A9, 0x59A9, 0x59A9, 0x5989, 0x59A9,
  0x59A9, 0x59A9, 0x59A9, 0x5989, 0x5189, 0x4988, 0x4127, 0x5147,
  0x9AAB, 0xBB0B, 0xBB0B, 0xC32B, 0xC32B, 0xC30B, 0xD3AB, 0xED0E,
  0xFDF2, 0xFDF3, 0xFDF3, 0xFDF2, 0xFDF2, 0xFDF3, 0xFDF3, 0xCCD0,
  0xD4F0, 0xEDF4, 0x9B4B, 0xE571, 0xF5D2, 0xFDF3, 0xFDF3, 0xFDF3,
  0xFE13, 0xFE14, 0xF614, 0xF634, 0xFE55, 0xF655, 0xFE75, 0xFE75,
  0xFE75, 0xFE75, 0xFE95, 0xFE75, 0xF612, 0xDC6B, 0xE4AD, 0xF5F3,
  0xEE15, 0x5187, 0x59C9, 0x7AAA, 0xD574, 0xF676, 0xFE95, 0xFE95,
  0xFE95, 0xFE95, 0xFE95, 0xFE95, 0xFE95, 0xFE95, 0xFE95, 0xFE95,
  0xFE95, 0xFE95, 0xFE95, 0xFE95, 0xFE95, 0xFE95, 0xFE95, 0xFE95,
  0xFE95, 0xFE95, 0xFE95, 0xFE96, 0xFE95, 0xFE95, 0xFE95, 0xFE95,
  0xFE95, 0xFE95, 0xFE95, 0xFE95, 0xFE95, 0xFE75, 0xFE95, 0xFE95,
  0xFE75, 0xFE54, 0xFE14, 0xFE13, 0xFE13, 0xFE13, 0xFE13, 0xFE13,
  0xFDF3, 0xFDF3, 0xFE13, 0xFE55, 0xDD94, 0x59C9, 0x4A2C, 0x6D37,
  0x5538, 0x5538, 0x5D38, 0x4B92, 0x3948, 0x61A8, 0xC3ED, 0xF5F2,
  0xFE95, 0xFE76, 0xFE95, 0xFE95, 0xFE95, 0xFE95, 0xFE95, 0xFE95,
  0xFE95, 0xFE96, 0xFE75, 0xF675, 0xE5F5, 0x7AAB, 0x5145, 0xAB0B,
  0xC36B, 0xC32B, 0xBB2B, 0xBB2B, 0xBB2B, 0xC32B, 0xC34B, 0xE511,
  0x7249, 0x92AA, 0xED50, 0xFE75, 0xFE75, 0xFE75, 0xFE95, 0xFE95,
  0xFE95, 0xFE95, 0xFE95, 0xFE96, 0xC4F2, 0x4926, 0xA2EC, 0xD3CC,
  0xF5D2, 0xFE75, 0xFE75, 0xFE95, 0xFE95, 0xFE95, 0xFE95, 0xFE95,
  0xFE76, 0xFE76, 0xFE75, 0xE5D5, 0x7A4B, 0x49C8, 0x9592, 0xA713,
  0xA713, 0xA713, 0xA6F3, 0xA714, 0x9ED5, 0x7E35, 0x5555, 0x4D57,
  0x4D57, 0x4D57, 0x4D58, 0x4D37, 0x4D58, 0x4D57, 0x4D57, 0x4D57,
  0xF77B, 0xEF5B, 0xAE39, 0x85B9, 0x7DBA, 0x9E5B, 0xB5D8, 0xC3B0,
  0xE3B0, 0xEB6E, 0xD3D0, 0x9D36, 0x85B9, 0x7DBA, 0x85FA, 0x85D9,
  0x7DFA, 0x7DDA, 0x7DDA, 0x7DDA, 0x7DDA, 0x7DBA, 0x85B9, 0x5BB0,
  0x4AC6, 0x5BE6, 0x5BC6, 0x6BCA, 0x6B4B, 0x5AA9, 0x4205, 0x41E4,
  0x39C4, 0xA530, 0xB5F1, 0xB611, 0x8569, 0x6D65, 0x6D25, 0x52A6,
  0x4167, 0x4147, 0x4167, 0x4147, 0x4147, 0xBDB6, 0xD717, 0xCED6,
  0x62A9, 0x51A9, 0x59A9, 0x59A9, 0x59A9, 0x59A9, 0x59A9, 0x59A9,
  0x59A9, 0x59A9, 0x59A9, 0x5989, 0x59A9, 0x59A9, 0x5189, 0x4127,
  0x5947, 0xAACB, 0xBB0B, 0xC32B, 0xC30B, 0xC30B, 0xCB8B, 0xE4AD,
  0xFDF2, 0xFDF3, 0xFDF3, 0xFDF2, 0xFDF2, 0xFDF3, 0xF5D3, 0x8247,
  0xD4D0, 0xD511, 0x7A49, 0xE592, 0xFDF3, 0xFDF3, 0xFDF3, 0xFDF3,
  0xFDF3, 0xFE13, 0xFE14, 0xFE34, 0xFE55, 0xFE75, 0xFE75, 0xFE75,
  0xFE76, 0xFE76, 0xFE76, 0xFE75, 0xEDD1, 0xDCED, 0xF5F2, 0xFE75,
  0xDDB4, 0x5166, 0x6A49, 0xDDB4, 0xF676, 0xFE95, 0xFE95, 0xFE95,
  0xFE95, 0xFE95, 0xFE95, 0xFE95, 0xFE95, 0xFE95, 0xFE95, 0xFE95,
  0xFE95, 0xFE95, 0xFE95, 0xFE95, 0xFE95, 0xFE95, 0xFE95, 0xFE95,
  0xFE96, 0xFE75, 0xFE76, 0xF675, 0xFE75, 0xFE95, 0xFE95, 0xFE95,
  0xFE95, 0xFE95, 0xFE95, 0xFE95, 0xFE95, 0xFE95, 0xFE95, 0xFE95,
  0xFE75, 0xFE55, 0xFE34, 0xFE34, 0xFE14, 0xFE13, 0xFE13, 0xFE13,
  0xFE13, 0xFE13, 0xFE33, 0xFE75, 0xBC71, 0x4948, 0x6BD2, 0x6558,
  0x5558, 0x4D38, 0x5D38, 0x320B, 0x4127, 0x92AB, 0xDCAE, 0xF654,
  0xFE76, 0xFE75, 0xFE95, 0xFE95, 0xFE95, 0xFE95, 0xFE95, 0xFE96,
  0xFE95, 0xFE96, 0xFE96, 0xF656, 0x7AAB, 0x4926, 0x71E8, 0xB30B,
  0xC32B, 0xBB2B, 0xBB2B, 0xBB2B, 0xBB2B, 0xC32B, 0xC32B, 0xD44E,
  0x8AAA, 0x9289, 0xE4EF, 0xFE75, 0xFE75, 0xFE96, 0xFE95, 0xFE95,
  0xFE95, 0xFE95, 0xFE75, 0xFE76, 0x8B4D, 0x5147, 0xB32C, 0xDC4D,
  0xF614, 0xFE75, 0xFE75, 0xFE95, 0xFE95, 0xFE95, 0xFE95, 0xFE95,
  0xFE76, 0xFE76, 0xF696, 0xC4D2, 0x59A9, 0x5ACA, 0xA6B4, 0xA713,
  0xA713, 0xA713, 0xA6F4, 0x9F16, 0x6DB4, 0x5D56, 0x4D57, 0x4D57,
  0x5558, 0x4D57, 0x4D37, 0x4D37, 0x4D37, 0x4D37, 0x4D57, 0x4D57,
  0xF77B, 0xDEFA, 0xA5D7, 0x8DD9, 0x85B9, 0x8D98, 0xB515, 0xE410,
  0xEB6F, 0xEB8F, 0xE390, 0xBC73, 0x8D78, 0x7DBA, 0x7D99, 0x85B9,
  0x7DD9, 0x7DDA, 0x7DDA, 0x7DDA, 0x7DDA, 0x7DDA, 0x85BA, 0x63B1,
  0x52C6, 0x7487, 0x7CA7, 0x52A6, 0x4167, 0x4148, 0x4147, 0x4967,
  0x4167, 0xA4B1, 0xBDD3, 0xB612, 0x8569, 0x6D64, 0x6D65, 0x52E6,
  0x4147, 0x4968, 0x4147, 0x4147, 0x4147, 0x7BEB, 0x9DAC, 0x958B,
  0x7369, 0x5188, 0x59A9, 0x59A9, 0x59A9, 0x59A9, 0x59A9, 0x59A9,
  0x59A9, 0x59A9, 0x59A9, 0x59A9, 0x59A9, 0x59A9, 0x5989, 0x4948,
  0x4107, 0x71A8, 0xB30C, 0xBB2B, 0xC30B, 0xC30B, 0xCB6B, 0xE44C,
  0xFDB1, 0xFDF3, 0xFDF3, 0xFDF3, 0xFDF2, 0xFDF3, 0xF5D3, 0x9B29,
  0xF5D4, 0xABCD, 0x930B, 0xF5F3, 0xFDF2, 0xFDF3, 0xFDF3, 0xFDF3,
  0xFDF3, 0xFE13, 0xFE14, 0xFE34, 0xFE55, 0xFE75, 0xFE75, 0xFE75,
  0xFE95, 0xFE76, 0xFE75, 0xFE75, 0xFE75, 0xFE53, 0xFE75, 0xFE75,
  0xCD32, 0x69E7, 0xCD12, 0xFE76, 0xFE95, 0xFE95, 0xFE95, 0xFE95,
  0xFE75, 0xFE95, 0xFE95, 0xFE95, 0xFE95, 0xFE95, 0xFE95, 0xFE95,
  0xFE95, 0xFE95, 0xFE95, 0xFE95, 0xFE95, 0xFE95, 0xFE95, 0xFE75,
  0xEE14, 0xEE54, 0xF696, 0xF696, 0xFE96, 0xFE95, 0xFE75, 0xFE75,
  0xFE95, 0xFE95, 0xFE95, 0xFE95, 0xFE95, 0xFE75, 0xFE95, 0xFE95,
  0xFE75, 0xFE75, 0xFE55, 0xFE34, 0xFE34, 0xFE34, 0xFE14, 0xFE14,
  0xFE13, 0xF633, 0xF634, 0xF697, 0x722A, 0x4128, 0x7D16, 0x5558,
  0x5558, 0x4D38, 0x5CF6, 0x2969, 0x5168, 0xB34B, 0xED30, 0xFE75,
  0xFE75, 0xFE75, 0xFE95, 0xFE95, 0xFE95, 0xFE95, 0xFE95, 0xFE75,
  0xFE95, 0xFE96, 0xEE36, 0x934D, 0x4907, 0x69A8, 0xB34C, 0xBB0B,
  0xC30B, 0xC30B, 0xBB2B, 0xBB2B, 0xBB0B, 0xBB2B, 0xC32B, 0xD3ED,
  0xA34C, 0x9248, 0xDC6D, 0xFE55, 0xFE75, 0xFE75, 0xFE95, 0xFE95,
  0xFE95, 0xFE95, 0xFE75, 0xF656, 0x6A29, 0x69C9, 0xBB4B, 0xE4AE,
  0xFE54, 0xFE95, 0xFE95, 0xFE95, 0xFE95, 0xFE95, 0xFE95, 0xFE75,
  0xFE95, 0xFE95, 0xF676, 0x9B8E, 0x4967, 0x8D31, 0xA6F4, 0xA733,
  0xA713, 0xA6F4, 0x9EF5, 0x6DF5, 0x5576, 0x4D57, 0x4D58, 0x4D58,
  0x4D37, 0x4D57, 0x4D57, 0x4D37, 0x4D57, 0x4D57, 0x4D37, 0x4D37,
  0xFF7B, 0xF79B, 0xEF7C, 0xD71B, 0xBE9A, 0xADF8, 0xC472, 0xE38F,
  0xEB6F, 0xEB8F, 0xEB8F, 0xD3D0, 0xA4F5, 0x8599, 0x85DA, 0x963B,
  0x85B9, 0x7DDA, 0x7DDA, 0x7DDA, 0x7DDA, 0x7DDA, 0x85BA, 0x7413,
  0x52A7, 0x84E7, 0x84E7, 0x62C7, 0x4947, 0x4948, 0x4948, 0x4947,
  0x4147, 0x8BCE, 0xB5D1, 0xA5CF, 0x7D29, 0x6484, 0x5C64, 0x52A5,
  0x4167, 0x4968, 0x4147, 0x4148, 0x4147, 0x6307, 0x9DC9, 0x95C9,
  0x840A, 0x51A8, 0x5989, 0x59A9, 0x59A9, 0x59A9, 0x59A9, 0x59A9,
  0x59A9, 0x59A9, 0x59A9, 0x59A9, 0x59A9, 0x59A9, 0x5989, 0x5189,
  0x4127, 0x4927, 0x92AB, 0xBB0C, 0xC32B, 0xC32B, 0xC32B, 0xD3EB,
  0xF52E, 0xFDF2, 0xFDF3, 0xFDF3, 0xFDF3, 0xFDF3, 0xFDF2, 0xF5F3,
  0xF5F4, 0x8AAA, 0x9B6C, 0xF5F3, 0xFDF3, 0xFDF3, 0xFDF3, 0xFDF3,
  0xFDF3, 0xFE13, 0xFE13, 0xFE13, 0xFE54, 0xFE75, 0xFE75, 0xFE75,
  0xFE95, 0xFE95, 0xFE95, 0xFE75, 0xFE76, 0xFE95, 0xFE75, 0xFE75,
  0xF655, 0xEE15, 0xF676, 0xFE95, 0xFE95, 0xFE95, 0xFE95, 0xFE75,
  0xFE76, 0xFE95, 0xFE95, 0xFE95, 0xFE95, 0xFE95, 0xFE95, 0xFE95,
  0xFE95, 0xFE95, 0xFE95, 0xFE95, 0xFE75, 0xFE95, 0xFE95, 0xF613,
  0xE5F3, 0xFF38, 0xFF58, 0xF6D7, 0xF6B6, 0xFE95, 0xFE75, 0xFE75,
  0xFE95, 0xFE95, 0xFE95, 0xFE95, 0xFE95, 0xFE75, 0xFE95, 0xFE95,
  0xFE75, 0xFE75, 0xFE75, 0xFE55, 0xFE54, 0xFE34, 0xFE34, 0xFE34,
  0xFE54, 0xF654, 0xFE96, 0xD574, 0x5128, 0x520B, 0x85D9, 0x5558,
  0x5558, 0x4D57, 0x5495, 0x2928, 0x61A8, 0xC3CB, 0xF591, 0xFE75,
  0xFE75, 0xFE95, 0xFE95, 0xFE95, 0xFE95, 0xFE95, 0xFE95, 0xFE75,
  0xFE75, 0xEE35, 0xAC30, 0x5168, 0x5127, 0x9AAB, 0xBB0C, 0xC30B,
  0xC30B, 0xC30B, 0xC30B, 0xBB0B, 0xC30B, 0xBB2B, 0xBB0B, 0xCB6B,
  0xC40E, 0x9289, 0xD40C, 0xF634, 0xFE95, 0xFE75, 0xFE95, 0xFE95,
  0xFE95, 0xFE95, 0xFE75, 0xDDB4, 0x4946, 0x8209, 0xC34A, 0xED10,
  0xFE75, 0xFE95, 0xFE95, 0xFE95, 0xFE95, 0xFE95, 0xFE75, 0xFE76,
  0xFE95, 0xFE96, 0xF656, 0x82AB, 0x5228, 0xAEB4, 0x9F13, 0xA713,
  0xA6F4, 0x9695, 0x7616, 0x5556, 0x4D57, 0x4D58, 0x4D58, 0x4D58,
  0x4D58, 0x5537, 0x5516, 0x5495, 0x5454, 0x5BF2, 0x5BF2, 0x53D2,
  0xFF7B, 0xF77B, 0xF77B, 0xF77B, 0xF79C, 0xEE99, 0xDC10, 0xEB6F,
  0xEB6F, 0xEB6F, 0xEB8F, 0xE38F, 0xC433, 0x9558, 0x7DBA, 0x7DBA,
  0x7DBA, 0x7DDA, 0x7DDA, 0x7DDA, 0x7DBA, 0x7DDA, 0x8D99, 0x8C54,
  0x5226, 0x84A7, 0x8507, 0x6327, 0x4147, 0x4148, 0x4968, 0x4947,
  0x4148, 0x5A89, 0x7CAA, 0x6C88, 0x5BE5, 0x3AE0, 0x3AA0, 0x4224,
  0x4166, 0x4147, 0x4167, 0x4168, 0x4168, 0x4A65, 0x9DAA, 0x95C9,
  0x8449, 0x51A7, 0x59A9, 0x59A9, 0x59A9, 0x59A9, 0x59A9, 0x59A9,
  0x59A9, 0x59A9, 0x59A9, 0x59A9, 0x59A9, 0x59A9, 0x59A9, 0x59A9,
  0x4968, 0x3906, 0x69A8, 0xB30D, 0xBB2B, 0xBB2B, 0xBB0B, 0xCB8B,
  0xE4AD, 0xFDD2, 0xFDF3, 0xFDF3, 0xFDF3, 0xFDF3, 0xFDF2, 0xFDF2,
  0xF5F3, 0x7A28, 0xBC2E, 0xFDF3, 0xFDF3, 0xFDF2, 0xFDF2, 0xFDF3,
  0xFDF3, 0xFE13, 0xFE13, 0xFE13, 0xFE54, 0xFE75, 0xFE75, 0xFE75,
  0xFE95, 0xFE95, 0xFE95, 0xFE95, 0xFE76, 0xFE95, 0xFE75, 0xFE95,
  0xFE95, 0xFE75, 0xFE96, 0xFE95, 0xFE95, 0xFE95, 0xFE95, 0xFE75,
  0xFE76, 0xFE95, 0xFE95, 0xFE95, 0xFE95, 0xFE95, 0xFE95, 0xFE95,
  0xFE95, 0xFE95, 0xFE95, 0xFE95, 0xFE95, 0xFE75, 0xFE75, 0xDD70,
  0xF695, 0xFF58, 0xFF79, 0xFF58, 0xFEF7, 0xF695, 0xFE95, 0xFE75,
  0xFE95, 0xFE75, 0xFE95, 0xFE95, 0xFE95, 0xFE75, 0xFE76, 0xFE96,
  0xFE75, 0xFE76, 0xFE76, 0xFE75, 0xFE75, 0xFE55, 0xFE55, 0xFE55,
  0xFE54, 0xF675, 0xF6B7, 0x938E, 0x4928, 0x734F, 0x7578, 0x5558,
  0x5558, 0x4D37, 0x5454, 0x3128, 0x69E8, 0xCBEC, 0xF5B2, 0xFE76,
  0xFE75, 0xFE95, 0xFE95, 0xFE95, 0xFE95, 0xFE95, 0xFE95, 0xFE75,
  0xF656, 0xB430, 0x61A9, 0x4907, 0x69A9, 0xA2AB, 0xB30C, 0xC32C,
  0xC30B, 0xC32B, 0xC32B, 0xBB0B, 0xC30B, 0xBB2B, 0xBB0B, 0xC32A,
  0xCC0E, 0xA2AA, 0xCBAB, 0xF5D3, 0xFE95, 0xFE76, 0xFE95, 0xFE95,
  0xFE75, 0xFE95, 0xFE76, 0xB471, 0x4926, 0x928A, 0xCB4A, 0xED70,
  0xFE75, 0xFE95, 0xFE95, 0xFE95, 0xFE95, 0xFE95, 0xFE75, 0xFE75,
  0xFE95, 0xFE96, 0xD553, 0x61C8, 0x840E, 0xAEF4, 0xA713, 0xA714,
  0x8E94, 0x6DB5, 0x5557, 0x4D57, 0x4D57, 0x4D58, 0x4D58, 0x5538,
  0x54B6, 0x4BB2, 0x52EF, 0x4A6C, 0x49EA, 0x49A9, 0x51C9, 0x4988,
  0xFF7B, 0xF77B, 0xF79B, 0xFF7B, 0xF77B, 0xF5F6, 0xE3AF, 0xEB6F,
  0xEB8F, 0xEB8F, 0xEB6F, 0xEB8F, 0xDBF1, 0xB4D5, 0x85B9, 0x7DB9,
  0x7DBA, 0x7DDA, 0x7DBA, 0x7DDA, 0x7DD9, 0x8D78, 0xAD16, 0xB452,
  0x51C6, 0x7426, 0x7CC5, 0x6365, 0x4967, 0x4947, 0x4948, 0x4948,
  0x4127, 0x39C5, 0x5BE6, 0x5404, 0x53E4, 0x3AC0, 0x3AA1, 0x4244,
  0x4166, 0x4168, 0x4167, 0x3946, 0x49E6, 0x5B06, 0x9569, 0x8D47,
  0x8449, 0x49A7, 0x59A9, 0x59A9, 0x59A9, 0x59A9, 0x59A9, 0x59A9,
  0x59A9, 0x59A9, 0x59A9, 0x59A9, 0x59A9, 0x59A9, 0x59A9, 0x59A9,
  0x51A9, 0x4127, 0x4906, 0x822B, 0xBB0C, 0xBB0B, 0xC32B, 0xC32B,
  0xE44C, 0xF570, 0xFE13, 0xFDF3, 0xFDF3, 0xFDF3, 0xFDF3, 0xFDF3,
  0xFDF3, 0xC46E, 0xE572, 0xF5F3, 0xFDF3, 0xFDF2, 0xFDF2, 0xFDF3,
  0xFDF3, 0xFE13, 0xFE13, 0xFE13, 0xFE54, 0xFE75, 0xFE75, 0xFE75,
  0xFE95, 0xFE95, 0xFE95, 0xFE95, 0xFE95, 0xFE95, 0xFE95, 0xFE95,
  0xFE95, 0xFE95, 0xFE75, 0xFE95, 0xFE95, 0xFE95, 0xFE95, 0xFE95,
  0xFE95, 0xFE95, 0xFE95, 0xFE95, 0xFE95, 0xFE95, 0xFE95, 0xFE95,
  0xFE95, 0xFE95, 0xFE95, 0xFE95, 0xFE95, 0xFE95, 0xFE54, 0xD4EE,
  0xFF17, 0xFF59, 0xFF79, 0xFF59, 0xFF58, 0xF6F7, 0xE613, 0xFE95,
  0xFE75, 0xFE75, 0xFE95, 0xFE95, 0xFE95, 0xFE76, 0xFE76, 0xFE76,
  0xFE76, 0xFE76, 0xFE76, 0xFE75, 0xFE75, 0xFE75, 0xFE75, 0xFE75,
  0xFE75, 0xFED6, 0xE616, 0x6A0A, 0x4948, 0x8C52, 0x6D57, 0x5559,
  0x5558, 0x5537, 0x5434, 0x3928, 0x7209, 0xC3CC, 0xF5B2, 0xFE75,
  0xFE75, 0xFE75, 0xFE95, 0xFE95, 0xFE96, 0xFE95, 0xFE95, 0xF675,
  0xCD33, 0x5989, 0x4128, 0x4127, 0x71E9, 0xAAEC, 0x9A69, 0xB2EC,
  0xBB0C, 0xC32B, 0xC32B, 0xC32B, 0xBB2B, 0xBB2B, 0xC30B, 0xC30B,
  0xC38D, 0xA2AB, 0xC34B, 0xED92, 0xFE75, 0xFE96, 0xFE95, 0xFE75,
  0xFE75, 0xFE95, 0xFE96, 0x9B8F, 0x5126, 0xA2AA, 0xD38A, 0xF591,
  0xFE75, 0xFE95, 0xFE95, 0xFE95, 0xFE95, 0xFE95, 0xFE95, 0xFE95,
  0xF675, 0xFE76, 0x934D, 0x51C8, 0x9D92, 0xA714, 0xA714, 0x9EF5,
  0x6DD5, 0x4D56, 0x4D57, 0x4D57, 0x4D37, 0x4D57, 0x5537, 0x5414,
  0x428E, 0x418A, 0x4947, 0x728B, 0xA3AF, 0xB450, 0xC4B2, 0xC4B1,
  0xF77B, 0xF79B, 0xF79B, 0xFF7B, 0xFF7B, 0xECD3, 0xEBAF, 0xEB8F,
  0xEB6F, 0xEB6F, 0xEB6F, 0xEB8F, 0xE38F, 0xCC33, 0x9557, 0x85B9,
  0x7DB9, 0x7DBA, 0x85BA, 0x85B9, 0x9597, 0xBCF5, 0xD3F2, 0xDC11,
  0x61C6, 0x63A3, 0x6461, 0x5B84, 0x49A7, 0x4948, 0x4148, 0x3927,
  0x41A6, 0x3183, 0x5385, 0x5C05, 0x53C4, 0x3AA1, 0x4282, 0x4225,
  0x5A8A, 0x838E, 0xA4D2, 0x9CEE, 0x9D4D, 0x9D8B, 0x8506, 0x8506,
  0x7C28, 0x51C7, 0x5989, 0x59A9, 0x59A9, 0x59A9, 0x59A9, 0x59A9,
  0x59A9, 0x59A9, 0x59A9, 0x59A9, 0x59A9, 0x59A9, 0x59A9, 0x59A9,
  0x59A9, 0x4968, 0x4107, 0x5127, 0xA2CC, 0xC32B, 0xC32B, 0xC32B,
  0xCB6A, 0xED0E, 0xFE13, 0xFDF3, 0xFDF3, 0xFDF3, 0xFDF3, 0xFDF3,
  0xFDF3, 0xF5F3, 0xFDF3, 0xFDF3, 0xFDF3, 0xFDF3, 0xFDF3, 0xFDF3,
  0xFE13, 0xFE13, 0xFE13, 0xFE14, 0xFE54, 0xFE75, 0xFE75, 0xFE75,
  0xFE95, 0xFE95, 0xFE95, 0xFE95, 0xFE95, 0xFE95, 0xFE95, 0xFE95,
  0xFE95, 0xFE95, 0xFE95, 0xFE95, 0xFE95, 0xFE95, 0xFE95, 0xFE95,
  0xFE95, 0xFE95, 0xFE95, 0xFE95, 0xFE95, 0xFE95, 0xFE95, 0xFE95,
  0xFE95, 0xFE95, 0xFE95, 0xFE95, 0xFE75, 0xFE96, 0xFE54, 0xD4ED,
  0xFF37, 0xFF59, 0xFF79, 0xFF59, 0xFF59, 0xFF58, 0xE634, 0xEE14,
  0xFE75, 0xFE95, 0xFE75, 0xFE95, 0xFE95, 0xFE76, 0xFE76, 0xFE76,
  0xFE76, 0xFE76, 0xFE76, 0xFE76, 0xFE75, 0xFE75, 0xFE75, 0xFE75,
  0xFE95, 0xF6D7, 0xC533, 0x5148, 0x51A9, 0xAD56, 0x6D57, 0x5559,
  0x5558, 0x5538, 0x5434, 0x3928, 0x7A2A, 0xC3AC, 0xED71, 0xFE75,
  0xFE75, 0xFE75, 0xFE95, 0xFE95, 0xFE96, 0xFE95, 0xFE75, 0xDD94,
  0x728B, 0x4189, 0x4A2C, 0x3927, 0x69A8, 0xB30C, 0xAAEA, 0x9229,
  0xB30C, 0xBB2C, 0xC32C, 0xC32B, 0xBB2B, 0xC32B, 0xC30B, 0xBB0B,
  0xAB0B, 0x9A8A, 0xBB0A, 0xE510, 0xFE75, 0xFE96, 0xFE95, 0xFE75,
  0xFE75, 0xFE95, 0xF676, 0x8B2D, 0x5947, 0xB30B, 0xDBEB, 0xF5B1,
  0xFE75, 0xFE95, 0xFE95, 0xFE95, 0xFE95, 0xFE95, 0xFE95, 0xFE95,
  0xFE75, 0xE5F5, 0x59A8, 0x628A, 0x9E73, 0xA713, 0x9F15, 0x7E36,
  0x5556, 0x4D57, 0x4D57, 0x4D57, 0x4D37, 0x5CF6, 0x42EF, 0x41AA,
  0x4148, 0x69E9, 0xC4B2, 0xEE16, 0xEE55, 0xF655, 0xFE96, 0xFE76,
  0xF77B, 0xFF7B, 0xFF7B, 0xF77B, 0xFED9, 0xE411, 0xEB6F, 0xEB8F,
  0xEB6F, 0xEB6F, 0xEB6F, 0xEB6F, 0xEB8F, 0xE431, 0xB4D5, 0x8D99,
  0x7DB9, 0x7DBA, 0x85B9, 0x9D57, 0xBC73, 0xDBD0, 0xE3AF, 0xE3F1,
  0x8269, 0x6362, 0x5C40, 0x5BA3, 0x49C6, 0x4147, 0x4187, 0x52A8,
  0x9530, 0x5AE8, 0x4AC6, 0x5B07, 0x4A66, 0x41C5, 0x4186, 0x51E8,
  0xBDB6, 0xCE37, 0xCE76, 0xA5CD, 0x9DCA, 0xA5EA, 0x8D27, 0x84E6,
  0x8447, 0x5A07, 0x5989, 0x59A9, 0x59A9, 0x59A9, 0x59A9, 0x59A9,
  0x59A9, 0x59A9, 0x59A9, 0x59A9, 0x59A9, 0x59A9, 0x59A9, 0x59A9,
  0x5989, 0x59A9, 0x4948, 0x4107, 0x71C9, 0xB30C, 0xBB0B, 0xC30B,
  0xCB4B, 0xDC4C, 0xFDB1, 0xFE12, 0xFDF2, 0xFDF3, 0xFDF3, 0xFDF3,
  0xFDF3, 0xFDF2, 0xFDF2, 0xFDF3, 0xFDF3, 0xFDF3, 0xFE13, 0xFE13,
  0xFE13, 0xFE13, 0xFE13, 0xFE34, 0xFE55, 0xFE75, 0xFE75, 0xFE75,
  0xFE95, 0xFE95, 0xFE95, 0xFE95, 0xFE95, 0xFE95, 0xFE95, 0xFE95,
  0xFE95, 0xFE95, 0xFE95, 0xFE95, 0xFE95, 0xFE95, 0xFE95, 0xFE95,
  0xFE95, 0xFE95, 0xFE95, 0xFE95, 0xFE95, 0xFE95, 0xFE95, 0xFE95,
  0xFE95, 0xFE95, 0xFE95, 0xFE95, 0xFE75, 0xFE75, 0xFE75, 0xDD0F,
  0xF6B6, 0xFF58, 0xFF79, 0xFF59, 0xF759, 0xFF79, 0xFF37, 0xE5D3,
  0xFE75, 0xFE75, 0xFE75, 0xFE95, 0xFE95, 0xFE76, 0xFE76, 0xFE76,
  0xFE76, 0xFE76, 0xFE76, 0xFE76, 0xFE76, 0xFE95, 0xFE75, 0xF675,
  0xFEF6, 0xFEF9, 0x82EC, 0x5128, 0x59EA, 0xCE79, 0x7577, 0x5558,
  0x5558, 0x5538, 0x5454, 0x3128, 0x69C8, 0xB32B, 0xD44D, 0xF634,
  0xFE75, 0xFE95, 0xFE95, 0xFE95, 0xFE95, 0xFE95, 0xF676, 0x726A,
  0x4189, 0x5371, 0x530F, 0x3907, 0x69A8, 0xB32C, 0xBB0B, 0xB2EB,
  0x8A07, 0x9A68, 0xB2EA, 0xBB0C, 0xBB2C, 0xBB2B, 0xBB0B, 0xB30C,
  0x9AAB, 0xA2CA, 0xBB0A, 0xDC8E, 0xFE54, 0xFE76, 0xFE95, 0xFE75,
  0xFE96, 0xFE75, 0xF656, 0x82EC, 0x6167, 0xB30B, 0xDC4C, 0xF5F2,
  0xFE75, 0xFE95, 0xFE95, 0xFE95, 0xFE95, 0xFE95, 0xFE75, 0xFE95,
  0xF675, 0xABEF, 0x5168, 0x73AC, 0xA6D3, 0xA714, 0x7E55, 0x5556,
  0x4D37, 0x4D57, 0x4D57, 0x5537, 0x5454, 0x4A6C, 0x4988, 0x5187,
  0x8B2C, 0xE5D6, 0xFE76, 0xFE75, 0xFE95, 0xFE95, 0xFE75, 0xFE75,
  0xF79B, 0xFF7B, 0xFF7B, 0xFF7B, 0xF617, 0xE3B0, 0xEB6F, 0xEB8F,
  0xEB6F, 0xEB8F, 0xEB6F, 0xEB6F, 0xEB8F, 0xEC10, 0xD432, 0xA517,
  0x8579, 0x7D17, 0x7C53, 0x8B70, 0x9AED, 0xAAED, 0xB30D, 0xC36F,
  0x828A, 0x5B23, 0x6461, 0x6404, 0x4A25, 0x4186, 0x636A, 0x956F,
  0x958E, 0x6BEA, 0x4226, 0x3986, 0x4167, 0x4148, 0x4148, 0x4188,
  0xB555, 0xCE58, 0xCE76, 0xA5EF, 0x9DEB, 0x9DAB, 0x954A, 0x952A,
  0x94AB, 0x6269, 0x59A9, 0x59A9, 0x59A9, 0x59A9, 0x59A9, 0x59A9,
  0x59A9, 0x59A9, 0x59A9, 0x59A9, 0x59A9, 0x59A9, 0x59A9, 0x59A9,
  0x59A9, 0x59A9, 0x5189, 0x4127, 0x4927, 0x8A6A, 0xBB2C, 0xC30B,
  0xC34C, 0xD3AB, 0xED0E, 0xFDF2, 0xFE13, 0xFDF3, 0xFDF3, 0xFDF3,
  0xFDF3, 0xFDF2, 0xFDF2, 0xFDF3, 0xFE13, 0xFE13, 0xFE13, 0xFE13,
  0xFE13, 0xFE13, 0xFE34, 0xFE54, 0xFE75, 0xFE75, 0xFE75, 0xFE75,
  0xFE95, 0xFE95, 0xFE95, 0xFE95, 0xFE95, 0xFE95, 0xFE95, 0xFE95,
  0xFE95, 0xFE95, 0xFE95, 0xFE95, 0xFE95, 0xFE95, 0xFE95, 0xFE95,
  0xFE95, 0xFE95, 0xFE95, 0xFE95, 0xFE95, 0xFE95, 0xFE95, 0xFE95,
  0xFE95, 0xFE95, 0xFE95, 0xFE95, 0xFE75, 0xFE75, 0xFE75, 0xE5B2,
  0xE613, 0xFF78, 0xFF79, 0xFF79, 0xF759, 0xFF78, 0xFF58, 0xE614,
  0xF655, 0xFE75, 0xFE75, 0xFE95, 0xFE95, 0xFE95, 0xFE95, 0xFE95,
  0xFE95, 0xFE95, 0xFE76, 0xFE76, 0xFE96, 0xFE95, 0xF675, 0xF696,
  0xFF18, 0xCD75, 0x5148, 0x4908, 0x622A, 0xE71B, 0x8DD8, 0x5D58,
  0x5538, 0x5538, 0x5475, 0x2948, 0x61A8, 0xB32C, 0xCBCC, 0xED92,
  0xFE75, 0xFE75, 0xFE95, 0xFE95, 0xFE75, 0xFE95, 0xEE16, 0x5189,
  0x5310, 0x6537, 0x4B0F, 0x3907, 0x69A8, 0xB30C, 0xBB0B, 0xC30B,
  0xBB4B, 0xBBAB, 0xB3AC, 0xBBCE, 0xAB2C, 0xA2CB, 0xB36C, 0xA30B,
  0x92CB, 0xA2CA, 0xC30B, 0xD40C, 0xFE13, 0xFE75, 0xFE95, 0xFE75,
  0xFE96, 0xFE95, 0xF656, 0x82CB, 0x71A8, 0xBB0B, 0xDC4C, 0xF613,
  0xFE95, 0xFE95, 0xFE95, 0xFE95, 0xFE95, 0xFE95, 0xFE75, 0xFE75,
  0xEE35, 0x82EC, 0x4968, 0x84CF, 0xA6F4, 0x96D5, 0x65B5, 0x4D57,
  0x4D37, 0x4D58, 0x5537, 0x5433, 0x39EA, 0x4968, 0x7A6A, 0xBC70,
  0xF656, 0xFE76, 0xFE75, 0xFE75, 0xFE95, 0xFE76, 0xFE76, 0xFE96,
  0xFF9B, 0xFF7B, 0xF79B, 0xFF3A, 0xE4D2, 0xE38F, 0xEB6F, 0xEB6F,
  0xEB8F, 0xEB8F, 0xEB8F, 0xEB8F, 0xEBAF, 0xEBB0, 0xDBB0, 0x93B0,
  0x636F, 0x530D, 0x5ACB, 0x6AEA, 0x6AC9, 0x6AC9, 0x62A9, 0x72AA,
  0x6208, 0x4A84, 0x7466, 0x84C8, 0x52A6, 0x6B8A, 0x8D4E, 0x8DAE,
  0x8DAE, 0x8D6E, 0x7C6D, 0x5AC9, 0x4148, 0x4148, 0x4148, 0x4147,
  0x9C72, 0xBD96, 0xA513, 0x8C8D, 0x84EB, 0x84CB, 0x952E, 0xB5F1,
  0xB5B2, 0x6ACB, 0x59A9, 0x59A9, 0x59A9, 0x59A9, 0x59A9, 0x59A9,
  0x59A9, 0x59A9, 0x59A9, 0x59A9, 0x59A9, 0x59A9, 0x59A9, 0x59A9,
  0x59A9, 0x59A9, 0x59A9, 0x5168, 0x4107, 0x5107, 0x928B, 0xBB2C,
  0xBB0B, 0xC32A, 0xDC4C, 0xF591, 0xFE13, 0xFE13, 0xFDF3, 0xFE13,
  0xFE13, 0xFDF3, 0xFDF3, 0xFE13, 0xFE13, 0xFE13, 0xFE13, 0xFE13,
  0xFE13, 0xFE34, 0xFE54, 0xFE55, 0xFE75, 0xFE75, 0xFE75, 0xFE75,
  0xFE95, 0xFE95, 0xFE95, 0xFE95, 0xFE95, 0xFE95, 0xFE95, 0xFE95,
  0xFE95, 0xFE95, 0xFE95, 0xFE95, 0xFE95, 0xFE95, 0xFE95, 0xFE95,
  0xFE95, 0xFE95, 0xFE95, 0xFE95, 0xFE95, 0xFE95, 0xFE95, 0xFE95,
  0xFE95, 0xFE95, 0xFE95, 0xFE95, 0xFE75, 0xFE75, 0xFE95, 0xF655,
  0xE5B2, 0xEE95, 0xFF58, 0xFF59, 0xFF59, 0xFF79, 0xFF58, 0xEE55,
  0xF634, 0xFE95, 0xFE95, 0xFE95, 0xFE95, 0xFE95, 0xFE95, 0xFE95,
  0xFE95, 0xFE95, 0xFE95, 0xFE96, 0xFE95, 0xFE95, 0xF696, 0xFEF7,
  0xE677, 0x6A29, 0x5148, 0x4908, 0x6A8B, 0xEF7C, 0x95F9, 0x5D58,
  0x5538, 0x5558, 0x54B6, 0x2969, 0x5988, 0xB30C, 0xC36B, 0xE4EF,
  0xFE75, 0xFE75, 0xFE95, 0xFE95, 0xFE95, 0xFE75, 0xDD94, 0x4968,
  0x5414, 0x5538, 0x4B30, 0x3927, 0x69A8, 0xB30C, 0xBB0B, 0xC32B,
  0xD40C, 0xED50, 0xF614, 0xE594, 0xCCD1, 0xBC4F, 0xD532, 0xD552,
  0xC4D2, 0x92AA, 0xBB0B, 0xCB8B, 0xED71, 0xFE75, 0xFE95, 0xFE75,
  0xFE75, 0xFE75, 0xF655, 0x728A, 0x8209, 0xC32B, 0xDC4C, 0xF633,
  0xFE95, 0xFE95, 0xFE95, 0xFE95, 0xFE95, 0xFE95, 0xFE95, 0xFE75,
  0xE5D4, 0x6A4A, 0x4167, 0x9E12, 0xA6F5, 0x7E56, 0x5556, 0x4D57,
  0x4D58, 0x5537, 0x53F2, 0x39CA, 0x5188, 0x934D, 0xE5B5, 0xF676,
  0xFE76, 0xFE75, 0xFE95, 0xFE76, 0xFE76, 0xFE75, 0xFE95, 0xFE95,
  0xFED9, 0xFF3A, 0xFF7B, 0xF698, 0xE3F0, 0xEB8F, 0xEB8F, 0xEB8F,
  0xEB8F, 0xEBAF, 0xEB6F, 0xEB8F, 0xE3B0, 0xC32E, 0x7A09, 0x62A8,
  0x73EC, 0x7C6D, 0x8CEE, 0x8D4E, 0x8D4E, 0x8D4E, 0x852E, 0x8CCD,
  0x7C2D, 0x638A, 0x4A85, 0x52C6, 0x6369, 0x954E, 0x8DAE, 0x8DAE,
  0x958E, 0x8D8D, 0x958F, 0x7C2D, 0x4147, 0x4948, 0x4948, 0x4968,
  0x624B, 0x628B, 0x522A, 0x5A88, 0x73EB, 0x6BEB, 0x8CCF, 0xBE15,
  0xBDB4, 0x732D, 0x5189, 0x59A9, 0x59A9, 0x59A9, 0x59A9, 0x59A9,
  0x59A9, 0x59A9, 0x59A9, 0x59A9, 0x59A9, 0x59A9, 0x59A9, 0x59A9,
  0x59A9, 0x59A9, 0x51A9, 0x4968, 0x3907, 0x40E7, 0x6188, 0xB30C,
  0xC30B, 0xC32B, 0xCB6A, 0xECEE, 0xFE13, 0xFE14, 0xFE13, 0xF613,
  0xFE13, 0xFDF3, 0xFE13, 0xFE13, 0xFE13, 0xFE13, 0xFE13, 0xFE33,
  0xFE34, 0xFE54, 0xFE55, 0xFE55, 0xFE75, 0xFE75, 0xFE75, 0xFE75,
  0xFE95, 0xFE95, 0xFE95, 0xFE95, 0xFE95, 0xFE95, 0xFE95, 0xFE95,
  0xFE95, 0xFE95, 0xFE95, 0xFE95, 0xFE95, 0xFE95, 0xFE95, 0xFE95,
  0xFE95, 0xFE95, 0xFE95, 0xFE95, 0xFE95, 0xFE95, 0xFE95, 0xFE95,
  0xFE95, 0xFE95, 0xFE95, 0xFE95, 0xFE75, 0xFE75, 0xFE95, 0xFE75,
  0xF634, 0xD591, 0xEE96, 0xFF59, 0xFF79, 0xFF79, 0xFF58, 0xEE55,
  0xF654, 0xFE95, 0xFE95, 0xFE95, 0xFE95, 0xFE95, 0xFE95, 0xFE95,
  0xFE95, 0xFE95, 0xFE95, 0xFE95, 0xFE95, 0xFE95, 0xF6B6, 0xFF18,
  0xAC90, 0x5106, 0x61AA, 0x4928, 0xA452, 0xF79D, 0x9619, 0x5D58,
  0x5558, 0x5558, 0x5CF7, 0x31AA, 0x5167, 0xB30D, 0xC32A, 0xDC8D,
  0xFE75, 0xFE75, 0xFE95, 0xFE95, 0xFE95, 0xFE75, 0xCD12, 0x4168,
  0x5CB5, 0x5538, 0x4B71, 0x3927, 0x69A9, 0xB30C, 0xBB0C, 0xC36B,
  0xDCAE, 0xF633, 0xFE76, 0xF675, 0xF695, 0xFE96, 0xFE76, 0xFE76,
  0xCD33, 0x928A, 0xBB0B, 0xC36A, 0xE4CE, 0xFE54, 0xFE95, 0xFE75,
  0xFE76, 0xFE95, 0xF655, 0x7249, 0x928B, 0xC34B, 0xDC6D, 0xFE34,
  0xFE95, 0xFE95, 0xFE95, 0xFE95, 0xFE95, 0xFE95, 0xFE95, 0xFE75,
  0xD553, 0x5988, 0x5249, 0xA6D5, 0x8E95, 0x5575, 0x5557, 0x4D37,
  0x5537, 0x53D3, 0x41CA, 0x4968, 0xAC30, 0xEDF5, 0xFE75, 0xF675,
  0xFE95, 0xFE75, 0xFE95, 0xFE75, 0xFE76, 0xFE75, 0xFE95, 0xFE95,
  0xDC31, 0xE514, 0xF6B9, 0xE5B6, 0xD3D0, 0xDBB0, 0xE36F, 0xEB6F,
  0xEB6F, 0xEB8F, 0xEB6F, 0xE38F, 0xB2ED, 0x59C6, 0x7C0D, 0x954E,
  0x958E, 0x8DAE, 0x8DAE, 0x8DAE, 0x8D8E, 0x8DAE, 0x8DAE, 0x8D8E,
  0x8D8F, 0x8D4F, 0x8CEE, 0x4AA7, 0x84AE, 0x958F, 0x958E, 0x958E,
  0x958E, 0x8DAE, 0x8D8E, 0x5AE8, 0x4146, 0x4947, 0x4948, 0x4948,
  0x4948, 0x4148, 0x4168, 0x49E8, 0x73CC, 0x6BCB, 0x8C8F, 0xB5F4,
  0xBE14, 0x738C, 0x5189, 0x59A9, 0x59A9, 0x59A9, 0x59A9, 0x59A9,
  0x59A9, 0x59A9, 0x59A9, 0x59A9, 0x59A9, 0x59A9, 0x59A9, 0x5989,
  0x5989, 0x59A9, 0x5189, 0x3907, 0x5188, 0x4147, 0x4106, 0x7A0A,
  0xBB2C, 0xC32B, 0xC30A, 0xDC0B, 0xF570, 0xFE54, 0xFE34, 0xF613,
  0xFE13, 0xFE13, 0xFE33, 0xFE14, 0xFE34, 0xFE34, 0xFE34, 0xFE54,
  0xFE54, 0xFE54, 0xFE75, 0xFE75, 0xFE75, 0xFE75, 0xFE75, 0xFE75,
  0xFE95, 0xFE95, 0xFE95, 0xFE95, 0xFE95, 0xFE95, 0xFE95, 0xFE95,
  0xFE95, 0xFE95, 0xFE95, 0xFE95, 0xFE95, 0xFE95, 0xFE95, 0xFE95,
  0xFE95, 0xFE95, 0xFE95, 0xFE95, 0xFE95, 0xFE95, 0xFE95, 0xFE95,
  0xFE95, 0xFE95, 0xFE95, 0xFE95, 0xFE75, 0xFE75, 0xFE95, 0xFE75,
  0xFE75, 0xF655, 0xEE54, 0xF6B6, 0xFEF7, 0xFF38, 0xFF38, 0xDDD3,
  0xF675, 0xFE75, 0xFE75, 0xFE95, 0xFE95, 0xFE75, 0xFE95, 0xFE95,
  0xFE95, 0xFE95, 0xFE95, 0xFE75, 0xFE76, 0xFE96, 0xFEF8, 0xEEF9,
  0x6A69, 0x7A4B, 0x69E9, 0x4928, 0xACD3, 0xF79C, 0x9E39, 0x5D58,
  0x5558, 0x4D58, 0x5D58, 0x29EB, 0x4947, 0xAB0C, 0xBB2A, 0xDC8D,
  0xFE54, 0xFE95, 0xFE95, 0xFE95, 0xFE95, 0xFE75, 0xB430, 0x3968,
  0x5CD6, 0x5538, 0x4BD2, 0x3127, 0x69A9, 0xB30B, 0xBB0B, 0xCBCB,
  0xEDD2, 0xFE75, 0xFE76, 0xFE75, 0xFE95, 0xFE95, 0xFE75, 0xFE75,
  0xE5B4, 0x8A8A, 0xB32D, 0xC32B, 0xDC4C, 0xF5F2, 0xFE75, 0xFE75,
  0xFE75, 0xF675, 0xEE56, 0x7249, 0xA2CB, 0xC34B, 0xDC6D, 0xFE54,
  0xFE95, 0xFE95, 0xFE95, 0xFE95, 0xFE95, 0xFE95, 0xFE75, 0xFE76,
  0xC4B2, 0x4947, 0x742D, 0x9ED6, 0x6DD6, 0x4D57, 0x4D58, 0x4D37,
  0x5412, 0x3969, 0x5146, 0xC4B2, 0xF656, 0xFE76, 0xFE75, 0xFE75,
  0xFE95, 0xFE75, 0xFE95, 0xFE75, 0xFE75, 0xFE76, 0xFE95, 0xFE75,
  0xDB8F, 0x9AAB, 0x5226, 0x5246, 0x51A5, 0x69C6, 0xA2CC, 0xDB6F,
  0xEB8F, 0xEB8F, 0xDB6F, 0xA2CC, 0x59E6, 0x8CAE, 0x958F, 0x8D8E,
  0x8D8D, 0x8DAE, 0x8DAE, 0x8DAE, 0x8DAE, 0x8DAE, 0x8DAE, 0x958E,
  0x8DAE, 0x8D8E, 0x958F, 0x8D4E, 0x5B68, 0x7C8C, 0x956E, 0x8DAE,
  0x8DAD, 0x8DAE, 0x8D8E, 0x7C2C, 0x49E7, 0x4147, 0x4948, 0x4948,
  0x4948, 0x4948, 0x4148, 0x4187, 0x73EC, 0x7C2B, 0x84AD, 0x954F,
  0x7C8C, 0x6349, 0x49A8, 0x59A9, 0x59A9, 0x59A9, 0x59A9, 0x59A9,
  0x59A9, 0x59A9, 0x59A9, 0x59A9, 0x59A9, 0x59A9, 0x5989, 0x59A9,
  0x59A9, 0x5189, 0x4107, 0x51A9, 0x9BF0, 0x8B6E, 0x4967, 0x40E6,
  0x926A, 0xBB0B, 0xC34B, 0xCB8A, 0xE48D, 0xF5F2, 0xFE54, 0xFE34,
  0xFE33, 0xFE33, 0xFE54, 0xFE54, 0xFE54, 0xFE75, 0xFE75, 0xFE55,
  0xFE55, 0xFE55, 0xFE75, 0xFE75, 0xFE75, 0xFE75, 0xFE75, 0xFE75,
  0xFE95, 0xFE95, 0xFE95, 0xFE95, 0xFE95, 0xFE95, 0xFE95, 0xFE95,
  0xFE95, 0xFE95, 0xFE95, 0xFE95, 0xFE95, 0xFE95, 0xFE95, 0xFE95,
  0xFE95, 0xFE95, 0xFE95, 0xFE95, 0xFE95, 0xFE95, 0xFE95, 0xFE95,
  0xFE95, 0xFE95, 0xFE95, 0xFE95, 0xFE95, 0xFE95, 0xFE95, 0xFE75,
  0xFE75, 0xFE75, 0xF696, 0xF696, 0xF675, 0xF695, 0xE5F3, 0xF655,
  0xFE75, 0xF655, 0xFE95, 0xFE95, 0xFE95, 0xFE75, 0xFE95, 0xFE95,
  0xFE95, 0xFE75, 0xFE75, 0xFE75, 0xFE76, 0xFED7, 0xF6F8, 0xB4D2,
  0x5967, 0x9B2D, 0x61A8, 0x5148, 0xCDD7, 0xF79C, 0xA65A, 0x5538,
  0x5559, 0x4D58, 0x5D58, 0x3AAE, 0x4948, 0xAB0C, 0xBB2B, 0xDC8E,
  0xFE75, 0xFE95, 0xFE95, 0xFE95, 0xFE95, 0xFE75, 0xAC30, 0x3989,
  0x5CF7, 0x5538, 0x4BF3, 0x3128, 0x61C9, 0xB30C, 0xBB2B, 0xD44C,
  0xF633, 0xFE96, 0xFE75, 0xFE95, 0xFE95, 0xFE95, 0xFE95, 0xFE95,
  0xF635, 0x9B2C, 0x9AAB, 0xBB0B, 0xD3CC, 0xED50, 0xFE75, 0xFE95,
  0xFE95, 0xF675, 0xF655, 0x7A69, 0xAAEC, 0xC34B, 0xDC8C, 0xFE54,
  0xFE75, 0xFE95, 0xFE95, 0xFE95, 0xFE95, 0xFE95, 0xFE75, 0xFE76,
  0xA3CF, 0x4967, 0xA634, 0x8675, 0x5556, 0x4D57, 0x4D37, 0x5C95,
  0x3A0A, 0x5987, 0xBC90, 0xF656, 0xFE76, 0xFE76, 0xFE75, 0xFE75,
  0xFE95, 0xFE95, 0xFE95, 0xFE95, 0xFE95, 0xFE75, 0xFE75, 0xFE75,
  0xE36F, 0x8A4A, 0x9D10, 0x954F, 0x954F, 0x7C6D, 0x6AC8, 0x7A69,
  0xB32D, 0xDBAF, 0xB30D, 0x6AC9, 0x8CEE, 0x958F, 0x8DAE, 0x8D8E,
  0x8DAE, 0x8D8E, 0x8DAE, 0x8D8E, 0x8DAE, 0x8DAE, 0x8D8E, 0x958E,
  0x8DAD, 0x8D8E, 0x8DAE, 0x95AE, 0x956F, 0x63C9, 0x7CCC, 0x958E,
  0x8DAE, 0x8DAD, 0x958E, 0x9550, 0x6B2B, 0x4147, 0x4948, 0x4947,
  0x4948, 0x4948, 0x4128, 0x4987, 0xA571, 0xBE92, 0xAE31, 0x6408,
  0x5BC7, 0x5B67, 0x49A7, 0x59A9, 0x59A9, 0x59A9, 0x59A9, 0x59A9,
  0x59A9, 0x59A9, 0x59A9, 0x59A9, 0x59A9, 0x59A9, 0x5989, 0x59A9,
  0x5189, 0x4927, 0x51A8, 0x9BF0, 0xB4B3, 0xBCB3, 0x72AC, 0x4147,
  0x5146, 0x9AAB, 0xC34C, 0xC32B, 0xD3CB, 0xED2F, 0xFE33, 0xFE54,
  0xFE54, 0xFE54, 0xFE75, 0xFE75, 0xFE75, 0xFE75, 0xFE75, 0xFE75,
  0xFE75, 0xFE75, 0xFE75, 0xFE75, 0xFE75, 0xFE75, 0xFE75, 0xFE75,
  0xFE95, 0xFE95, 0xFE95, 0xFE95, 0xFE95, 0xFE95, 0xFE95, 0xFE95,
  0xFE95, 0xFE95, 0xFE95, 0xFE95, 0xFE95, 0xFE95, 0xFE95, 0xFE95,
  0xFE95, 0xFE95, 0xFE95, 0xFE95, 0xFE95, 0xFE95, 0xFE95, 0xFE95,
  0xFE95, 0xFE95, 0xFE95, 0xFE95, 0xFE95, 0xFE95, 0xFE95, 0xFE95,
  0xFE95, 0xFE95, 0xFE76, 0xFE76, 0xFE96, 0xFE96, 0xFE76, 0xFE75,
  0xFE95, 0xFE75, 0xFE95, 0xFE95, 0xFE95, 0xFE75, 0xFE95, 0xFE95,
  0xFE95, 0xFE95, 0xFE95, 0xFE75, 0xFE96, 0xF6F8, 0xDE57, 0x59A7,
  0x7209, 0xA34C, 0x61A8, 0x4927, 0xC5B7, 0xEF7C, 0x9E39, 0x5538,
  0x5538, 0x4D58, 0x5538, 0x5370, 0x4947, 0xA30C, 0xBB2B, 0xDCAE,
  0xFE75, 0xFE75, 0xFE95, 0xFE95, 0xFE95, 0xFE76, 0xA3AF, 0x39A9,
  0x5CF7, 0x5538, 0x5434, 0x3969, 0x61A8, 0xAAEB, 0xBB2B, 0xDCAE,
  0xFE54, 0xFE96, 0xFE75, 0xFE95, 0xFE95, 0xFE95, 0xFE95, 0xFE95,
  0xFE96, 0xCCF2, 0x79E7, 0xB2EC, 0xC36B, 0xE4CE, 0xFE54, 0xF695,
  0xFE95, 0xFE75, 0xF655, 0x8289, 0xAAEB, 0xC34B, 0xDC8C, 0xFE54,
  0xFE95, 0xFE95, 0xFE95, 0xFE95, 0xFE95, 0xFE95, 0xFE75, 0xF656,
  0x7A6A, 0x49C8, 0xAEB6, 0x75F5, 0x5577, 0x5557, 0x54F6, 0x322C,
  0x4967, 0xABCD, 0xEE14, 0xFE96, 0xFE75, 0xFE75, 0xFE95, 0xFE95,
  0xFE95, 0xFE95, 0xFE95, 0xFE95, 0xFE95, 0xFE95, 0xFE96, 0xFE96,
  0xDB6F, 0x7A48, 0x84AD, 0x8D8E, 0x8DAE, 0x8DAE, 0x956F, 0x7C2C,
  0x72A9, 0x928A, 0x72A9, 0x94EE, 0x8D8E, 0x8DAE, 0x8DAE, 0x8D8E,
  0x8DAE, 0x95AE, 0x8DAE, 0x958E, 0x8DAE, 0x8DAE, 0x958E, 0x958E,
  0x8D8E, 0x8DAE, 0x8DAE, 0x8DAE, 0x8D8E, 0x8D4E, 0x6BEA, 0x8D0E,
  0x95AF, 0x8DAE, 0x956F, 0x7C2D, 0x49C8, 0x4148, 0x4948, 0x4947,
  0x4948, 0x4948, 0x4148, 0x4187, 0xA550, 0xBED3, 0xB671, 0x6C48,
  0x5BE6, 0x5B87, 0x4986, 0x59A9, 0x59A9, 0x59A9, 0x59A9, 0x59A9,
  0x59A9, 0x59A9, 0x59A9, 0x59A9, 0x59A9, 0x59A9, 0x59A9, 0x59A9,
  0x4948, 0x4948, 0x938F, 0xB492, 0xB4B2, 0xB492, 0xAC71, 0x59E9,
  0x40E6, 0x6188, 0xB30C, 0xC34C, 0xC34A, 0xDC2C, 0xF590, 0xFE54,
  0xF654, 0xF655, 0xFE75, 0xFE75, 0xFE75, 0xFE75, 0xFE75, 0xFE75,
  0xFE75, 0xFE75, 0xFE75, 0xFE75, 0xFE75, 0xFE75, 0xFE75, 0xFE75,
  0xFE95, 0xFE95, 0xFE95, 0xFE95, 0xFE95, 0xFE95, 0xFE95, 0xFE95,
  0xFE95, 0xFE95, 0xFE95, 0xFE95, 0xFE95, 0xFE95, 0xFE95, 0xFE95,
  0xFE95, 0xFE95, 0xFE95, 0xFE95, 0xFE95, 0xFE95, 0xFE95, 0xFE95,
  0xFE95, 0xFE95, 0xFE95, 0xFE95, 0xFE95, 0xFE95, 0xFE95, 0xFE95,
  0xFE95, 0xFE95, 0xFE96, 0xFE75, 0xFE75, 0xFE75, 0xFE75, 0xFE75,
  0xFE75, 0xFE95, 0xFE95, 0xFE95, 0xFE95, 0xFE95, 0xFE95, 0xFE95,
  0xFE75, 0xFE95, 0xFE95, 0xFE96, 0xFED7, 0xEEB8, 0x8B4E, 0x5926,
  0x92EB, 0xA36C, 0x6187, 0x4927, 0xBD76, 0xD6BA, 0x9DF8, 0x5D37,
  0x5538, 0x4D38, 0x5538, 0x53B1, 0x4927, 0xA2EC, 0xBB4B, 0xE4AE,
  0xFE55, 0xFE75, 0xFE95, 0xFE95, 0xFE96, 0xF656, 0x8B0D, 0x39CA,
  0x5D17, 0x4D38, 0x5475, 0x398A, 0x5147, 0xA2CB, 0xBB2B, 0xE4EF,
  0xFE75, 0xFE75, 0xFE95, 0xFE95, 0xFE95, 0xFE95, 0xFE95, 0xFE95,
  0xFE95, 0xF655, 0xABAD, 0x9249, 0xBB0A, 0xDC2C, 0xF5D2, 0xFE95,
  0xFE96, 0xFE75, 0xF655, 0x8289, 0xAAEB, 0xC34B, 0xDC8C, 0xFE54,
  0xFE95, 0xFE95, 0xFE95, 0xFE95, 0xFE95, 0xFE95, 0xFE75, 0xEE15,
  0x61C9, 0x5229, 0x9EB6, 0x5D75, 0x5578, 0x5516, 0x3AEE, 0x3926,
  0x9B4C, 0xEDF3, 0xFE75, 0xFE95, 0xFE75, 0xFE95, 0xFE95, 0xFE95,
  0xFE95, 0xFE95, 0xFE95, 0xFE95, 0xFE95, 0xFE95, 0xFE76, 0xF696,
  0x926A, 0x7B6B, 0x8D6E, 0x8DAE, 0x8DAE, 0x8DAE, 0x8D8E, 0x8D8F,
  0x848E, 0x41E5, 0x846D, 0x958E, 0x8DAE, 0x8D8E, 0x958E, 0x8DAE,
  0x8DAD, 0x8DAE, 0x8DAD, 0x8D8D, 0x8D8E, 0x8D8E, 0x8D8E, 0x8DAE,
  0x854D, 0x8D6D, 0x8DAE, 0x8DAE, 0x8D8D, 0x958E, 0x8D0E, 0x5B49,
  0x8D2F, 0x954F, 0x634B, 0x41A7, 0x4147, 0x4948, 0x4948, 0x4948,
  0x4948, 0x4947, 0x4148, 0x4187, 0x9D0F, 0xBEB2, 0xBEB1, 0x7468,
  0x6406, 0x6C08, 0x49A6, 0x59A9, 0x59A9, 0x59A9, 0x59A9, 0x59A9,
  0x59A9, 0x59A9, 0x59A9, 0x59A9, 0x59A9, 0x59A9, 0x59C9, 0x5168,
  0x4107, 0x7ACC, 0xB492, 0xB4B2, 0xB4B2, 0xB4D2, 0xB4B2, 0xA411,
  0x5188, 0x4106, 0x69C8, 0xB30C, 0xC32C, 0xCB6B, 0xE48C, 0xF5D2,
  0xFE55, 0xFE75, 0xFE75, 0xFE55, 0xFE55, 0xFE75, 0xFE75, 0xFE75,
  0xFE75, 0xFE75, 0xFE75, 0xFE95, 0xFE95, 0xFE95, 0xFE95, 0xFE95,
  0xFE95, 0xFE95, 0xFE95, 0xFE95, 0xFE95, 0xFE95, 0xFE95, 0xFE95,
  0xFE95, 0xFE95, 0xFE95, 0xFE95, 0xFE95, 0xFE95, 0xFE95, 0xFE95,
  0xFE95, 0xFE95, 0xFE95, 0xFE95, 0xFE95, 0xFE95, 0xFE95, 0xFE95,
  0xFE95, 0xFE95, 0xFE95, 0xFE95, 0xFE95, 0xFE95, 0xFE95, 0xFE95,
  0xFE95, 0xFE95, 0xFE95, 0xFE95, 0xFE95, 0xFE95, 0xFE75, 0xFE95,
  0xFE95, 0xFE95, 0xFE95, 0xFE95, 0xFE95, 0xFE95, 0xFE95, 0xFE95,
  0xFE75, 0xFE95, 0xF695, 0xF6D6, 0xFF18, 0xA450, 0x5167, 0x8A8B,
  0xAB6B, 0xAB6B, 0x6187, 0x4927, 0xCE18, 0xE73C, 0xB6BB, 0x5D38,
  0x5538, 0x4D38, 0x5D58, 0x4B50, 0x4127, 0xA2EB, 0xBB4B, 0xE4CF,
  0xFE75, 0xFE75, 0xFE95, 0xFE95, 0xFE96, 0xEE15, 0x726B, 0x422C,
  0x5D38, 0x4D38, 0x54B6, 0x31CB, 0x4927, 0x9AAB, 0xBB2B, 0xE4CF,
  0xFE75, 0xFE75, 0xFE95, 0xFE95, 0xFE95, 0xFE95, 0xFE95, 0xFE95,
  0xFE95, 0xFE95, 0xF635, 0xBC0E, 0xBB8B, 0xDC4C, 0xED2F, 0xFE74,
  0xFE95, 0xF675, 0xF634, 0x8268, 0xAAEB, 0xC32B, 0xE48D, 0xFE34,
  0xFE95, 0xFE95, 0xFE95, 0xFE95, 0xFE95, 0xFE95, 0xFE75, 0xDD73,
  0x5147, 0x5ACC, 0x8656, 0x5556, 0x5537, 0x4C13, 0x3188, 0x8289,
  0xE572, 0xFE75, 0xFE75, 0xFE75, 0xFE76, 0xFE95, 0xFE95, 0xFE95,
  0xFE95, 0xFE95, 0xFE95, 0xFE95, 0xFE95, 0xFE75, 0xF675, 0xC512,
  0x7A29, 0x8C6E, 0x8DAF, 0x8DAE, 0x8DAE, 0x8D8E, 0x8D8E, 0x95AF,
  0x8D0E, 0x6C2B, 0x958E, 0x8DAD, 0x8DAE, 0x8DAE, 0x8D8E, 0x8DAE,
  0x8DAE, 0x856D, 0x8DAE, 0x8DAE, 0x850D, 0x84ED, 0x8D8E, 0x8D8E,
  0x8D4D, 0x852D, 0x8D8E, 0x8D8E, 0x8D8D, 0x8DAD, 0x958F, 0x84CE,
  0x634A, 0x4A27, 0x4167, 0x4147, 0x4967, 0x4147, 0x4147, 0x4148,
  0x4167, 0x4147, 0x4148, 0x4167, 0x842B, 0x958B, 0x8D29, 0x8D09,
  0x8D4A, 0x952C, 0x49E5, 0x59A9, 0x59A9, 0x59A9, 0x59A9, 0x59A9,
  0x59A9, 0x59A9, 0x59A9, 0x59A9, 0x59A9, 0x59A9, 0x51A9, 0x4947,
  0x51A8, 0xB492, 0xB4B2, 0xB4B1, 0xB4B2, 0xB4D2, 0xBCD2, 0xB492,
  0x9BF0, 0x51A9, 0x4126, 0x79E9, 0xB30D, 0xC34C, 0xD3AB, 0xE48D,
  0xFDF3, 0xFE75, 0xFE75, 0xFE75, 0xFE75, 0xFE75, 0xFE75, 0xFE75,
  0xFE75, 0xFE75, 0xFE75, 0xFE95, 0xFE95, 0xFE95, 0xFE95, 0xFE95,
  0xFE95, 0xFE95, 0xFE95, 0xFE95, 0xFE95, 0xFE95, 0xFE95, 0xFE95,
  0xFE95, 0xFE95, 0xFE95, 0xFE95, 0xFE95, 0xFE95, 0xFE95, 0xFE95,
  0xFE95, 0xFE95, 0xFE95, 0xFE95, 0xFE95, 0xFE95, 0xFE95, 0xFE95,
  0xFE95, 0xFE95, 0xFE95, 0xFE95, 0xFE95, 0xFE95, 0xFE95, 0xFE95,
  0xFE95, 0xFE95, 0xFE95, 0xFE95, 0xFE95, 0xFE95, 0xFE95, 0xFE95,
  0xFE95, 0xFE95, 0xFE95, 0xFE95, 0xFE95, 0xFE95, 0xFE95, 0xFE95,
  0xFE75, 0xF695, 0xF6B6, 0xFEF8, 0xC554, 0x4947, 0x69C8, 0xBBCE,
  0xB38B, 0xAB8B, 0x61A8, 0x4127, 0xD639, 0xF77C, 0xCF5D, 0x5D58,
  0x5559, 0x5538, 0x5D59, 0x4330, 0x4127, 0xAAEC, 0xBB4B, 0xE4EF,
  0xFE75, 0xFE76, 0xFE95, 0xFE95, 0xFE75, 0xDDB4, 0x61EA, 0x4ACF,
  0x5D58, 0x5539, 0x5518, 0x3A6D, 0x4147, 0x926A, 0xBB0B, 0xDC8E,
  0xFE75, 0xFE75, 0xFE75, 0xFE95, 0xFE95, 0xFE95, 0xFE95, 0xFE95,
  0xFE75, 0xFE76, 0xFE76, 0xF656, 0xEDB3, 0xE4EF, 0xE50E, 0xF653,
  0xF695, 0xFE95, 0xF634, 0x92A9, 0xAAEB, 0xC32B, 0xE48C, 0xF633,
  0xFE95, 0xFE95, 0xFE95, 0xFE95, 0xFE95, 0xFE95, 0xFE75, 0xDD52,
  0x4907, 0x630E, 0x5D55, 0x4D57, 0x5D17, 0x31EA, 0x59E7, 0xD4F0,
  0xF634, 0xFE76, 0xFE75, 0xFE76, 0xFE75, 0xFE95, 0xFE95, 0xFE95,
  0xFE95, 0xFE95, 0xFE95, 0xFE95, 0xFE95, 0xF655, 0xEE15, 0x7269,
  0xAB0D, 0x6B4A, 0x8D6F, 0x8DAD, 0x8D8E, 0x8D8F, 0x8DAE, 0x8D6E,
  0x6C2B, 0x8D4F, 0x8D8E, 0x958E, 0x8D8E, 0x8DAE, 0x8DAE, 0x8DAE,
  0x8D8E, 0x6C8B, 0x8D8D, 0x8D6E, 0x84AD, 0x8C8D, 0x954E, 0x958E,
  0x8D6D, 0x850C, 0x958F, 0x8DAE, 0x8DAD, 0x8DAD, 0x8D8E, 0x954F,
  0x52A9, 0x4147, 0x4948, 0x4967, 0x49C8, 0x49E8, 0x49E7, 0x5269,
  0x83AE, 0x7B2D, 0x4148, 0x4947, 0x6307, 0x8507, 0x8507, 0x8D28,
  0x9D4A, 0x9D4B, 0x62C8, 0x5188, 0x59A9, 0x59A9, 0x59A9, 0x59A9,
  0x59A9, 0x59A9, 0x59A9, 0x59A9, 0x59A9, 0x59A9, 0x4989, 0x4948,
  0xA411, 0xB4B2, 0xB4B1, 0xB4B1, 0xB4B2, 0xB4B2, 0xBCB2, 0xBCB2,
  0xB492, 0x8B2E, 0x4947, 0x4906, 0x8A6A, 0xBB2C, 0xCB2B, 0xDBCB,
  0xE4EE, 0xFE34, 0xFE76, 0xFE75, 0xFE75, 0xFE75, 0xFE75, 0xFE75,
  0xFE95, 0xFE95, 0xFE95, 0xFE95, 0xFE95, 0xFE95, 0xFE95, 0xFE95,
  0xFE95, 0xFE95, 0xFE95, 0xFE95, 0xFE95, 0xFE95, 0xFE95, 0xFE95,
  0xFE95, 0xFE95, 0xFE95, 0xFE75, 0xFE75, 0xFE95, 0xFE95, 0xFE95,
  0xFE95, 0xFE95, 0xFE95, 0xFE95, 0xFE95, 0xFE95, 0xFE95, 0xFE95,
  0xFE95, 0xFE95, 0xFE95, 0xFE95, 0xFE95, 0xFE95, 0xFE95, 0xFE95,
  0xFE95, 0xFE95, 0xFE95, 0xFE95, 0xFE75, 0xFE95, 0xFE95, 0xFE75,
  0xFE95, 0xFE95, 0xFE95, 0xFE95, 0xFE95, 0xFE95, 0xFE75, 0xFE75,
  0xFE75, 0xF696, 0xFEF7, 0xDE16, 0x6209, 0x5127, 0x824A, 0xBBAD,
  0xB38B, 0xAB8C, 0x61C8, 0x4969, 0xCDD7, 0xF79C, 0xCF5D, 0x6558,
  0x5558, 0x4D58, 0x5D58, 0x4330, 0x4947, 0xAB0C, 0xBB2B, 0xE4CF,
  0xFE75, 0xFE76, 0xFE96, 0xFE95, 0xFE96, 0xDD93, 0x59A9, 0x5BB2,
  0x5D58, 0x5518, 0x5539, 0x4B91, 0x3927, 0x8209, 0xBB0B, 0xD40D,
  0xF654, 0xFE75, 0xFE75, 0xFE95, 0xFE95, 0xFE95, 0xFE95, 0xFE75,
  0xFE96, 0xFE76, 0xFE76, 0xFE95, 0xFE75, 0xFE55, 0xFE74, 0xFE95,
  0xF675, 0xFE96, 0xEDB3, 0xAB8C, 0xA2AA, 0xC32B, 0xDC6C, 0xF613,
  0xFE95, 0xFE95, 0xFE95, 0xFE95, 0xFE95, 0xFE95, 0xFE75, 0xEDF5,
  0x5168, 0x5AEE, 0x5557, 0x4D37, 0x430F, 0x4147, 0xA36B, 0xF634,
  0xFE95, 0xFE75, 0xFE75, 0xFE75, 0xFE95, 0xFE95, 0xFE95, 0xFE75,
  0xFE75, 0xFE95, 0xFE95, 0xFE95, 0xFE75, 0xF676, 0x93AD, 0x51E7,
  0x9AEC, 0x62A8, 0x956F, 0x8D8E, 0x8D8E, 0x8D8E, 0x8DAE, 0x8D6E,
  0x6C0B, 0x8D6E, 0x8DAE, 0x8D8E, 0x8D8E, 0x958E, 0x958E, 0x8DAE,
  0x8D6F, 0x6C4B, 0x958E, 0x8D6E, 0x948E, 0xD614, 0x94AD, 0x956E,
  0x8D8D, 0x748B, 0x954F, 0x958F, 0x8DAE, 0x8D8E, 0x95AE, 0x8D6E,
  0x73CC, 0x4148, 0x4167, 0x62AA, 0x94CE, 0xA570, 0xB632, 0xCE76,
  0xD697, 0x9C91, 0x4147, 0x4168, 0x62C7, 0x84C8, 0x84C8, 0x8CC9,
  0x94CA, 0x94AC, 0x62C8, 0x5188, 0x59A9, 0x59A9, 0x59A9, 0x59A9,
  0x59A9, 0x59A9, 0x59A9, 0x5989, 0x5989, 0x51A9, 0x4127, 0x728B,
  0xB4B3, 0xB4B2, 0xBCB2, 0xBCB2, 0xB4B2, 0xB4B2, 0xB4B2, 0xB4B2,
  0xBCB2, 0xB4B2, 0x830D, 0x4948, 0x4907, 0x8A2A, 0xBB0C, 0xDBCD,
  0xDBEC, 0xED2F, 0xF633, 0xFE74, 0xFE95, 0xFE96, 0xFE76, 0xFE75,
  0xFE95, 0xFE96, 0xFE96, 0xFE95, 0xFE95, 0xFE95, 0xFE95, 0xFE95,
  0xFE95, 0xFE95, 0xFE95, 0xFE95, 0xFE95, 0xFE95, 0xFE95, 0xFE95,
  0xFE95, 0xFE95, 0xFE95, 0xFE76, 0xFE76, 0xFE75, 0xFE95, 0xFE95,
  0xFE95, 0xFE95, 0xFE95, 0xFE95, 0xFE95, 0xFE95, 0xFE95, 0xFE95,
  0xFE95, 0xFE95, 0xFE95, 0xFE95, 0xFE95, 0xFE95, 0xFE95, 0xFE95,
  0xFE95, 0xFE95, 0xFE95, 0xFE95, 0xFE75, 0xFE95, 0xFE96, 0xFE75,
  0xFE95, 0xFE95, 0xFE95, 0xFE95, 0xFE95, 0xFE95, 0xFE95, 0xFE75,
  0xFE96, 0xF6D6, 0xEED8, 0x830D, 0x5127, 0x61A9, 0x824A, 0xC3AE,
  0xB36C, 0xAB8B, 0x7209, 0x4927, 0xBD76, 0xE77D, 0xA67B, 0x5D58,
  0x4D58, 0x4D58, 0x5D38, 0x328D, 0x5168, 0xAB0C, 0xBB2B, 0xDCCF,
  0xFE75, 0xFE96, 0xFE76, 0xFE75, 0xF675, 0xBC91, 0x4148, 0x5C55,
  0x5558, 0x5538, 0x5538, 0x5CB6, 0x3148, 0x69A9, 0xBB0C, 0xCBCC,
  0xF613, 0xF675, 0xFE76, 0xFE75, 0xFE75, 0xFE95, 0xFE95, 0xFE75,
  0xFE75, 0xFE76, 0xFE75, 0xFE95, 0xFE95, 0xFE75, 0xFE95, 0xFE76,
  0xFE76, 0xFE76, 0xE572, 0xC40D, 0x9A89, 0xBB2B, 0xDC2C, 0xF5F2,
  0xFE75, 0xFE95, 0xFE95, 0xFE95, 0xFE95, 0xFE95, 0xFE75, 0xF656,
  0x722A, 0x4A4C, 0x5517, 0x5C95, 0x39AA, 0x69E8, 0xDCF0, 0xFE75,
  0xFE95, 0xFE75, 0xFE95, 0xFE95, 0xFE95, 0xFE95, 0xFE95, 0xFE75,
  0xFE75, 0xFE95, 0xFE95, 0xFE96, 0xF675, 0xC4F2, 0x49E6, 0x848F,
  0x6248, 0x7C4D, 0x8D6E, 0x8DAE, 0x8DAE, 0x8DAE, 0x8D8E, 0x8D4E,
  0x744B, 0x958E, 0x8DAE, 0x8D8E, 0x8D8E, 0x8D8E, 0x8D8D, 0x8DAE,
  0x7CAC, 0x6BEA, 0x958E, 0x956F, 0xA4AE, 0xF676, 0xD5F3, 0x94ED,
  0x958E, 0x7C8C, 0x7C4C, 0x956F, 0x8D8E, 0x8D6E, 0x8D6E, 0x8D8E,
  0x84CE, 0x4187, 0x4188, 0x734B, 0xAE10, 0xAE0F, 0xB652, 0xCE77,
  0xD697, 0xB533, 0x4988, 0x4147, 0x5208, 0x62E7, 0x62E8, 0x62A8,
  0x6288, 0x5A48, 0x51C8, 0x5189, 0x59A9, 0x59A9, 0x59A9, 0x59A9,
  0x59A9, 0x59A9, 0x59A9, 0x59A9, 0x5189, 0x4948, 0x4946, 0xA411,
  0xB4B2, 0xBCB2, 0xBCB2, 0xBCB2, 0xB4B2, 0xB4B2, 0xB4B2, 0xB4B2,
  0xB4B2, 0xB4B2, 0xB4B2, 0x82ED, 0x5168, 0x5927, 0x81E9, 0xC38E,
  0xD36B, 0xDC0B, 0xED2F, 0xFE54, 0xF695, 0xFE76, 0xFE75, 0xFE75,
  0xFE95, 0xFE95, 0xFE95, 0xFE95, 0xFE95, 0xFE95, 0xFE95, 0xFE95,
  0xFE95, 0xFE95, 0xFE95, 0xFE95, 0xFE95, 0xFE95, 0xFE95, 0xFE95,
  0xFE95, 0xFE95, 0xFE95, 0xFE95, 0xFE75, 0xFE76, 0xFE76, 0xFE75,
  0xFE76, 0xFE95, 0xFE95, 0xFE95, 0xFE95, 0xFE95, 0xFE95, 0xFE95,
  0xFE95, 0xFE95, 0xFE95, 0xFE95, 0xFE95, 0xFE95, 0xFE95, 0xFE95,
  0xFE95, 0xFE95, 0xFE95, 0xFE75, 0xFE76, 0xFE75, 0xFE75, 0xFE75,
  0xFE95, 0xFE95, 0xFE95, 0xFE95, 0xFE95, 0xFE75, 0xFE95, 0xF675,
  0xFED7, 0xF6B8, 0x8B8E, 0x4947, 0x59A8, 0x6A09, 0x7A09, 0xC3AE,
  0xB36B, 0xAB6B, 0x826A, 0x4907, 0xACF4, 0xBEFC, 0x6557, 0x5558,
  0x5558, 0x4D38, 0x5D38, 0x3A8D, 0x5168, 0xB30C, 0xBB2B, 0xE510,
  0xFE75, 0xFE75, 0xFE76, 0xFE75, 0xF656, 0x7AAC, 0x41AA, 0x6517,
  0x5558, 0x4D38, 0x5538, 0x5D37, 0x3A6D, 0x4927, 0xAAEC, 0xBB4B,
  0xE510, 0xFE75, 0xFE95, 0xFE75, 0xFE75, 0xFE95, 0xFE95, 0xFE75,
  0xFE95, 0xFE95, 0xFE95, 0xFE95, 0xFE95, 0xFE95, 0xFE95, 0xFE75,
  0xFE76, 0xFE75, 0xC48F, 0xC40D, 0x9A48, 0xBB2B, 0xD40B, 0xF5D2,
  0xFE95, 0xFE95, 0xFE95, 0xFE95, 0xFE95, 0xFE95, 0xFE76, 0xF656,
  0x8AEC, 0x41EB, 0x5D16, 0x5391, 0x4947, 0xAB6C, 0xF5F3, 0xFE75,
  0xFE95, 0xFE95, 0xFE95, 0xFE95, 0xFE95, 0xFE95, 0xFE95, 0xFE95,
  0xFE95, 0xFE95, 0xFE96, 0xF675, 0xC512, 0x6248, 0x6BAB, 0xA694,
  0x6AC9, 0x9D10, 0x8D8F, 0x8D8E, 0x8DAE, 0x8DAE, 0x956E, 0x8D0E,
  0x744B, 0x8DAE, 0x8D8E, 0x8D8E, 0x8D8E, 0x8D8D, 0x8D8D, 0x958E,
  0x73EA, 0x7C2B, 0x956E, 0x950E, 0xBD31, 0xFE76, 0xF676, 0xB530,
  0x8D0D, 0x8CEE, 0x9CAF, 0x8CEE, 0x958F, 0x8D4F, 0x8D2E, 0x8D8E,
  0x956F, 0x41E7, 0x4147, 0x5A69, 0x94EE, 0x844C, 0x738B, 0x7B4D,
  0x72CA, 0x6A67, 0x6A26, 0x936C, 0x59A8, 0x51A8, 0x51A8, 0x5189,
  0x5189, 0x59A9, 0x5189, 0x5989, 0x59A9, 0x59A9, 0x59A9, 0x59A9,
  0x59A9, 0x59A9, 0x59A9, 0x59AA, 0x5169, 0x4127, 0x830D, 0xB4B2,
  0xB4B2, 0xBCB2, 0xBCB2, 0xBCB2, 0xB4B2, 0xB4B2, 0xB4B2, 0xB4B2,
  0xB4B2, 0xB4B1, 0xBCD2, 0xB492, 0x7ACC, 0x4927, 0x5127, 0x8A09,
  0xC30D, 0xD34B, 0xDC2C, 0xED50, 0xFE74, 0xFE95, 0xFE95, 0xFE75,
  0xFE95, 0xFE95, 0xFE95, 0xFE95, 0xFE95, 0xFE95, 0xFE95, 0xFE95,
  0xFE95, 0xFE95, 0xFE95, 0xFE95, 0xFE95, 0xFE95, 0xFE95, 0xFE95,
  0xFE95, 0xFE95, 0xFE95, 0xFE95, 0xFE75, 0xFE76, 0xFE75, 0xFE76,
  0xFE76, 0xFE95, 0xFE95, 0xFE95, 0xFE95, 0xFE95, 0xFE95, 0xFE95,
  0xFE95, 0xFE95, 0xFE95, 0xFE95, 0xFE95, 0xFE95, 0xFE95, 0xFE95,
  0xFE95, 0xFE95, 0xFE76, 0xFE75, 0xFE76, 0xFE76, 0xFE75, 0xFE75,
  0xFE95, 0xFE95, 0xFE95, 0xFE95, 0xFE95, 0xF675, 0xF695, 0xF6B6,
  0xF6D8, 0xA430, 0x4928, 0x5168, 0x69E9, 0x6A09, 0x7209, 0xB38E,
  0xB38C, 0xAB8B, 0x8AAA, 0x4928, 0x7390, 0x85B9, 0x5538, 0x5559,
  0x5538, 0x5538, 0x5D38, 0x42AE, 0x59A9, 0xB30C, 0xC32B, 0xE510,
  0xFE75, 0xFE75, 0xFE75, 0xFE76, 0xC4D2, 0x5168, 0x528E, 0x6D38,
  0x5579, 0x4D58, 0x5538, 0x5D58, 0x4BB2, 0x3948, 0x822A, 0xB30B,
  0xCBEC, 0xF613, 0xFE75, 0xFE75, 0xFE75, 0xFE75, 0xFE95, 0xFE95,
  0xFE95, 0xFE95, 0xFE95, 0xFE95, 0xFE95, 0xFE95, 0xFE95, 0xFE75,
  0xFE75, 0xFE75, 0xC4B0, 0xC3ED, 0xA289, 0xC32B, 0xCBAA, 0xED91,
  0xFE75, 0xFE95, 0xFE95, 0xFE95, 0xFE95, 0xFE95, 0xFE75, 0xF656,
  0x932D, 0x41A9, 0x6CF6, 0x426C, 0x69E7, 0xD4D0, 0xFE54, 0xFE75,
  0xFE95, 0xFE95, 0xFE95, 0xFE95, 0xFE95, 0xFE95, 0xFE95, 0xFE75,
  0xFE96, 0xFE96, 0xF676, 0xE635, 0x6A69, 0x636A, 0xA653, 0x9EF4,
  0xA30D, 0x59A6, 0x62A8, 0x73AB, 0x842D, 0x7C2C, 0x73CB, 0x630A,
  0x7C6C, 0x8DAD, 0x8DAE, 0x8D8D, 0x8D6D, 0x7D2C, 0x8D8E, 0x8D4E,
  0x8C2D, 0x946D, 0x8D4E, 0x73CA, 0xEE55, 0xFE76, 0xF676, 0xEE76,
  0xA4CE, 0x94CE, 0x83CC, 0x7BAA, 0x5B68, 0x63CA, 0x84AD, 0x8D6E,
  0x958F, 0x4A87, 0x3967, 0x3188, 0x52AB, 0x41A7, 0x4167, 0x59C8,
  0xB46E, 0xE5AF, 0xEDCF, 0xE5D0, 0x7A69, 0x59A9, 0x59A9, 0x59A9,
  0x59A9, 0x59A9, 0x5989, 0x59A9, 0x59C9, 0x5188, 0x59A9, 0x59A9,
  0x59A9, 0x5989, 0x59A9, 0x5989, 0x4127, 0x4968, 0xB4B2, 0xB4B2,
  0xB4B2, 0xB4B2, 0xB4B2, 0xBCB2, 0xB4B2, 0xB4B2, 0xB4B2, 0xB4B2,
  0xB4B2, 0xB4B2, 0xB4B2, 0xB4B1, 0xB4B2, 0x82CD, 0x4907, 0x5927,
  0x8A0A, 0xBB0D, 0xCB4B, 0xDC2C, 0xED70, 0xFE74, 0xFE95, 0xFE75,
  0xFE95, 0xFE75, 0xFE75, 0xFE95, 0xFE95, 0xFE95, 0xFE95, 0xFE95,
  0xFE95, 0xFE95, 0xFE95, 0xFE95, 0xFE95, 0xFE95, 0xFE95, 0xFE95,
  0xFE95, 0xFE95, 0xFE95, 0xFE95, 0xFE75, 0xFE95, 0xFE95, 0xFE96,
  0xFE75, 0xFE95, 0xFE95, 0xFE95, 0xFE95, 0xFE95, 0xFE95, 0xFE95,
  0xFE95, 0xFE95, 0xFE95, 0xFE95, 0xFE95, 0xFE95, 0xFE95, 0xFE95,
  0xFE95, 0xFE95, 0xFE76, 0xFE75, 0xFE76, 0xF615, 0xD531, 0xFE76,
  0xFE95, 0xFE95, 0xFE96, 0xFE95, 0xFE75, 0xF695, 0xF6B6, 0xFF19,
  0xAC71, 0x5168, 0x4908, 0x59A9, 0x61E9, 0x6A09, 0x69E9, 0x9ACC,
  0xB3AD, 0xAB6A, 0x92CA, 0x4948, 0x52CF, 0x6558, 0x5558, 0x5558,
  0x4D38, 0x5538, 0x6538, 0x4ACE, 0x59A9, 0xB2EC, 0xC32B, 0xE4AF,
  0xFE75, 0xF675, 0xFE95, 0xEDF5, 0x7AAB, 0x4908, 0x49CB, 0x5372,
  0x6559, 0x5538, 0x5538, 0x5559, 0x5C95, 0x39AA, 0x5127, 0xB2EB,
  0xC34B, 0xDCEF, 0xFE75, 0xFE95, 0xFE95, 0xFE95, 0xFE95, 0xFE96,
  0xFE95, 0xFE95, 0xFE95, 0xFE95, 0xFE95, 0xFE95, 0xFE95, 0xFE75,
  0xFE95, 0xFE75, 0xDD73, 0xBBCC, 0xAAA9, 0xBAEB, 0xC36A, 0xE550,
  0xFE75, 0xFE75, 0xFE75, 0xFE75, 0xFE95, 0xFE95, 0xFE75, 0xFE76,
  0xC4B2, 0x4148, 0x7C95, 0x4187, 0xA30A, 0xE571, 0xFE74, 0xFE75,
  0xFE95, 0xFE95, 0xFE95, 0xFE95, 0xFE95, 0xFE95, 0xFE95, 0xFE75,
  0xFE75, 0xFE96, 0xF677, 0x726A, 0x5288, 0xA653, 0xA714, 0x9F14,
  0xDB90, 0xD38F, 0xAAED, 0x8209, 0x6967, 0x71A7, 0x7A29, 0x4966,
  0x7C8D, 0x8DAD, 0x8DAD, 0x8DAE, 0x852D, 0x7CCC, 0x95AF, 0x8CCD,
  0xB531, 0x9CEF, 0x952F, 0xA4CE, 0xF675, 0xFE75, 0xFE96, 0xFE76,
  0xE634, 0xA4CF, 0xA44E, 0xD5F4, 0x94AE, 0x7C2C, 0x73CA, 0x956F,
  0x8D8F, 0x6B6A, 0x83AE, 0x8CB3, 0x422B, 0x3907, 0x4968, 0x8AEA,
  0xEDCF, 0xFE2E, 0xFE0D, 0xF60E, 0x9329, 0x59A9, 0x59A9, 0x59A9,
  0x61CA, 0x59AA, 0x5989, 0x59A9, 0x59C8, 0x59A9, 0x59A9, 0x59A9,
  0x59A9, 0x5989, 0x59AA, 0x5169, 0x4107, 0x7ACD, 0xB4B2, 0xB4B2,
  0xB4B2, 0xB4B2, 0xB4B2, 0xB4B2, 0xB4B2, 0xB4B2, 0xB4B2, 0xB4B2,
  0xB4B2, 0xB4B2, 0xBCB2, 0xBCB1, 0xBCB2, 0x9BAF, 0x4127, 0x5148,
  0x5107, 0x71A9, 0xB2EB, 0xCB4B, 0xDC2C, 0xF591, 0xFE75, 0xFE96,
  0xFE75, 0xFE75, 0xFE75, 0xFE95, 0xFE95, 0xFE95, 0xFE95, 0xFE95,
  0xFE95, 0xFE95, 0xFE95, 0xFE95, 0xFE95, 0xFE95, 0xFE95, 0xFE95,
  0xFE95, 0xFE95, 0xFE95, 0xFE75, 0xFE96, 0xFE75, 0xFE75, 0xFE75,
  0xFE75, 0xFE95, 0xFE95, 0xFE95, 0xFE95, 0xFE95, 0xFE95, 0xFE95,
  0xFE95, 0xFE95, 0xFE95, 0xFE95, 0xFE95, 0xFE95, 0xFE95, 0xFE95,
  0xFE95, 0xFE95, 0xFE76, 0xFE95, 0xFE75, 0xC4B1, 0x8AC9, 0xFE76,
  0xFE76, 0xFE96, 0xFE96, 0xF675, 0xF695, 0xF696, 0xF6D8, 0xAC91,
  0x4927, 0x4928, 0x5989, 0x59A9, 0x61E9, 0x6A09, 0x7209, 0x826A,
  0xBB8D, 0xAB6A, 0x930A, 0x5168, 0x422C, 0x5D18, 0x5558, 0x5558,
  0x5558, 0x54D6, 0x4AEF, 0x3989, 0x5147, 0xAB0C, 0xBB2A, 0xDCAF,
  0xFE75, 0xFE95, 0xF656, 0xA38E, 0x4907, 0x59A9, 0x59E9, 0x3949,
  0x5371, 0x5D17, 0x4D38, 0x5558, 0x5D38, 0x428E, 0x4107, 0x924A,
  0xBB0B, 0xCBEC, 0xF5F3, 0xFE95, 0xFE95, 0xFE95, 0xFE75, 0xFE76,
  0xFE95, 0xFE95, 0xFE95, 0xFE95, 0xFE95, 0xFE95, 0xFE75, 0xFE75,
  0xFE75, 0xFE96, 0xFE76, 0xE552, 0xBB6B, 0xBB0B, 0xBB4A, 0xE50F,
  0xFE34, 0xFE75, 0xFE75, 0xFE75, 0xFE95, 0xFE95, 0xFE75, 0xFE76,
  0xCD13, 0x4147, 0x5AAE, 0x61C8, 0xCC0D, 0xFE54, 0xFE95, 0xFE95,
  0xFE76, 0xFE95, 0xFE95, 0xFE95, 0xFE95, 0xFE95, 0xFE95, 0xFE95,
  0xFE75, 0xF676, 0x938E, 0x49C8, 0x9550, 0xA6F3, 0xA6F3, 0xA6F3,
  0xEB6E, 0xEB6F, 0xE390, 0xE3B0, 0xDB8F, 0xDB8F, 0xD390, 0x4926,
  0x7C8D, 0x8DAE, 0x8DAE, 0x8D8E, 0x8D4E, 0x7CAD, 0x7CCD, 0x7C2C,
  0xB490, 0xA48E, 0x946D, 0xD5F3, 0xFE75, 0xFE75, 0xFE96, 0xFE75,
  0xFE75, 0xDDD3, 0xD593, 0xF696, 0xCDD2, 0xA4CF, 0xAD10, 0x8C8D,
  0x8D6E, 0x7C0B, 0xA42D, 0xCD91, 0x6A89, 0x4946, 0x59C7, 0xD4ED,
  0xF62D, 0xFE2D, 0xFE0D, 0xF62E, 0xB44C, 0x59A9, 0x59A9, 0x59A9,
  0x5988, 0x61A8, 0x7249, 0x8B29, 0xA3ED, 0x61C9, 0x59A9, 0x59A9,
  0x59A9, 0x59A9, 0x5189, 0x4127, 0x51A8, 0x9C10, 0xB4B2, 0xBCB2,
  0xBCB2, 0xB4B2, 0xB4B2, 0xB4B2, 0xB4B2, 0xB4B2, 0xB4B2, 0xBCB2,
  0xBCD2, 0xB4B2, 0xB4B2, 0xB4B2, 0xBCB1, 0x9BF0, 0x4147, 0x5988,
  0x6168, 0x5107, 0x71A8, 0xAAAB, 0xCB6B, 0xDC2C, 0xED70, 0xFE54,
  0xFE75, 0xFE75, 0xFE75, 0xFE95, 0xFE95, 0xFE95, 0xFE95, 0xFE95,
  0xFE95, 0xFE95, 0xFE95, 0xFE95, 0xFE95, 0xFE95, 0xFE95, 0xFE95,
  0xFE95, 0xFE95, 0xFE95, 0xFE75, 0xDD73, 0xE5B4, 0xFE56, 0xFE75,
  0xFE95, 0xFE95, 0xFE95, 0xFE95, 0xFE95, 0xFE95, 0xFE95, 0xFE95,
  0xFE95, 0xFE95, 0xFE95, 0xFE95, 0xFE95, 0xFE95, 0xFE95, 0xFE95,
  0xFE95, 0xFE95, 0xFE75, 0xFE75, 0xF636, 0xA38D, 0xBC4F, 0xFE76,
  0xFE76, 0xFE96, 0xFE96, 0xF675, 0xF696, 0xEE77, 0xA430, 0x5168,
  0x4928, 0x5169, 0x59A9, 0x5989, 0x61A9, 0x69E9, 0x6A09, 0x7A29,
  0xAB4D, 0xB38B, 0xA32B, 0x5988, 0x41EB, 0x5CD7, 0x5D78, 0x5558,
  0x54B6, 0x42AE, 0x3948, 0x5168, 0x5127, 0x928B, 0xBB6B, 0xE4EF,
  0xFE75, 0xEE35, 0xBC91, 0x61A9, 0x5988, 0xBCD2, 0xC512, 0x82EC,
  0x49CA, 0x53B2, 0x5537, 0x5559, 0x5558, 0x4BB2, 0x3128, 0x71E9,
  0xB30C, 0xBB4B, 0xDCCF, 0xFE54, 0xFE75, 0xFE95, 0xFE76, 0xFE76,
  0xFE95, 0xFE95, 0xFE95, 0xFE95, 0xFE95, 0xFE75, 0xFE76, 0xFE76,
  0xFE75, 0xF675, 0xFE75, 0xFE55, 0xCC0D, 0xB2EB, 0xBB4B, 0xDCAD,
  0xF634, 0xFE75, 0xFE75, 0xFE75, 0xFE95, 0xFE95, 0xFE95, 0xFE75,
  0xD573, 0x4967, 0x5169, 0x8A6A, 0xDCCF, 0xFE75, 0xFE75, 0xFE75,
  0xFE76, 0xFE95, 0xFE95, 0xFE95, 0xFE95, 0xFE95, 0xFE95, 0xFE75,
  0xFE96, 0xD553, 0x5A28, 0x848F, 0xA6D4, 0xA713, 0xA713, 0xA713,
  0xEB6E, 0xEB6E, 0xEB8F, 0xEB8F, 0xEB8F, 0xEB8F, 0xD34F, 0x4926,
  0x7C8D, 0x8D8E, 0x8D8E, 0x8D8E, 0x8D4E, 0x73EB, 0x7CAC, 0x9CCF,
  0xEE36, 0xDDD4, 0xBD31, 0xF6B6, 0xFE75, 0xFE75, 0xFE95, 0xFE75,
  0xFE95, 0xFE75, 0xFE96, 0xFE96, 0xF696, 0xDDF3, 0xE634, 0xBD71,
  0x84AD, 0x844C, 0x9BA9, 0xF62F, 0xD54E, 0x936A, 0xA38A, 0xF5EE,
  0xFE2D, 0xFE2D, 0xFE0D, 0xFE2E, 0xDD4E, 0x61C8, 0x61A9, 0x61A7,
  0x7A89, 0xA3CB, 0xCCED, 0xE5CF, 0xBC8E, 0x59A8, 0x5989, 0x59A9,
  0x59A9, 0x59A9, 0x4948, 0x4967, 0x8B6E, 0xB4B2, 0xB4B2, 0xBCB2,
  0xBCB2, 0xB4B2, 0xB4B2, 0xB4B2, 0xB4B2, 0xB4B2, 0xB4B2, 0xBCD2,
  0xBCD2, 0xB4B2, 0xB4B2, 0xB4B2, 0xBCB2, 0xA411, 0x4968, 0x720A,
  0x926C, 0x69A9, 0x5107, 0x6967, 0x926A, 0xC34C, 0xD3EC, 0xED50,
  0xFE54, 0xFE75, 0xFE95, 0xFE95, 0xFE95, 0xFE96, 0xFE76, 0xFE75,
  0xFE76, 0xFE76, 0xFE76, 0xFE95, 0xFE95, 0xFE95, 0xFE95, 0xFE95,
  0xFE95, 0xFE75, 0xFE75, 0xEDB2, 0x930A, 0x8ACC, 0xCCF2, 0xFE76,
  0xFE75, 0xFE75, 0xFE95, 0xFE75, 0xFE75, 0xFE95, 0xFE95, 0xFE95,
  0xFE95, 0xFE75, 0xFE75, 0xFE75, 0xFE75, 0xFE95, 0xFE75, 0xFE75,
  0xFE95, 0xFE95, 0xFE76, 0xFE76, 0xC491, 0x8ACA, 0xF636, 0xFE76,
  0xFE76, 0xFE76, 0xF675, 0xF696, 0xEE76, 0x938E, 0x5168, 0x5129,
  0x5169, 0x5989, 0x59A9, 0x5989, 0x59A9, 0x61C9, 0x6A09, 0x7209,
  0x9AAB, 0xB3AC, 0xAB4B, 0x69C8, 0x41CA, 0x5C96, 0x5D78, 0x54F6,
  0x3AAE, 0x3927, 0x61C8, 0x9AAC, 0x6988, 0x6168, 0xA2EA, 0xED72,
  0xE5D5, 0xA3EF, 0x5988, 0x5988, 0xAC10, 0xF676, 0xF696, 0xEDF6,
  0x830D, 0x41CA, 0x5413, 0x5D38, 0x5559, 0x5CD6, 0x2989, 0x61A8,
  0xAACB, 0xBB2B, 0xC38C, 0xE511, 0xFE54, 0xFE95, 0xFE75, 0xFE76,
  0xFE95, 0xFE95, 0xFE95, 0xFE95, 0xFE95, 0xFE75, 0xFE76, 0xFE75,
  0xFE95, 0xFE95, 0xFE75, 0xFE75, 0xE511, 0xAAEA, 0xAAA9, 0xCBEC,
  0xF5D2, 0xFE75, 0xFE75, 0xFE95, 0xFE75, 0xFE75, 0xFE96, 0xFE95,
  0xE5D5, 0x59C9, 0x5948, 0xAB0B, 0xED71, 0xFE75, 0xFE75, 0xFE75,
  0xFE96, 0xFE95, 0xFE95, 0xFE95, 0xFE75, 0xFE96, 0xFE75, 0xFE75,
  0xF656, 0x832C, 0x6B6B, 0xAED4, 0xA713, 0xA713, 0xA713, 0xA713,
  0xEB6F, 0xEB8F, 0xEB8F, 0xEB6F, 0xEB8F, 0xEB8F, 0xDBB0, 0x5146,
  0x848D, 0x8DAE, 0x8DAE, 0x8D8E, 0x8CEE, 0x6B69, 0x9D6F, 0xBD50,
  0xF675, 0xF676, 0xF655, 0xFE75, 0xFE95, 0xFE95, 0xFE95, 0xFE75,
  0xFE96, 0xFE96, 0xFE75, 0xFE95, 0xF695, 0xF696, 0xF695, 0xE655,
  0x7BCB, 0x842D, 0x9388, 0xF62E, 0xF62E, 0xEDCE, 0xEDAD, 0xFE0D,
  0xFE2D, 0xFE2D, 0xFE2D, 0xFE2D, 0xF5EE, 0x7A87, 0x8AC9, 0xBC6D,
  0xDD4E, 0xEDCE, 0xFE2E, 0xF60E, 0x9B6A, 0x59A9, 0x59A9, 0x59A9,
  0x51A9, 0x5189, 0x4107, 0x59E9, 0xB4B2, 0xB4B2, 0xB4B2, 0xB4B2,
  0xBCD2, 0xB4B2, 0xB4B2, 0xB4B2, 0xB4B2, 0xB4B2, 0xB4B2, 0xBCB2,
  0xBCB2, 0xB4B2, 0xB4B2, 0xB4B2, 0xBCB2, 0xA431, 0x4968, 0x71E9,
  0x9ACD, 0x9AAD, 0x71C9, 0x5127, 0x6168, 0x8A09, 0xC34C, 0xD3EC,
  0xE4EF, 0xFE34, 0xFE95, 0xFE75, 0xFE75, 0xFE95, 0xFE95, 0xFE95,
  0xFE95, 0xFE75, 0xFE75, 0xFE95, 0xFE95, 0xFE95, 0xFE95, 0xFE95,
  0xFE95, 0xFE75, 0xFE75, 0xE50F, 0x92A9, 0x5988, 0x6A2A, 0xDD74,
  0xF676, 0xFE95, 0xFE96, 0xFE75, 0xFE75, 0xFE95, 0xFE95, 0xFE95,
  0xFE75, 0xFE75, 0xFE76, 0xFE76, 0xFE75, 0xFE95, 0xFE75, 0xFE96,
  0xFE75, 0xFE95, 0xFE76, 0xDD53, 0x7A69, 0xB42F, 0xFE76, 0xFE76,
  0xFE96, 0xF675, 0xF696, 0xF6D8, 0x938E, 0x4927, 0x4928, 0x5969,
  0x5989, 0x59A9, 0x59A9, 0x59A9, 0x59A9, 0x61A9, 0x69E9, 0x7209,
  0x7A29, 0xBBAE, 0xAB6B, 0x7A48, 0x49AA, 0x5C54, 0x5D58, 0x4B72,
  0x3149, 0x6187, 0xAAEB, 0xB30B, 0x926A, 0x5126, 0x5945, 0x8ACA,
  0x726A, 0x5988, 0x5146, 0xAC30, 0xF656, 0xFE96, 0xFE95, 0xF676,
  0xDDB4, 0x6209, 0x422C, 0x5CB6, 0x5558, 0x5D38, 0x4B10, 0x4947,
  0x9A8B, 0xBB0C, 0xBB0B, 0xCBAC, 0xED71, 0xFE74, 0xFE75, 0xFE75,
  0xFE95, 0xFE95, 0xFE95, 0xFE95, 0xFE95, 0xFE95, 0xFE75, 0xFE95,
  0xFE95, 0xFE95, 0xFE95, 0xFE75, 0xF5F3, 0xCBED, 0xAAC9, 0xC38B,
  0xED0F, 0xFE75, 0xFE75, 0xFE75, 0xFE75, 0xFE75, 0xFE96, 0xFE95,
  0xE5F5, 0x6A6A, 0x69A7, 0xC3AC, 0xF5D3, 0xFE95, 0xFE75, 0xFE75,
  0xFE95, 0xFE95, 0xFE95, 0xFE95, 0xFE75, 0xFE75, 0xFE96, 0xF676,
  0xB470, 0x5248, 0x95D2, 0xA713, 0xA713, 0xA713, 0xA713, 0xA713,
  0xEB8F, 0xEB8F, 0xEB8F, 0xEB8F, 0xEB6F, 0xEB6F, 0xDB8F, 0x5926,
  0x7C4C, 0x8DAE, 0x8DAE, 0x8D8E, 0x94CD, 0xACF0, 0x9CCE, 0xD5F3,
  0xF675, 0xFE76, 0xFE75, 0xFE75, 0xFE95, 0xFE95, 0xFE76, 0xFE76,
  0xFE96, 0xFE76, 0xFE96, 0xFE96, 0xE615, 0xE5D4, 0xF676, 0xEE56,
  0x9C2E, 0x49C5, 0xB46B, 0xFE2E, 0xFDED, 0xFE2D, 0xF60D, 0xF5ED,
  0xFE0D, 0xFE2D, 0xFE2D, 0xF62D, 0xFE2E, 0xEDAE, 0xEDEE, 0xF62E,
  0xF60D, 0xFE2D, 0xFE2D, 0xF60F, 0x82A8, 0x59A9, 0x5989, 0x59A9,
  0x5189, 0x4127, 0x4927, 0x9BD0, 0xB4B2, 0xB4B2, 0xB4B2, 0xB4B2,
  0xB4B2, 0xB4B2, 0xB4B2, 0xB4B2, 0xB4D2, 0xB4B2, 0xB4B2, 0xB4B2,
  0xB4B2, 0xB4B2, 0xBCB2, 0xB4B2, 0xBCB2, 0xA431, 0x4968, 0x71E9,
  0x9ACD, 0xA2CE, 0x9AAD, 0x7A0B, 0x69C9, 0x5107, 0x7167, 0xAACB,
  0xCB8C, 0xDCAE, 0xF5F2, 0xFE75, 0xFE95, 0xFE95, 0xFE95, 0xFE95,
  0xFE95, 0xFE95, 0xFE95, 0xFE95, 0xFE95, 0xFE95, 0xFE95, 0xFE95,
  0xFE95, 0xFE75, 0xFE75, 0xE52F, 0xB36A, 0x69A8, 0x48E7, 0x726A,
  0xD573, 0xF696, 0xF675, 0xFE75, 0xFE75, 0xFE75, 0xFE75, 0xFE76,
  0xFE76, 0xFE76, 0xFE76, 0xFE76, 0xFE75, 0xFE95, 0xFE95, 0xFE95,
  0xFE75, 0xFE75, 0xEDF6, 0x82CA, 0xA38D, 0xEDF6, 0xFE76, 0xFE75,
  0xFE96, 0xF696, 0xE636, 0x6A6B, 0x4948, 0x4927, 0x4948, 0x598A,
  0x59A9, 0x59A9, 0x59A9, 0x59A9, 0x59A9, 0x59A9, 0x61C9, 0x6A09,
  0x71E8, 0xA30C, 0xB38C, 0x92EA, 0x4948, 0x5392, 0x5CB6, 0x318A,
  0x4927, 0xAB0B, 0xDBED, 0xBB0A, 0xB2EC, 0x9ACC, 0x79E9, 0x6166,
  0x6187, 0x8AEC, 0xDDB5, 0xF656, 0xFE76, 0xFE95, 0xFE95, 0xFE96,
  0xF696, 0xCD13, 0x4968, 0x5351, 0x5558, 0x5579, 0x6CF6, 0x3989,
  0x8A8B, 0xB30C, 0xBB0B, 0xC34C, 0xCBEC, 0xFE12, 0xFE95, 0xFE76,
  0xFE95, 0xFE95, 0xFE95, 0xFE95, 0xFE95, 0xFE95, 0xFE95, 0xFE95,
  0xFE95, 0xFE95, 0xFE95, 0xFE75, 0xFE95, 0xED91, 0xC3CB, 0xC369,
  0xDC4C, 0xEDB2, 0xFE75, 0xFE95, 0xFE75, 0xFE76, 0xFE96, 0xFE95,
  0xE5D4, 0x726A, 0x8A69, 0xD3EC, 0xF613, 0xFE75, 0xFE75, 0xFE95,
  0xFE95, 0xFE95, 0xFE75, 0xFE75, 0xFE75, 0xFE75, 0xF675, 0xDD94,
  0x59C7, 0x73EC, 0xAEF4, 0xA713, 0xA713, 0xA713, 0xA713, 0xA713,
  0xF36F, 0xEB6F, 0xEB8F, 0xEB8F, 0xEB8F, 0xEB8F, 0xE3B0, 0x79C8,
  0x7BEB, 0x958E, 0x8D8E, 0x956E, 0x9C6D, 0xEE76, 0xCD72, 0xF676,
  0xFE96, 0xFE95, 0xFE95, 0xFE75, 0xFE95, 0xFE96, 0xFE96, 0xFE95,
  0xFE95, 0xFE76, 0xF635, 0xB44E, 0xA3CD, 0x9BCC, 0x9BAC, 0xF677,
  0xAC70, 0x6A68, 0xE5D0, 0xFE0D, 0xFE0D, 0xF62E, 0xD50C, 0xDD4D,
  0xF60E, 0xFE0D, 0xFE2D, 0xF60D, 0xFE2D, 0xFE0D, 0xFE2D, 0xFE0D,
  0xFE0D, 0xFE0D, 0xFE0D, 0xDD4D, 0x7228, 0x59A9, 0x59A9, 0x5989,
  0x5168, 0x4127, 0x6A6B, 0xB492, 0xB4D2, 0xB4B2, 0xC534, 0xB4B2,
  0xBCD2, 0xB4B2, 0xB4B2, 0xB4B2, 0xBCD2, 0xB4B2, 0xB4B2, 0xB4B2,
  0xB4B2, 0xB4B2, 0xBCB2, 0xB4D2, 0xB4B2, 0x9C10, 0x4948, 0x8AAC,
  0xA2EE, 0xA2CD, 0xA2CD, 0x9ACE, 0x928D, 0x6169, 0x5927, 0x6968,
  0x924A, 0xB2EB, 0xDC2D, 0xED51, 0xF614, 0xFE75, 0xFE95, 0xFE76,
  0xFE95, 0xFE75, 0xFE75, 0xFE75, 0xFE95, 0xFE95, 0xFE95, 0xFE95,
  0xFE95, 0xFE75, 0xFE95, 0xF613, 0xDCCF, 0xB36C, 0x6188, 0x4927,
  0x726A, 0xBCD1, 0xEE35, 0xF675, 0xFE96, 0xFE76, 0xFE76, 0xFE76,
  0xFE76, 0xFE95, 0xFE95, 0xFE95, 0xFE96, 0xFE76, 0xFE75, 0xFE76,
  0xFE76, 0xE5D4, 0xA38D, 0xA38D, 0xF636, 0xFE76, 0xFE76, 0xFE96,
  0xF676, 0xCD74, 0x622A, 0x5188, 0x8B6F, 0xC556, 0x5188, 0x51A9,
  0x59A9, 0x59A9, 0x59A9, 0x59A9, 0x59A9, 0x5989, 0x61A9, 0x69E9,
  0x7209, 0x8229, 0xAB6D, 0xAB6C, 0x61A8, 0x526D, 0x4ACF, 0x4128,
  0x8A69, 0xDC4D, 0xECCE, 0xCBCC, 0xBB2B, 0xBB0B, 0xBB2B, 0xBB2B,
  0xCC4E, 0xF615, 0xFE96, 0xFE75, 0xFE75, 0xFE75, 0xFE75, 0xFE75,
  0xFE95, 0xF697, 0x7AAC, 0x41AA, 0x6434, 0x5CD7, 0x5CD7, 0x4AAE,
  0x69EA, 0xB30C, 0xBB0B, 0xBB0B, 0xC34B, 0xDC6D, 0xF5F3, 0xFE76,
  0xFE95, 0xFE95, 0xFE95, 0xFE95, 0xFE95, 0xFE95, 0xFE95, 0xFE95,
  0xFE95, 0xFE95, 0xFE95, 0xFE76, 0xFE95, 0xFE54, 0xED91, 0xE4EE,
  0xE4EE, 0xE592, 0xFE95, 0xFE95, 0xFE75, 0xFE76, 0xFE96, 0xFE75,
  0xEE15, 0x92EC, 0xAAEB, 0xD44D, 0xFE34, 0xFE75, 0xFE95, 0xFE95,
  0xFE95, 0xFE95, 0xFE75, 0xFE75, 0xFE75, 0xFE75, 0xF676, 0x8B0C,
  0x5228, 0xA633, 0xA6F3, 0xA6F3, 0xA713, 0xA713, 0xA713, 0xA713,
  0xEB6F, 0xEB8F, 0xEB8F, 0xEB8F, 0xEBAF, 0xEB8F, 0xE38F, 0xA2AC,
  0x734A, 0x958F, 0x8D8E, 0x952E, 0xBD10, 0xF676, 0xF676, 0xF676,
  0xEE36, 0xDDB3, 0xDDD4, 0xF676, 0xFE76, 0xFE95, 0xFE95, 0xFE95,
  0xFE95, 0xFE76, 0xD531, 0xD552, 0xF677, 0xF676, 0xE5D3, 0xF676,
  0xE5F5, 0x7AC9, 0xDD6E, 0xFE0D, 0xF5EE, 0xC4CC, 0x7AA7, 0x8AC8,
  0xDD4D, 0xF60D, 0xFE0D, 0xFE2D, 0xFE2D, 0xFE0D, 0xFE0D, 0xFE0D,
  0xFE2D, 0xFE2D, 0xFE2D, 0xC4CD, 0x6A09, 0x59A9, 0x59A9, 0x51A9,
  0x4947, 0x5188, 0xA410, 0xB4B2, 0xB4B2, 0xBCB2, 0xBCD2, 0xBCB2,
  0xB4B2, 0xB4B2, 0xB4B2, 0xB4B2, 0xBCD2, 0xBCD2, 0xBCD2, 0xB4B2,
  0xB4B2, 0xBCB2, 0xB4B2, 0xB4B2, 0xB4B2, 0x938E, 0x4927, 0x9AEE,
  0xA2CD, 0xA2CD, 0xA2CD, 0xA2CD, 0xA2CD, 0x928D, 0x79EB, 0x6169,
  0x5107, 0x6988, 0xA2AA, 0xCB8C, 0xE4AF, 0xEDB1, 0xFE54, 0xFE95,
  0xFE75, 0xFE96, 0xFE75, 0xFE75, 0xFE95, 0xFE95, 0xFE75, 0xFE75,
  0xFE75, 0xFE75, 0xFE75, 0xFE75, 0xF613, 0xE552, 0xA38E, 0x5947,
  0x5968, 0x69C8, 0xABEF, 0xD553, 0xEE15, 0xFE76, 0xFE76, 0xFE75,
  0xFE95, 0xFE95, 0xFE95, 0xFE75, 0xFE76, 0xFE76, 0xFE75, 0xF635,
  0xDD73, 0xB40E, 0xB40E, 0xEE15, 0xF675, 0xF696, 0xFEB7, 0xE5F5,
  0xA430, 0x59A9, 0x51C9, 0x9C31, 0xE6B9, 0xF73B, 0x72CC, 0x4968,
  0x5189, 0x5989, 0x59A9, 0x59A9, 0x59A9, 0x5989, 0x59A9, 0x61C9,
  0x6A09, 0x7229, 0x92CB, 0xB36C, 0x828A, 0x5189, 0x4189, 0x5988,
  0xAAEB, 0xE48D, 0xF5D1, 0xE550, 0xDC6D, 0xD40D, 0xD44D, 0xDCCE,
  0xF5D2, 0xFE75, 0xFE95, 0xFE95, 0xFE95, 0xFE75, 0xFE75, 0xFE75,
  0xFE95, 0xFE96, 0xAC30, 0x5188, 0x418A, 0x4A8E, 0x5330, 0x528D,
  0x5168, 0xAB0C, 0xBB0B, 0xBB0B, 0xBB0B, 0xC36B, 0xDCCF, 0xF654,
  0xFE75, 0xFE95, 0xFE75, 0xFE95, 0xFE95, 0xFE95, 0xFE95, 0xFE95,
  0xFE95, 0xFE95, 0xFE95, 0xFE96, 0xFE75, 0xFE75, 0xFE75, 0xFE34,
  0xFE54, 0xFE75, 0xFE95, 0xFE75, 0xFE75, 0xFE75, 0xFE75, 0xFE75,
  0xEDD4, 0xAB2C, 0xBB2B, 0xDC8E, 0xFE54, 0xFE95, 0xFE95, 0xFE95,
  0xFE95, 0xFE95, 0xFE75, 0xFE96, 0xFE95, 0xF676, 0xB450, 0x5187,
  0x844F, 0xAEF4, 0xA713, 0xA6F3, 0xA713, 0xA713, 0xA713, 0xA713,
  0xEB6F, 0xEBD0, 0xEB8F, 0xEB8F, 0xEB6F, 0xEB6F, 0xE38F, 0xCB4E,
  0x72C9, 0x956F, 0x958E, 0x950E, 0xE655, 0xFE75, 0xFE76, 0xD573,
  0x9BAC, 0xA40E, 0xAC0E, 0xA40D, 0xEDF4, 0xFE76, 0xFE75, 0xFE76,
  0xFE96, 0xFE96, 0xEDF4, 0xFE76, 0xFE96, 0xFE75, 0xFE75, 0xF696,
  0xE615, 0x938B, 0xCD0C, 0xF62E, 0xCCCD, 0x7AA8, 0xCD74, 0x8B2B,
  0x9B6A, 0xF60F, 0xFE2D, 0xFE2D, 0xFE2D, 0xFE2D, 0xFE0D, 0xFE0D,
  0xFE2D, 0xFE2D, 0xFE2D, 0xB42C, 0x61A8, 0x59A9, 0x59A9, 0x4969,
  0x4947, 0x8B2D, 0xB4B2, 0xB4B2, 0xB4B2, 0xBCB2, 0xB4B2, 0xB4B2,
  0xBCB2, 0xB4B2, 0xB4B2, 0xBCB2, 0xBC92, 0xBCB2, 0xBCB2, 0xBC92,
  0xBCB2, 0xBCB2, 0xB4B2, 0xB4B1, 0xB4B2, 0x8B4D, 0x5989, 0x9AED,
  0xA2CD, 0xA2CD, 0xA2CD, 0xA2CD, 0xA2CD, 0xA2CD, 0xA2AE, 0x926D,
  0x71CA, 0x5968, 0x6147, 0x81E9, 0xAACA, 0xD40D, 0xE50F, 0xF5F2,
  0xFE54, 0xFE95, 0xFE75, 0xFE75, 0xFE95, 0xFE75, 0xFE76, 0xFE76,
  0xFE76, 0xFE76, 0xFE76, 0xFE75, 0xF635, 0xCCD1, 0x8289, 0x8229,
  0xA2EC, 0x8A4A, 0x71A8, 0x7A49, 0x9B6D, 0xBC70, 0xDD74, 0xEDF5,
  0xF656, 0xF656, 0xFE76, 0xFE76, 0xF655, 0xFE76, 0xEDF4, 0xC4AF,
  0xCCF1, 0xDD93, 0xF635, 0xF676, 0xF696, 0xF6B8, 0xC553, 0x7AEC,
  0x5188, 0x59E9, 0xB4D3, 0xF73A, 0xF77B, 0xFF5B, 0xB4F3, 0x59E9,
  0x4947, 0x5148, 0x5989, 0x59A9, 0x5989, 0x5989, 0x59A9, 0x61C9,
  0x69E9, 0x6A09, 0x7229, 0xA32C, 0x9B2B, 0x5988, 0x4107, 0x69A9,
  0xAAEC, 0xD40D, 0xF5D2, 0xF674, 0xF613, 0xF5F3, 0xF613, 0xF634,
  0xFE75, 0xFE75, 0xFE95, 0xFE75, 0xFE76, 0xFE95, 0xFE95, 0xFE75,
  0xFE95, 0xFE76, 0xD553, 0x934D, 0x934E, 0x622A, 0x4947, 0x4168,
  0x5167, 0xA2EB, 0xBB0B, 0xBB0B, 0xBB0B, 0xBB0B, 0xCBAB, 0xED71,
  0xFE75, 0xFE95, 0xFE75, 0xFE95, 0xFE95, 0xFE95, 0xFE95, 0xFE95,
  0xFE95, 0xFE95, 0xFE95, 0xFE95, 0xFE76, 0xFE76, 0xFE76, 0xFE96,
  0xFE95, 0xFE95, 0xFE95, 0xFE75, 0xFE75, 0xFE75, 0xFE95, 0xFE75,
  0xE5B3, 0xAB0B, 0xBB0A, 0xE4CE, 0xFE55, 0xFE95, 0xFE95, 0xFE95,
  0xFE95, 0xFE95, 0xFE76, 0xFE96, 0xFE95, 0xE5F5, 0x59A7, 0x5249,
  0xA613, 0xA713, 0xA713, 0xA714, 0xA713, 0xA713, 0xA713, 0xA713,
  0xEB6E, 0xEBF0, 0xE36E, 0xEB8F, 0xEB6F, 0xEB6F, 0xEB6E, 0xDBAF,
  0x7AA9, 0x954E, 0x8D4D, 0x94CE, 0xF676, 0xFE95, 0xEE35, 0x936B,
  0xBCF1, 0xE5F4, 0xE5D4, 0xCD31, 0xEE14, 0xFE75, 0xFE75, 0xFE75,
  0xFE95, 0xFE76, 0xFE75, 0xFE95, 0xF675, 0xFE75, 0xFE75, 0xF696,
  0xE615, 0x72A8, 0xB48C, 0xEE30, 0x9309, 0xB46F, 0xEE56, 0xC511,
  0x7AA8, 0xAC09, 0xF62D, 0xFE0D, 0xFE0D, 0xFE2D, 0xFE2D, 0xFE2D,
  0xFE2D, 0xFE2E, 0xFE0E, 0x9B4A, 0x5989, 0x59A9, 0x5168, 0x4108,
  0x6229, 0xAC71, 0xB4B2, 0xBCB2, 0xBCB2, 0xBCB2, 0xB4B2, 0xB4B2,
  0xB4B2, 0xB4B2, 0xBCB2, 0xBCB2, 0xBCB2, 0xC4D2, 0xBCB2, 0xC4F3,
  0xCD13, 0xBCB2, 0xBCD2, 0xB4B1, 0xB4B2, 0xA3F0, 0x7A6C, 0xA2CD,
  0xA2CD, 0xA2AD, 0xA2CD, 0xA2CD, 0xA2CD, 0xA2CD, 0xA2CD, 0xA2AD,
  0x9AAD, 0x92AD, 0x7A0B, 0x5907, 0x6127, 0x81E8, 0xB32B, 0xD42D,
  0xE50F, 0xF5D2, 0xFE74, 0xFE95, 0xFE95, 0xFE75, 0xFE76, 0xFE76,
  0xFE76, 0xFE76, 0xFE76, 0xF635, 0xBC90, 0x7208, 0x79E7, 0xC3AC,
  0xD3AC, 0xCB8C, 0xB32B, 0xA2EB, 0x8229, 0x79E8, 0x8269, 0x8A89,
  0x9B4C, 0x9B4C, 0xB3EE, 0xE5D5, 0xEE15, 0xEE14, 0xE5D4, 0xE5B3,
  0xF635, 0xF675, 0xF696, 0xF6B7, 0xEE57, 0x9C0F, 0x51C9, 0x4947,
  0x834E, 0xCDF6, 0xF73B, 0xF77B, 0xFF7B, 0xFF7B, 0xE699, 0x8BAF,
  0x9BF1, 0x5168, 0x4907, 0x5148, 0x5989, 0x5989, 0x5989, 0x5989,
  0x61C9, 0x6A09, 0x7209, 0x8269, 0xAB6C, 0x7249, 0x4927, 0x5148,
  0x928B, 0xBB6B, 0xDC8D, 0xED50, 0xF5F3, 0xFE54, 0xFE54, 0xFE75,
  0xF695, 0xFE95, 0xFE95, 0xFE76, 0xFE76, 0xFE96, 0xFE95, 0xFE95,
  0xFE95, 0xFE76, 0xE5B4, 0xBC90, 0xEE16, 0xDD74, 0xC4D2, 0x830C,
  0x69C7, 0xA2AB, 0xBB0B, 0xBB0B, 0xBB0B, 0xBB0B, 0xC34B, 0xDC4C,
  0xF634, 0xFE95, 0xFE75, 0xFE95, 0xFE95, 0xFE95, 0xFE95, 0xFE95,
  0xFE95, 0xFE95, 0xFE95, 0xFE95, 0xFE75, 0xFE95, 0xFE75, 0xFE95,
  0xFE75, 0xFE75, 0xFE95, 0xFE95, 0xFE75, 0xFE76, 0xFE76, 0xFE75,
  0xE593, 0xA2CA, 0xBB2A, 0xE4EF, 0xFE75, 0xFE95, 0xFE95, 0xFE95,
  0xFE95, 0xFE95, 0xFE76, 0xFE95, 0xFE96, 0xC4F1, 0x4167, 0x7C4E,
  0xAED3, 0xA713, 0xA714, 0xA714, 0xA713, 0xA713, 0xA713, 0xA713,
  0xEB6E, 0xE38F, 0xEB8F, 0xEB6F, 0xEB6F, 0xEB6E, 0xEB6E, 0xE36E,
  0xA2AB, 0x7BAB, 0x94EE, 0x948D, 0xE614, 0xF675, 0xD572, 0xDDB3,
  0xF696, 0xFE95, 0xF695, 0xFE76, 0xFE76, 0xFE75, 0xFE95, 0xFE96,
  0xFE96, 0xFE76, 0xFE96, 0xF695, 0xFE95, 0xFE95, 0xFE75, 0xF675,
  0xE5F5, 0x5A47, 0x5225, 0x7B29, 0x9BAB, 0xEE75, 0xFE96, 0xF696,
  0xD573, 0x8B29, 0xF62E, 0xFE2D, 0xFE0D, 0xFE0D, 0xFE2D, 0xFE2D,
  0xFE2D, 0xFE2D, 0xFE0E, 0x7A88, 0x59A9, 0x51A9, 0x4127, 0x4127,
  0x9BEF, 0xB4D2, 0xBCD2, 0xBCB2, 0xBCB2, 0xB4B2, 0xB4B2, 0xB4B2,
  0xBC92, 0xBCB2, 0xBCD2, 0xBCD2, 0xC4F2, 0xCD13, 0xD513, 0xD534,
  0xCD54, 0xC513, 0xBCD2, 0xB4B1, 0xB4B2, 0xA410, 0x828C, 0x9ACD,
  0xA2CD, 0xA2CD, 0xA2CD, 0xA2CD, 0xA2CD, 0xA2CD, 0xA2CD, 0xA2CD,
  0xA2CD, 0xA2CD, 0x9ACD, 0x9ACE, 0x820B, 0x58E7, 0x58E6, 0x71A7,
  0xB32B, 0xD40D, 0xE4CF, 0xF5B2, 0xFE54, 0xFE75, 0xFE76, 0xFE96,
  0xFE76, 0xFE76, 0xFE76, 0xDD11, 0x7209, 0x71E8, 0xD3ED, 0xDBCC,
  0xDBCC, 0xDBEC, 0xDBEC, 0xD3AC, 0xCBAC, 0xD3CD, 0xCBAD, 0xC3CD,
  0xC38D, 0xCBEE, 0xA32C, 0xA38D, 0xF636, 0xFE76, 0xFE96, 0xFE95,
  0xF695, 0xF6B6, 0xF6B9, 0x9C10, 0x51A7, 0x4946, 0x59C9, 0xAC72,
  0xF71B, 0xFF7B, 0xFF7B, 0xFF7B, 0xFF7B, 0xFF9B, 0xFF5B, 0xDE98,
  0xFF3C, 0xCD75, 0x81C9, 0x58E6, 0x4907, 0x4948, 0x5169, 0x5189,
  0x51A9, 0x61E9, 0x6A2A, 0x7209, 0x8A8A, 0x932C, 0x5128, 0x4107,
  0x5168, 0x9ACB, 0xB32B, 0xC36B, 0xDC2D, 0xE4EF, 0xED51, 0xF5B3,
  0xFE75, 0xFE75, 0xFE75, 0xF695, 0xFE96, 0xFE96, 0xFE95, 0xFE95,
  0xFE95, 0xFE96, 0xEDF4, 0xC4AF, 0xFE76, 0xFE76, 0xFE96, 0xFE76,
  0xD4F1, 0xB34B, 0xB30A, 0xB30B, 0xBB0B, 0xBB0B, 0xC30B, 0xCB8B,
  0xE530, 0xFE54, 0xFE95, 0xFE95, 0xFE95, 0xFE75, 0xFE75, 0xFE76,
  0xFE95, 0xFE95, 0xFE75, 0xFE75, 0xFE95, 0xFE95, 0xFE95, 0xFE95,
  0xFE95, 0xFE75, 0xFE95, 0xFE95, 0xFE95, 0xFE95, 0xFE75, 0xFE76,
  0xE593, 0x9AA9, 0xBB0A, 0xE4EF, 0xFE54, 0xFE75, 0xFE95, 0xFE75,
  0xFE76, 0xFE76, 0xFE75, 0xFE75, 0xFE55, 0x9B8E, 0x4987, 0x95B1,
  0xA714, 0xA713, 0xA714, 0xA714, 0xA714, 0xA713, 0xA713, 0xA713,
  0xEB8F, 0xEB8F, 0xE38F, 0xEB6F, 0xEB6F, 0xEB6F, 0xEB6E, 0xEB8E,
  0xDB8F, 0x7208, 0x93ED, 0x942D, 0xB4AF, 0xF696, 0xFE76, 0xFE75,
  0xF675, 0xFE75, 0xFE75, 0xFE76, 0xFE76, 0xFE96, 0xF655, 0xEDF4,
  0xE5D4, 0xEDB4, 0xE572, 0xEE14, 0xF696, 0xFE95, 0xFE76, 0xF676,
  0xBD10, 0x842C, 0x94EF, 0x72E9, 0xDDD4, 0xFE76, 0xFE76, 0xFE96,
  0xBCB0, 0x7245, 0xE5CD, 0xFE2D, 0xFE2D, 0xFE0D, 0xFE2D, 0xFE2D,
  0xFE2D, 0xFE2D, 0xFE2D, 0xB44B, 0x82A8, 0x61C7, 0x5187, 0x936E,
  0xB4B2, 0xB4B2, 0xB4B2, 0xBCB2, 0xBCB2, 0xB4B2, 0xB4B2, 0xBCB2,
  0xBC92, 0xB492, 0xBCB2, 0xC4D2, 0xCD33, 0xDDB5, 0xEE78, 0xF71A,
  0xFF3A, 0xF6D9, 0xCD74, 0xB4B2, 0xBCB2, 0xA410, 0x722B, 0x9AAD,
  0xA2CD, 0xA2CD, 0xA2CD, 0xA2CD, 0xA2CD, 0xA2CD, 0xA2CD, 0xA2CD,
  0xA2CD, 0xA2CD, 0xA2CD, 0xA2AD, 0x9ACD, 0x9ACD, 0x7A0B, 0x6148,
  0x6106, 0x7187, 0x9AEB, 0xBBCD, 0xD4AF, 0xED72, 0xF613, 0xFE54,
  0xFE95, 0xFE75, 0xF635, 0xBBEE, 0x5946, 0xA2EB, 0xD3EC, 0xDBEC,
  0xDBCC, 0xDBEC, 0xDBEC, 0xDBCB, 0xDBCC, 0xDBEC, 0xDBEC, 0xD3CC,
  0xDC0D, 0xE470, 0x8209, 0x9B6D, 0xF676, 0xF696, 0xF696, 0xF697,
  0xE636, 0xAC91, 0x5A09, 0x4146, 0x4967, 0x6A4A, 0xB493, 0xDDF7,
  0xFF5B, 0xFF7B, 0xFF7B, 0xFF7B, 0xFF7B, 0xFF7B, 0xFF7B, 0xF77B,
  0xFF7B, 0xEE98, 0xBB0D, 0xAA4C, 0x81A9, 0x6147, 0x5127, 0x4928,
  0x4948, 0x4948, 0x5169, 0x61CA, 0x69E9, 0x7A6B, 0x61AA, 0x4928,
  0x4107, 0x5147, 0x7A09, 0x92AA, 0xA2EB, 0xB2EA, 0xC36B, 0xBB6B,
  0xCC2E, 0xE532, 0xF635, 0xFE75, 0xFE75, 0xFE95, 0xFE95, 0xFE95,
  0xFE95, 0xFE76, 0xEDF4, 0xDD92, 0xFE76, 0xFE76, 0xFE96, 0xFE95,
  0xFE55, 0xED72, 0xCC0C, 0xBB0A, 0xBB0B, 0xBAEB, 0xBB0B, 0xC32B,
  0xDC6D, 0xF5F3, 0xF675, 0xFE95, 0xFE95, 0xFE95, 0xFE95, 0xFE95,
  0xFE95, 0xFE75, 0xFE75, 0xFE75, 0xFE95, 0xFE95, 0xFE95, 0xFE95,
  0xFE95, 0xFE95, 0xFE95, 0xFE95, 0xFE95, 0xFE95, 0xFE75, 0xFE76,
  0xE5D4, 0xA30B, 0xBB0A, 0xE4CF, 0xFE54, 0xFE75, 0xFE75, 0xFE95,
  0xFE95, 0xFE95, 0xFE95, 0xFE75, 0xF635, 0x82CB, 0x41C7, 0x9E53,
  0xA6F4, 0xA714, 0xA714, 0xA714, 0xA714, 0xA713, 0xA713, 0xA713,
  0xEB8F, 0xEB8F, 0xEB8F, 0xEB6F, 0xEB6F, 0xEB6F, 0xEB8F, 0xE38F,
  0xBAED, 0x69A7, 0xE5D5, 0xCD72, 0xAC8E, 0xF655, 0xFE96, 0xFE96,
  0xFE95, 0xFE75, 0xFE75, 0xFE76, 0xE5B3, 0xDD31, 0xD4D0, 0xBBCC,
  0xAB4A, 0xBB6B, 0xC3CC, 0xCCAF, 0xF676, 0xFE76, 0xFE76, 0xE614,
  0x9CCD, 0x954E, 0x8C8D, 0xC572, 0xF676, 0xFE76, 0xF656, 0xC4F1,
  0xB44E, 0x9B69, 0xEDEE, 0xFE2D, 0xFE2D, 0xFE2D, 0xFE2D, 0xFE2D,
  0xFE2D, 0xFE2D, 0xFE2D, 0xF60E, 0xF5EF, 0xDD4E, 0xBC6C, 0xCD30,
  0xC4F0, 0xBCB1, 0xBCB2, 0xBCB2, 0xB4B2, 0xB4B2, 0xB4B2, 0xBCB2,
  0xBCB2, 0xBCD2, 0xC4D2, 0xCD33, 0xE637, 0xFF5B, 0xFF7B, 0xFF7B,
  0xF77B, 0xFF7B, 0xF6D9, 0xC533, 0xB4B2, 0xAC31, 0x720A, 0x9ACD,
  0xA2CD, 0xA2CD, 0xA2CD, 0xA2CD, 0xA2CD, 0xA2CD, 0xA2CD, 0xA2CD,
  0xA2CD, 0xA2CD, 0xA2CD, 0xA2CD, 0x9AAD, 0xA2CE, 0xA2CE, 0x9ACD,
  0x7A2B, 0x69A9, 0x5947, 0x6988, 0x926A, 0xA2EB, 0xBBED, 0xDCF1,
  0xE5B3, 0xF635, 0xEDD4, 0x92EB, 0x5946, 0xB34C, 0xDBEC, 0xDBCC,
  0xDBCB, 0xDBEC, 0xDBEC, 0xDBEC, 0xDBCC, 0xDBCC, 0xDBEC, 0xDBCC,
  0xE44E, 0xD40F, 0x6147, 0xB491, 0xEE57, 0xD5B4, 0xC553, 0xAC71,
  0x6229, 0x4967, 0x6229, 0x6A8B, 0x8B6E, 0xB492, 0xB4B2, 0xC534,
  0xEEB9, 0xFF7B, 0xFF7B, 0xFF7B, 0xFF7B, 0xFF7B, 0xFF7B, 0xFF7B,
  0xFF7B, 0xFF3B, 0xD471, 0xCAAC, 0xC2AC, 0xAA6B, 0x89C9, 0x7169,
  0x5928, 0x5128, 0x4908, 0x4908, 0x4927, 0x4928, 0x4948, 0x4949,
  0x4149, 0x3969, 0x3948, 0x4127, 0x61C8, 0x7A2A, 0x92AB, 0xAB0B,
  0xB30B, 0xBB2B, 0xD42E, 0xDCF1, 0xF614, 0xFE75, 0xFE75, 0xFE95,
  0xFE95, 0xFE76, 0xF635, 0xF655, 0xFE76, 0xFE76, 0xFE95, 0xFE95,
  0xFE75, 0xFE55, 0xED92, 0xDC4E, 0xC34B, 0xBB0A, 0xBB0B, 0xC30B,
  0xDBCC, 0xF571, 0xFE95, 0xFE95, 0xFE95, 0xFE95, 0xFE95, 0xFE95,
  0xFE95, 0xFE75, 0xFE95, 0xFE95, 0xFE95, 0xFE95, 0xFE95, 0xFE95,
  0xFE95, 0xFE95, 0xFE95, 0xFE95, 0xFE95, 0xFE95, 0xFE75, 0xFE95,
  0xEE35, 0xAB6D, 0xB30B, 0xDCAE, 0xFE55, 0xFE75, 0xFE75, 0xFE95,
  0xFE95, 0xFE95, 0xFE95, 0xFE95, 0xEDF5, 0x724A, 0x5ACA, 0xAEF4,
  0xA714, 0xA714, 0xA714, 0xA714, 0xA714, 0xA713, 0xA713, 0xA713,
  0xEB8F, 0xEB6F, 0xEB8F, 0xEB6F, 0xEB6F, 0xDB4F, 0xB28B, 0xAACC,
  0x92CB, 0x82CA, 0xE5F5, 0xF696, 0xCD72, 0xEE55, 0xFE76, 0xFE76,
  0xFE96, 0xFE75, 0xFE76, 0xF675, 0xBC2D, 0xC3CC, 0xCBCC, 0xD3CC,
  0xD3EC, 0xDBEC, 0xD3ED, 0xC44E, 0xF635, 0xFE75, 0xF695, 0xACEE,
  0x952E, 0x842B, 0xB510, 0xEE75, 0xF676, 0xE5F5, 0x9B8B, 0x9B89,
  0xBC6C, 0xEDCF, 0xF62E, 0xFE2D, 0xFE2D, 0xFE2D, 0xFE2D, 0xFE2D,
  0xFE2D, 0xFE2D, 0xFE2D, 0xFE0D, 0xFE0D, 0xFE0D, 0xF60E, 0xF60F,
  0xE5AE, 0xDD71, 0xC4F2, 0xB4B2, 0xB4B2, 0xB4B2, 0xBCD2, 0xBCB2,
  0xBCB2, 0xC4F2, 0xD575, 0xE657, 0xF75A, 0xFF7B, 0xFF7B, 0xFF7B,
  0xFF9B, 0xFF7B, 0xFF7B, 0xE657, 0xBCF2, 0xAC51, 0x6A0A, 0x9AEE,
  0xA2CD, 0xA2AD, 0xA2CD, 0xA2CD, 0xA2CD, 0xA2CD, 0xA2CD, 0xA2CD,
  0xA2CD, 0xA2CD, 0xA2CD, 0xA2CD, 0xA2CD, 0xA2CD, 0xA2CD, 0xA2CE,
  0xA2CE, 0x9AAD, 0x8A4C, 0x7A0B, 0x71A9, 0x6147, 0x6988, 0x8229,
  0x8AAB, 0xA36D, 0xABCE, 0x6A09, 0x5967, 0xB34C, 0xDBCC, 0xDBCC,
  0xDBEB, 0xDBEC, 0xDBEC, 0xDBCB, 0xDBEC, 0xDBEC, 0xDBEC, 0xDBEC,
  0xEC6F, 0xAB2D, 0x5107, 0x8B0D, 0x8B4E, 0x728B, 0x59E8, 0x5A08,
  0x72CC, 0x832D, 0x9C10, 0xB4B2, 0xB4B2, 0xB4B2, 0xBCD2, 0xBCD2,
  0xDE16, 0xFF7B, 0xFF7B, 0xFF7B, 0xFF7B, 0xFF7B, 0xFF7B, 0xFF7B,
  0xFF7B, 0xFF7B, 0xE5B5, 0xCAAB, 0xD2AC, 0xD2AC, 0xCAAC, 0xBA6C,
  0xA1EA, 0x81AA, 0x6128, 0x4927, 0x4928, 0x4928, 0x4928, 0x49AA,
  0x528E, 0x4B71, 0x4B51, 0x4AEF, 0x3A4C, 0x3969, 0x4927, 0x7A29,
  0xB30C, 0xB30B, 0xBB0B, 0xC34C, 0xD46F, 0xF613, 0xFE75, 0xFE95,
  0xFE95, 0xFE75, 0xFE75, 0xFE76, 0xFE76, 0xFE95, 0xFE95, 0xFE95,
  0xFE95, 0xFE75, 0xFE75, 0xF5D2, 0xDC4D, 0xBB0A, 0xBAEB, 0xC30B,
  0xD36B, 0xE50F, 0xFE95, 0xFE75, 0xFE96, 0xFE75, 0xFE75, 0xFE96,
  0xFE75, 0xFE95, 0xFE95, 0xFE95, 0xFE95, 0xFE95, 0xFE95, 0xFE95,
  0xFE95, 0xFE95, 0xFE95, 0xFE95, 0xFE95, 0xFE95, 0xFE75, 0xFE95,
  0xF675, 0xB3EE, 0x9AAA, 0xD46E, 0xF634, 0xFE75, 0xFE76, 0xFE76,
  0xFE95, 0xFE95, 0xFE95, 0xF675, 0xDD53, 0x59C8, 0x848F, 0xA6F4,
  0xA714, 0xA714, 0xA714, 0xA714, 0xA714, 0xA713, 0xA713, 0xA713,
  0xEB6F, 0xEB6F, 0xEB6F, 0xEB6E, 0xEB6F, 0xBAED, 0xB3D0, 0xA38D,
  0xB470, 0xE5D5, 0xD572, 0xF676, 0xF696, 0xF676, 0xFE76, 0xFE75,
  0xFE95, 0xFE75, 0xFE96, 0xF655, 0xB38B, 0xDBEC, 0xDBEC, 0xDBEC,
  0xDBCC, 0xDBCC, 0xD3EC, 0xC42D, 0xEE34, 0xFE75, 0xCD71, 0x9CAE,
  0x840B, 0xC572, 0xF675, 0xF695, 0xE635, 0x8B0A, 0xB44C, 0xEDCE,
  0xF60E, 0xF62D, 0xFE2D, 0xFE2D, 0xFE2D, 0xFE2D, 0xFE2D, 0xFE2D,
  0xFE2D, 0xFE2D, 0xFE2D, 0xFE0D, 0xFE0D, 0xFE2D, 0xFE2D, 0xFE2E,
  0xF60E, 0xE5B0, 0xC4D1, 0xBCB2, 0xB4B2, 0xBCB2, 0xBCB2, 0xBCD2,
  0xCCF2, 0xD574, 0xF6D9, 0xFF7B, 0xFF7B, 0xFF7B, 0xFF7B, 0xFF7B,
  0xFF9B, 0xFF9B, 0xFF7B, 0xF73A, 0xD5D5, 0xB471, 0x6209, 0x9B0E,
  0x9ACD, 0xA2CD, 0xA2CD, 0xA2CD, 0xA2CD, 0xA2CD, 0xA2CD, 0xA2CD,
  0xA2CD, 0xA2CD, 0xA2CD, 0xA2CD, 0xA2CD, 0xA2CD, 0xA2CD, 0xA2CD,
  0xA2CE, 0xA2CD, 0xA2CD, 0xA2AD, 0x9AAD, 0x928C, 0x822B, 0x79EA,
  0x6968, 0x5906, 0x5947, 0x4907, 0x5107, 0x824A, 0xD3CD, 0xDBCC,
  0xDBEB, 0xDBEC, 0xDBEC, 0xDBEC, 0xDBEC, 0xDBEC, 0xDBEC, 0xDC0D,
  0xE450, 0x822A, 0x4928, 0x5147, 0x5147, 0x6A0A, 0xA3D0, 0xAC51,
  0xB492, 0xB4B2, 0xB4B2, 0xB4B2, 0xB4B2, 0xB4B2, 0xB4B2, 0xBCB2,
  0xCD33, 0xFF3A, 0xFF7B, 0xFF7B, 0xFF7B, 0xFF7B, 0xFF7B, 0xFF7B,
  0xFF7B, 0xFF7B, 0xF698, 0xCAAB, 0xDAAB, 0xD28B, 0xD28B, 0xD28B,
  0xD2AB, 0xCA8B, 0xB26B, 0x920A, 0x6148, 0x5128, 0x4948, 0x4189,
  0x4ACF, 0x64B6, 0x5D38, 0x5D17, 0x54D6, 0x5C34, 0x31AA, 0x4927,
  0x928B, 0xB2EB, 0xBB0B, 0xBB0B, 0xBB2B, 0xDC6F, 0xFE34, 0xFE95,
  0xFE95, 0xFE75, 0xFE75, 0xFE75, 0xFE75, 0xFE95, 0xFE95, 0xFE75,
  0xFE75, 0xFE95, 0xFE96, 0xFE75, 0xF5B2, 0xD42D, 0xBB0A, 0xBB0A,
  0xCB6B, 0xE50F, 0xF695, 0xFE75, 0xFE96, 0xFE75, 0xF675, 0xFE75,
  0xFE75, 0xFE75, 0xFE95, 0xFE95, 0xFE95, 0xFE95, 0xFE95, 0xFE95,
  0xFE95, 0xFE95, 0xFE95, 0xFE95, 0xFE95, 0xFE95, 0xFE95, 0xFE95,
  0xF676, 0xE5B4, 0x8228, 0xC3ED, 0xF614, 0xFE76, 0xFE76, 0xFE76,
  0xFE76, 0xFE75, 0xFE75, 0xFE76, 0xC4F2, 0x4966, 0x9DD2, 0xA6F3,
  0xA714, 0xA714, 0xA714, 0xA714, 0xA714, 0xA713, 0xA713, 0xA713,
  0xEB8F, 0xEB6F, 0xF36F, 0xEB6F, 0xE390, 0x8A2A, 0x82AA, 0xF636,
  0xF676, 0xFE76, 0xEE35, 0xD531, 0xFE96, 0xF676, 0xFE76, 0xFE75,
  0xFE75, 0xFE95, 0xFE76, 0xF655, 0xB36B, 0xDBEC, 0xDBEB, 0xDBEC,
  0xDBCB, 0xDBCC, 0xD40D, 0xC46E, 0xF655, 0xE5F5, 0x934B, 0x8B4A,
  0xC551, 0xFE76, 0xFE95, 0xEE75, 0x7287, 0xABEB, 0xF60F, 0xFE2D,
  0xFE2D, 0xFE2C, 0xFE2C, 0xFE2D, 0xFE0D, 0xFE0D, 0xFE2D, 0xFE2D,
  0xFE2D, 0xFE2D, 0xFE2D, 0xFE0E, 0xFE2D, 0xFE2D, 0xFE2D, 0xF60E,
  0xE5AF, 0xC4AF, 0xBC91, 0xB4B2, 0xBCB2, 0xBCB2, 0xBCB2, 0xC4D2,
  0xD533, 0xF6B9, 0xFF7B, 0xFF9B, 0xFF7B, 0xFF7B, 0xFF7B, 0xFF7B,
  0xFF7B, 0xFF7B, 0xFF9B, 0xFF7B, 0xF71A, 0xBCD3, 0x6209, 0x824B,
  0x9ACD, 0xA2AD, 0xA2CD, 0xA2CD, 0xA2CD, 0xA2CD, 0xA2CD, 0xA2AD,
  0xA2AD, 0xA2CE, 0xA2CD, 0xA2CD, 0xA2CD, 0xA2CD, 0xA2CD, 0xA2CD,
  0xA2CD, 0xA2CD, 0xA2CD, 0xA2CD, 0xA2CD, 0xA2AD, 0x9AAD, 0x9AAD,
  0x9ACE, 0x92AD, 0x8A8D, 0x826C, 0x6189, 0x5906, 0x9ACB, 0xD3EE,
  0xDBEC, 0xDBEC, 0xDBEC, 0xDBEC, 0xDBEC, 0xDBEC, 0xDBEC, 0xE450,
  0xCBF1, 0x5126, 0xAC51, 0xBC2F, 0x724A, 0xAC11, 0xBC93, 0xBCB2,
  0xBCB2, 0xBCB2, 0xB4B2, 0xB4B2, 0xB4B2, 0xB4B2, 0xB4B2, 0xBCB2,
  0xBCD2, 0xEE78, 0xFF7B, 0xFF7B, 0xFF7B, 0xFF7B, 0xFF7B, 0xFF7B,
  0xFF7B, 0xFF7B, 0xFF1A, 0xD32D, 0xD26B, 0xD28B, 0xD28B, 0xD28B,
  0xD28B, 0xD2AB, 0xD28B, 0xCAAC, 0xBAAD, 0x81A9, 0x5926, 0x4927,
  0x4149, 0x39AB, 0x5392, 0x6D37, 0x5D57, 0x5D37, 0x53F3, 0x3149,
  0x5947, 0xAAEC, 0xBB0B, 0xBB0B, 0xBB0B, 0xBB2B, 0xE531, 0xFE75,
  0xFE75, 0xFE75, 0xFE95, 0xFE95, 0xFE95, 0xFE95, 0xFE95, 0xFE95,
  0xFE95, 0xFE95, 0xFE95, 0xFE95, 0xFE75, 0xEDB1, 0xD42C, 0xC34A,
  0xDC0C, 0xF591, 0xFE95, 0xFE95, 0xFE95, 0xFE75, 0xFE54, 0xF592,
  0xF5F3, 0xF655, 0xFE75, 0xFE75, 0xFE95, 0xFE95, 0xFE95, 0xFE95,
  0xFE95, 0xFE95, 0xFE95, 0xFE95, 0xFE95, 0xFE95, 0xFE95, 0xFE96,
  0xFE76, 0xFE76, 0xABCE, 0x9AEB, 0xF615, 0xFE76, 0xFE76, 0xFE76,
  0xFE95, 0xFE95, 0xFE75, 0xFE56, 0xA3EF, 0x5208, 0xB6D5, 0xA714,
  0xA714, 0xA714, 0xA714, 0xA714, 0xA714, 0xA713, 0xA713, 0xA713,
  0xEB8F, 0xEB8F, 0xEB6F, 0xEB6E, 0xD34E, 0x824A, 0xE5F6, 0xF696,
  0xFE95, 0xFE75, 0xFE75, 0xF655, 0xCCD0, 0xCD10, 0xD551, 0xF655,
  0xFE75, 0xFE95, 0xFE76, 0xF655, 0xBBED, 0xD3EC, 0xDBEC, 0xDBCC,
  0xD3EC, 0xD3CD, 0xBBCD, 0xDD53, 0xD554, 0x8229, 0x9269, 0xDD53,
  0xF676, 0xFE76, 0xEE35, 0x93AC, 0x8B28, 0xF60F, 0xF60D, 0xFE0D,
  0xFE0D, 0xFE2D, 0xFE2D, 0xFE2D, 0xFE2D, 0xFE2D, 0xFE2D, 0xFE2D,
  0xFE2D, 0xFE2D, 0xFE2D, 0xFE2D, 0xFE2D, 0xFE2D, 0xF5EE, 0xDD4E,
  0xC4D0, 0xBCB1, 0xB4B2, 0xB4B2, 0xBCB1, 0xBCB2, 0xCCD2, 0xD533,
  0xEE98, 0xFF7B, 0xFF7B, 0xFF7B, 0xFF7B, 0xFF7B, 0xFF7B, 0xFF7B,
  0xFF7B, 0xFF7B, 0xFF9B, 0xFF7B, 0xFF5B, 0xDE17, 0x7AAB, 0x824B,
  0xA2EE, 0xA2AD, 0xA2CD, 0xA2CD, 0xA2CD, 0xA2CD, 0xA2CD, 0xA2CD,
  0xA2CD, 0xA2CD, 0xA2CD, 0xA2CD, 0xA2CD, 0xA2CD, 0xA2CD, 0xA2CD,
  0xA2CD, 0xA2CD, 0xA2CD, 0xA2CD, 0xA2CE, 0xA2CD, 0xA2CD, 0xA2CD,
  0xA2CD, 0xA2CD, 0xA2CD, 0xA2CD, 0x9AAD, 0x824B, 0x5106, 0x926A,
  0xBB6C, 0xD3CC, 0xDBEC, 0xDBEC, 0xDBEC, 0xDC0D, 0xDC2E, 0xD410,
  0x71C8, 0x934D, 0xF697, 0xD510, 0x6187, 0x936F, 0xB492, 0xBCB2,
  0xBCB2, 0xBCB2, 0xBCB2, 0xB4B2, 0xB4B2, 0xB4B2, 0xB4B1, 0xBCB1,
  0xBCB1, 0xDDD6, 0xFF5B, 0xFF7B, 0xFF7B, 0xFF7B, 0xFF7B, 0xFF7B,
  0xFF7B, 0xFF7B, 0xFF3A, 0xCB2D, 0xD28C, 0xD28C, 0xD28B, 0xD28B,
  0xD28C, 0xD28B, 0xD28B, 0xD28B, 0xCA8B, 0xCAAC, 0xB26C, 0x7988,
  0x5968, 0x4148, 0x4169, 0x39CA, 0x5BD2, 0x6517, 0x5CD6, 0x426D,
  0x4127, 0x7A09, 0xB30C, 0xBB0B, 0xB30B, 0xBB2B, 0xCC0E, 0xFE34,
  0xFE75, 0xFE96, 0xFE75, 0xFE75, 0xFE75, 0xFE75, 0xFE95, 0xFE95,
  0xFE95, 0xFE95, 0xFE75, 0xFE75, 0xFE75, 0xFE75, 0xF5D2, 0xE50F,
  0xED2F, 0xF633, 0xFE95, 0xFE75, 0xFE75, 0xF5F3, 0xE48D, 0xD3CB,
  0xDC6E, 0xF613, 0xFE75, 0xFE75, 0xFE95, 0xFE95, 0xFE95, 0xFE95,
  0xFE95, 0xFE95, 0xFE95, 0xFE95, 0xFE95, 0xFE95, 0xFE95, 0xFE75,
  0xFE96, 0xFE96, 0xF656, 0xA34C, 0xC4B0, 0xF635, 0xFE76, 0xFE76,
  0xFE95, 0xFE95, 0xFE95, 0xFE96, 0x82EB, 0x6B0B, 0xAED4, 0xA713,
  0xA714, 0xA714, 0xA714, 0xA714, 0xA714, 0xA713, 0xA713, 0xA713,
  0xEB6F, 0xEB8F, 0xEB8F, 0xEB8F, 0xE3AF, 0x8228, 0xCD53, 0xF676,
  0xFE75, 0xFE75, 0xF675, 0xFE96, 0xF656, 0xCD31, 0xB4CF, 0xC4F1,
  0xD552, 0xF636, 0xF676, 0xF656, 0xD4F0, 0xCBED, 0xBB6B, 0xB32A,
  0xBBAD, 0xB3EE, 0xA3AD, 0xA3EF, 0x61A7, 0xA24A, 0xBACC, 0xED73,
  0xFE76, 0xF656, 0xA44F, 0x7B2B, 0x9BA9, 0xF62E, 0xFE2C, 0xFE2D,
  0xFE2D, 0xFE2D, 0xFE2D, 0xFE2D, 0xFE2D, 0xFE2D, 0xFE2D, 0xFE2D,
  0xFE2D, 0xFE2D, 0xFE2D, 0xFE2D, 0xFE2D, 0xF60E, 0xCC8D, 0x92C9,
  0xBC91, 0xB4B2, 0xB4B2, 0xBCB2, 0xBCB1, 0xC4D2, 0xCD13, 0xE677,
  0xFF5B, 0xFF7B, 0xFF7B, 0xFF7B, 0xFF9B, 0xFF9B, 0xFF9B, 0xFF9B,
  0xFF9B, 0xFF9B, 0xFF9B, 0xFF7B, 0xFF5B, 0xF73B, 0x9BF0, 0x7A2B,
  0xA2CD, 0xA2AD, 0xA2CD, 0xA2CD, 0xA2CE, 0xA2AD, 0xA2CD, 0xA2CD,
  0xA2CD, 0xA2CD, 0xA2CD, 0xA2CD, 0xA2CD, 0xA2CD, 0xA2CD, 0xA2CD,
  0xA2CD, 0xA2CD, 0xA2EE, 0xA2CD, 0xA2CD, 0xA2CD, 0xA2CD, 0xA2CD,
  0xA2CD, 0xA2CD, 0xA2CD, 0xA2CD, 0xA2AD, 0x9AAD, 0x71EA, 0x5947,
  0x6166, 0x9269, 0xAB0B, 0xB32B, 0xBB8D, 0xBB8D, 0xAB2D, 0x79E9,
  0x7208, 0xDD74, 0xFE76, 0xDD92, 0x61C7, 0x724A, 0x9BAF, 0xB4B2,
  0xBCB2, 0xAC50, 0xB4B2, 0xB4B2, 0xB4B2, 0xBCB2, 0xBCB2, 0xBCB2,
  0xB4B1, 0xCD54, 0xF71A, 0xFF7B, 0xFF7B, 0xFF7B, 0xFF9B, 0xFF9B,
  0xFF7B, 0xFF7B, 0xFF5B, 0xDBF0, 0xD28C, 0xD28B, 0xD28B, 0xD28B,
  0xD28B, 0xD28B, 0xD28B, 0xD28B, 0xD28B, 0xD28B, 0xD2AC, 0xCAED,
  0xBC51, 0x72CC, 0x5188, 0x4128, 0x3989, 0x4AEF, 0x5C34, 0x6413,
  0x3169, 0x4947, 0x92AB, 0xB30C, 0xB2EB, 0xBB2C, 0xC36C, 0xE551,
  0xFE75, 0xFE96, 0xFE76, 0xFE75, 0xFE75, 0xFE95, 0xFE95, 0xFE95,
  0xFE95, 0xFE95, 0xFE95, 0xFE75, 0xFE95, 0xFE95, 0xFE75, 0xFE55,
  0xFE55, 0xFE75, 0xFE75, 0xFE96, 0xFE75, 0xEDB2, 0xCBAB, 0xBAEA,
  0xC36C, 0xE510, 0xF655, 0xFE75, 0xFE95, 0xFE95, 0xFE95, 0xFE95,
  0xFE95, 0xFE95, 0xFE95, 0xFE95, 0xFE95, 0xFE95, 0xFE95, 0xFE95,
  0xFE95, 0xFE75, 0xFE76, 0xDD73, 0xA38C, 0xC4B0, 0xF635, 0xFE76,
  0xFE95, 0xFE95, 0xFE76, 0xF656, 0x59C8, 0x740D, 0xA6F3, 0xA713,
  0xA713, 0xA713, 0xA714, 0xA734, 0xA713, 0xA713, 0xA713, 0xA713,
  0xEB6F, 0xEB8F, 0xEB8F, 0xEB6F, 0xE38F, 0xA2AB, 0x9BCD, 0xC592,
  0xCDB1, 0xDDF3, 0xEE75, 0xFE96, 0xF676, 0xF696, 0xEE55, 0xBCB0,
  0x92EB, 0x9B6D, 0xB470, 0xDDB5, 0xE5D5, 0xCCF2, 0xB3EE, 0x8AE9,
  0xB40F, 0xB40F, 0x8249, 0x6967, 0x9A2A, 0xCAAC, 0xCAAC, 0xC34D,
  0xE552, 0xB40F, 0x6206, 0x6A45, 0xCD0C, 0xF62E, 0xFE2D, 0xFE0D,
  0xFE2D, 0xFE2D, 0xFE2D, 0xFE2D, 0xFE2D, 0xFE2D, 0xFE2D, 0xFE2D,
  0xFE2D, 0xFE2D, 0xFE2D, 0xFE0D, 0xF60E, 0xCC6B, 0x9289, 0x8A6A,
  0xB430, 0xB4B2, 0xBCB2, 0xBCB2, 0xC4B2, 0xCD33, 0xE657, 0xFF5B,
  0xF77B, 0xFF7B, 0xFF7B, 0xFF7B, 0xFF9B, 0xFF9B, 0xFF9B, 0xFF9B,
  0xFF9B, 0xFF9B, 0xFF7B, 0xFF7B, 0xFF7B, 0xFF7B, 0xBD34, 0x720A,
  0x9AED, 0xA2CD, 0xAB0E, 0xA2CD, 0xA2CD, 0xA2CD, 0xA2CD, 0xA2CD,
  0xA2CD, 0xA2CD, 0xA2CD, 0xA2CD, 0xA2CD, 0xA2CD, 0xA2CD, 0xA2CD,
  0xA2CD, 0xA2CD, 0xA2CD, 0xA2CD, 0xA2CD, 0xA2CD, 0xA2CD, 0xA2CD,
  0xA2CD, 0xA2CD, 0xA2CD, 0xA2CD, 0xA2CE, 0xA2CD, 0xAB6E, 0xABEF,
  0xA3CF, 0x7249, 0x5946, 0x69A8, 0x69A8, 0x6167, 0x6187, 0x9B4D,
  0xD533, 0xF656, 0xFE76, 0xEE14, 0x82AA, 0x7A4A, 0x6A09, 0x9BCF,
  0xB4B2, 0xA3CF, 0xAC51, 0xB4B2, 0xB4D2, 0xBCB2, 0xBCB2, 0xB4B2,
  0xBCD2, 0xBCF2, 0xEEB9, 0xFF7B, 0xFF7B, 0xFF7B, 0xFF9B, 0xFF9B,
  0xFF7B, 0xFF7B, 0xFF7B, 0xDC51, 0xD28C, 0xD28B, 0xD28B, 0xD28B,
  0xD28B, 0xD28B, 0xD28B, 0xD28B, 0xD28B, 0xD28B, 0xD2AB, 0xCAAC,
  0xE596, 0xE6BA, 0xACB3, 0x6A8C, 0x4148, 0x4149, 0x41EB, 0x5350,
  0x5B2F, 0x3948, 0x5147, 0xA2CC, 0xBB0C, 0xBB0B, 0xBB0B, 0xCBCC,
  0xF613, 0xFE75, 0xFE76, 0xFE75, 0xFE75, 0xFE95, 0xFE95, 0xFE95,
  0xFE95, 0xFE95, 0xFE95, 0xFE95, 0xFE95, 0xFE95, 0xFE95, 0xFE95,
  0xFE95, 0xFE95, 0xFE95, 0xFE75, 0xFE95, 0xF613, 0xDC6D, 0xC34B,
  0xBB0B, 0xBB8C, 0xE592, 0xFE95, 0xFE76, 0xFE95, 0xFE95, 0xFE95,
  0xFE95, 0xFE95, 0xFE95, 0xFE95, 0xFE95, 0xFE95, 0xFE95, 0xFE95,
  0xFE95, 0xFE76, 0xFE76, 0xFE76, 0xEE14, 0xDD72, 0xF655, 0xFE76,
  0xFE75, 0xFE75, 0xFE76, 0xD553, 0x4987, 0x84EF, 0xA713, 0xA713,
  0xA713, 0xA713, 0xA714, 0xAF34, 0xA713, 0xA713, 0xA713, 0xA713,
  0xEB6F, 0xEB8F, 0xEB8F, 0xEB8F, 0xEB6F, 0xCB2E, 0x8B4C, 0x9D10,
  0x9D4F, 0xA54F, 0xA4EE, 0xBD31, 0xF6B6, 0xF695, 0xFEB5, 0xF635,
  0xDD33, 0x9ACC, 0x69C8, 0x6A49, 0x6A08, 0x8AEC, 0xD574, 0xDDB4,
  0xEDF6, 0xCC51, 0xB2AC, 0xA24B, 0xBA6B, 0xD26B, 0xD28B, 0xCAAB,
  0xBB2D, 0x7A28, 0xABEB, 0xDD6E, 0xF60E, 0xF62D, 0xFE2D, 0xFE0D,
  0xFE2D, 0xFE2D, 0xFE2D, 0xFE2D, 0xFE2D, 0xFE2D, 0xFE2D, 0xFE2D,
  0xFE2D, 0xFE2D, 0xFE2D, 0xFE2D, 0xCC8A, 0x9267, 0x8A09, 0x8A29,
  0xABAF, 0xBCB2, 0xB4B2, 0xC4D2, 0xCD13, 0xE637, 0xFF7B, 0xF77B,
  0xF77B, 0xFF7B, 0xFF7B, 0xFF7B, 0xFF9B, 0xFF9B, 0xFF9B, 0xFF9B,
  0xFF9B, 0xFF9B, 0xFF7B, 0xFF7B, 0xFF7B, 0xFF7B, 0xD5F7, 0x5968,
  0x9AEC, 0xA2CD, 0xA2CD, 0x9AAD, 0xA2ED, 0xA2EE, 0xA2CD, 0xA2CD,
  0xA2CD, 0xA2CD, 0xA2CD, 0xA2CD, 0xA2CD, 0xA2CD, 0xA2CD, 0xA2CD,
  0xA2CD, 0xA2CD, 0xA2AD, 0xA2CD, 0xA2CD, 0xA2CD, 0xA2CD, 0xA2CD,
  0xA2CD, 0xA2CD, 0xA2CD, 0xA2CD, 0xA2CD, 0xA2ED, 0xC44F, 0xF615,
  0xEE56, 0xDDB4, 0xBCD2, 0xB451, 0xBC71, 0xC4D2, 0xCD33, 0xEE16,
  0xFE76, 0xFE76, 0xFE75, 0xF655, 0xCCB1, 0x92AA, 0x8A6A, 0x59C7,
  0x8B6E, 0xB473, 0x938E, 0xB4B2, 0xBCD2, 0xBCB2, 0xBCB2, 0xBCB2,
  0xBCD2, 0xBCD2, 0xDE37, 0xFF5B, 0xFF7B, 0xFF7B, 0xFF9B, 0xFF9B,
  0xFF7B, 0xFF7B, 0xFF7B, 0xDC92, 0xD2AC, 0xD28B, 0xD28B, 0xD28B,
  0xD28B, 0xD28B, 0xD28B, 0xD28B, 0xD28B, 0xD28B, 0xD28B, 0xD2AC,
  0xE4F3, 0xFF5B, 0xF73B, 0xDE58, 0x93D0, 0x4947, 0x4928, 0x4169,
  0x4A0B, 0x49EB, 0x3907, 0x7A0A, 0xB2EB, 0xBB0A, 0xBB0B, 0xBB4B,
  0xED30, 0xFE75, 0xFE95, 0xFE96, 0xFE96, 0xFE95, 0xFE95, 0xFE95,
  0xFE95, 0xFE95, 0xFE95, 0xFE95, 0xFE95, 0xFE95, 0xFE95, 0xFE95,
  0xFE95, 0xFE95, 0xFE95, 0xFE95, 0xFE96, 0xFE75, 0xF5B1, 0xD42C,
  0xC30A, 0xBB0B, 0xBC2E, 0xF655, 0xFE76, 0xFE75, 0xFE95, 0xFE95,
  0xFE95, 0xFE95, 0xFE95, 0xFE95, 0xFE95, 0xFE95, 0xFE95, 0xFE95,
  0xFE95, 0xFE75, 0xFE75, 0xFE76, 0xFE96, 0xFE75, 0xFE75, 0xFE75,
  0xFE76, 0xFE76, 0xFE76, 0xBC91, 0x49C7, 0x9591, 0xA713, 0xA713,
  0xA713, 0xA713, 0xA713, 0xA713, 0xA713, 0xA713, 0xA713, 0xA713,
  0xEB6F, 0xEB6F, 0xEB8F, 0xEB8F, 0xF36F, 0xE34F, 0x71A7, 0x62A9,
  0x8D0F, 0x95AF, 0x956E, 0x950E, 0x946C, 0xE654, 0xFE96, 0xFE75,
  0xF676, 0xAB0D, 0x920A, 0x5925, 0x81A8, 0xAAAC, 0x9AAB, 0xAB0B,
  0xB32C, 0xB2EB, 0xB30C, 0xB2AB, 0xBA4A, 0xD28C, 0xDA8B, 0xCAAC,
  0x9A29, 0x8246, 0xF5EF, 0xFE0E, 0xFE2D, 0xFE2E, 0xFE0D, 0xFE2D,
  0xFE2D, 0xFE2D, 0xFE2D, 0xFE2D, 0xFE2D, 0xFE2D, 0xFE2D, 0xFE2D,
  0xFE2D, 0xFE2D, 0xFE2D, 0xFE0D, 0xE56E, 0x8A48, 0x8A09, 0x8A09,
  0x9B0D, 0xBCB2, 0xBCB2, 0xC4D2, 0xE5F6, 0xFF5B, 0xFF9B, 0xFF9B,
  0xFF9B, 0xFF9B, 0xFF9B, 0xFF9B, 0xFF9B, 0xFF9B, 0xFF9B, 0xFF9B,
  0xFF9B, 0xFF9B, 0xFF9B, 0xFF9B, 0xFF9B, 0xFF7B, 0xE679, 0x5987,
  0x9ACC, 0xA2CC, 0xA2CD, 0x8A4B, 0x9AEE, 0xA30E, 0xA2EE, 0xA2CD,
  0x9ACD, 0xA2CD, 0xA2CD, 0xA2CD, 0xA2CD, 0xA2CD, 0xA2CD, 0xA2CD,
  0xA2CD, 0xA2CD, 0xA2CD, 0xA2CD, 0xA2CD, 0xA2CD, 0xA2CD, 0xA2CD,
  0xA2CD, 0xA2CD, 0xA2AD, 0xA2AD, 0xA2EC, 0xBC0F, 0xF635, 0xFE75,
  0xFE95, 0xFE96, 0xFE76, 0xFE76, 0xFE76, 0xFE76, 0xFE96, 0xFE96,
  0xFE95, 0xFE95, 0xFE95, 0xFE76, 0xF5F4, 0xBB6C, 0xAAEC, 0x7A29,
  0x5987, 0xA432, 0x938E, 0xAC71, 0xB4B2, 0xB4B2, 0xBCB2, 0xBCB2,
  0xB4B1, 0xBCB1, 0xD5B5, 0xFF5B, 0xFF7B, 0xFF7B, 0xFF7B, 0xFF7B,
  0xFF9B, 0xFF9B, 0xFF7B, 0xD4B2, 0xCA8B, 0xD28B, 0xD28B, 0xD2AB,
  0xD2AB, 0xD2AB, 0xD2AB, 0xD2AB, 0xD2AB, 0xD2AB, 0xD28B, 0xD28B,
  0xC32D, 0xFEF9, 0xFF7B, 0xFF7B, 0xFF5B, 0xD5F7, 0x59E9, 0x4907,
  0x4949, 0x496A, 0x4129, 0x5147, 0xA2CB, 0xBB0B, 0xBB0B, 0xBB0B,
  0xDC0C, 0xFE13, 0xFE75, 0xFE75, 0xFE75, 0xFE95, 0xFE95, 0xFE95,
  0xFE95, 0xFE95, 0xFE95, 0xFE95, 0xFE95, 0xFE95, 0xFE95, 0xFE95,
  0xFE95, 0xFE95, 0xFE95, 0xFE95, 0xFE95, 0xFE95, 0xFE75, 0xED71,
  0xD3EB, 0xBB2A, 0xAB0B, 0xEDB4, 0xFE76, 0xFE76, 0xFE95, 0xFE95,
  0xFE95, 0xFE95, 0xFE95, 0xFE95, 0xFE95, 0xFE95, 0xFE95, 0xFE95,
  0xFE95, 0xFE95, 0xFE75, 0xFE95, 0xFE95, 0xFE75, 0xFE75, 0xFE95,
  0xFE95, 0xFE95, 0xFE96, 0xA3AE, 0x5208, 0x9E12, 0xA6F3, 0xA713,
  0xA713, 0xA713, 0xA713, 0xA713, 0xA713, 0xA713, 0xA713, 0xA713,
  0xEB6F, 0xEB6F, 0xEB6F, 0xEB8F, 0xEB8F, 0xEB6F, 0xDBB0, 0x92AB,
  0x7BCB, 0x95AF, 0x8D8E, 0x958E, 0x954E, 0x9C4D, 0xE594, 0xF616,
  0xE574, 0xB26A, 0xCAAC, 0x99E8, 0xBA8C, 0xBA6B, 0xA2CB, 0xAB6D,
  0xA34D, 0xABAE, 0xF699, 0xDD74, 0xB30C, 0xC28B, 0xBA6B, 0x9208,
  0x9AE8, 0xEDAF, 0xFE0E, 0xFE0D, 0xFE2D, 0xFE0E, 0xFE0D, 0xFE2D,
  0xFE2D, 0xFE2D, 0xFE2D, 0xFE2D, 0xFE2D, 0xFE2D, 0xFE2D, 0xFE2D,
  0xFE2D, 0xFE2D, 0xFE2D, 0xFE0D, 0xF60E, 0xC42C, 0x8A28, 0x8A09,
  0x9ACC, 0xBC71, 0xC4D2, 0xDD95, 0xFF3A, 0xFF7B, 0xFF7B, 0xFF7B,
  0xFF7B, 0xFF9B, 0xFF9B, 0xFF7B, 0xFF9B, 0xFF9B, 0xFF9B, 0xFF9B,
  0xFF9B, 0xFF9B, 0xFF9B, 0xFF9B, 0xFF9B, 0xFF7B, 0xEEDA, 0x51A7,
  0x92AB, 0xAAEC, 0xAAEC, 0xA2ED, 0x7A0A, 0x92AC, 0xBBD1, 0xA2CD,
  0xA2CD, 0xA2AD, 0xA2CD, 0xA2CD, 0xA2CD, 0xA2CD, 0xA2CD, 0xA2CD,
  0xA2CD, 0xA2CD, 0xA2CD, 0xA2AD, 0xA2CD, 0xA2AD, 0xA2CE, 0xA2CD,
  0xA2CD, 0xA2CD, 0xA2CD, 0xAAEC, 0xBBAD, 0xEDD3, 0xFE75, 0xFE75,
  0xFE95, 0xFE76, 0xFE76, 0xFE95, 0xFE95, 0xFE95, 0xFE95, 0xFE95,
  0xFE95, 0xFE95, 0xFE95, 0xFE75, 0xFE34, 0xD42E, 0xB2EB, 0xAAEC,
  0x71C8, 0x6209, 0x936E, 0xA3F0, 0xB4B2, 0xB4B2, 0xBCB2, 0xBCB2,
  0xBCB2, 0xBCD2, 0xCD54, 0xFF5B, 0xFF7B, 0xFF7B, 0xFF7B, 0xFF7B,
  0xFF9B, 0xFF9B, 0xFF9B, 0xE595, 0xD2CC, 0xD28B, 0xD28B, 0xD2AB,
  0xD2AB, 0xD2AB, 0xD2AB, 0xD2AB, 0xD2AB, 0xD2AB, 0xD28B, 0xD28B,
  0xC2CC, 0xEE77, 0xFF7B, 0xFF7B, 0xFF7B, 0xFF9C, 0xE6B9, 0x834E,
  0x5189, 0x4928, 0x4108, 0x4107, 0x6188, 0xAAEC, 0xB30B, 0xBAEB,
  0xCB8B, 0xED0E, 0xFE34, 0xFE95, 0xFE95, 0xFE95, 0xFE95, 0xFE95,
  0xFE95, 0xFE95, 0xFE95, 0xFE95, 0xFE95, 0xFE95, 0xFE95, 0xFE95,
  0xFE95, 0xFE95, 0xFE95, 0xFE95, 0xFE95, 0xFE95, 0xFE75, 0xFE75,
  0xED50, 0xD42C, 0xB32A, 0xD4D1, 0xFE76, 0xFE75, 0xFE95, 0xFE95,
  0xFE76, 0xFE95, 0xFE95, 0xFE95, 0xFE95, 0xFE95, 0xFE95, 0xFE95,
  0xFE95, 0xFE95, 0xFE95, 0xFE95, 0xFE95, 0xFE95, 0xFE95, 0xFE95,
  0xFE95, 0xFE95, 0xF655, 0x7A8B, 0x5A49, 0xA613, 0xA6F4, 0xA6F3,
  0xA713, 0xA713, 0xA713, 0xA713, 0xA713, 0xA713, 0xA713, 0xA713,
  0xEB6F, 0xEB6E, 0xEB6F, 0xEB8F, 0xEB8F, 0xE38E, 0xE38F, 0xD36F,
  0x82A9, 0x838B, 0x7BCB, 0x8D0D, 0x954F, 0x7B6B, 0x928A, 0xCC10,
  0xBB2D, 0xCAAB, 0xD28B, 0xCAAB, 0xC24A, 0xC2AC, 0xDD34, 0xF6FA,
  0xF6FA, 0xF73A, 0xFF7B, 0xF75A, 0xD553, 0x9A8A, 0x9A88, 0xB40A,
  0xEDCF, 0xFE0D, 0xFE2D, 0xFE2D, 0xFE2D, 0xFE0D, 0xFE0D, 0xFE0D,
  0xFE2D, 0xFE2D, 0xFE2D, 0xFE2D, 0xFE2D, 0xFE2D, 0xFE2D, 0xFE2D,
  0xFE2D, 0xFE2D, 0xFE2D, 0xFE2D, 0xFE2D, 0xEDAE, 0xAB2A, 0x8A09,
  0x926A, 0xC471, 0xD554, 0xF6F9, 0xFF7B, 0xFF7B, 0xFF7B, 0xFF7B,
  0xFF7B, 0xFF9B, 0xFF9B, 0xFF7B, 0xFF9B, 0xFF9B, 0xFF9B, 0xFF9B,
  0xFF9B, 0xFF7B, 0xFF9B, 0xFF9B, 0xFF9B, 0xFF7B, 0xF75B, 0x72AB,
  0x8A8A, 0xB30A, 0xD3EC, 0xBB6B, 0x9AAC, 0x7A0A, 0x8A8C, 0xA2CD,
  0xA2EE, 0xA2AD, 0xA2CD, 0xA2CD, 0xA2CD, 0xA2CD, 0xA2CD, 0xA2CD,
  0xA2CD, 0xA2CD, 0xA2CD, 0xA2CD, 0xA2CD, 0xA2AD, 0xA2CD, 0xA2CE,
  0xA2CD, 0xA2CC, 0xAB2C, 0xCC4F, 0xEDB3, 0xFE75, 0xFE75, 0xFE75,
  0xFE95, 0xFE76, 0xFE75, 0xFE95, 0xFE95, 0xFE95, 0xFE95, 0xFE95,
  0xFE95, 0xFE75, 0xFE95, 0xFE95, 0xFE74, 0xED51, 0xBB4B, 0xB2EB,
  0xAACC, 0x7A09, 0x59A8, 0x7ACC, 0xB4B2, 0xB4B2, 0xBCB2, 0xBCB2,
  0xBCB2, 0xB4B1, 0xC4F2, 0xF6FA, 0xFF7B, 0xFF7B, 0xFF7B, 0xFF7B,
  0xFF9B, 0xFF9B, 0xFF9B, 0xEE16, 0xD2ED, 0xD28B, 0xD28B, 0xD28B,
  0xD2AB, 0xD2AB, 0xD2AB, 0xD2AB, 0xD2AB, 0xD2AB, 0xD28B, 0xD28B,
  0xCAAB, 0xEE17, 0xFF7B, 0xFF7B, 0xFF7B, 0xFF9B, 0xFF7B, 0xF73B,
  0xA493, 0x6A6B, 0x4928, 0x4108, 0x40E7, 0x71E9, 0xAAEB, 0xB30B,
  0xBB2A, 0xDC2C, 0xED70, 0xFE54, 0xFE75, 0xFE95, 0xFE95, 0xFE95,
  0xFE95, 0xFE95, 0xFE95, 0xFE95, 0xFE95, 0xFE95, 0xFE95, 0xFE95,
  0xFE95, 0xFE95, 0xFE95, 0xFE95, 0xFE95, 0xFE95, 0xFE75, 0xFE95,
  0xFE74, 0xED70, 0xD42C, 0xA36B, 0xF635, 0xFE76, 0xFE95, 0xFE95,
  0xFE76, 0xFE95, 0xFE95, 0xFE95, 0xFE95, 0xFE95, 0xFE95, 0xFE95,
  0xFE95, 0xFE95, 0xFE95, 0xFE95, 0xFE95, 0xFE95, 0xFE95, 0xFE75,
  0xFE75, 0xFE95, 0xDDB3, 0x61C9, 0x49A8, 0x6B4B, 0x9DF3, 0xA6F4,
  0xA713, 0xA713, 0xA713, 0xA713, 0xA713, 0xA713, 0xA713, 0xA713,
  0xEB6F, 0xEB6F, 0xEB6F, 0xEBAF, 0xE3AF, 0xEBCF, 0xEB8F, 0xE36E,
  0xBB2D, 0xA2CC, 0x92AA, 0x7309, 0x83EC, 0x7289, 0x6926, 0x89E9,
  0xB28B, 0xCAAC, 0xD28C, 0xD2AB, 0xBA4A, 0xB2AB, 0xEE58, 0xFF7B,
  0xFF7B, 0xFF7B, 0xFF7B, 0xFF9A, 0xF73A, 0x830B, 0xC4AD, 0xF60E,
  0xFE0E, 0xFE0D, 0xFE2D, 0xFE2D, 0xFE2D, 0xFE2D, 0xFE0D, 0xFE0D,
  0xFE2D, 0xFE2D, 0xFE2D, 0xFE2D, 0xFE2D, 0xFE2D, 0xFE2D, 0xFE2D,
  0xFE2D, 0xFE2D, 0xFE2D, 0xFE2D, 0xFE2D, 0xFE0D, 0xDCED, 0x9248,
  0x9229, 0xCC92, 0xEE78, 0xFF7B, 0xFF7B, 0xFF7B, 0xFF7B, 0xFF7B,
  0xFF7B, 0xFF9B, 0xFF9B, 0xFF7B, 0xFF9B, 0xFF9B, 0xFF9B, 0xFF9B,
  0xFF9B, 0xFF7B, 0xFF9B, 0xFF9B, 0xFF9B, 0xFF7B, 0xFF7B, 0x93D0,
  0x824A, 0xBB0A, 0xE46C, 0xDC6C, 0xC3AC, 0xA2CB, 0x8229, 0x824B,
  0x9ACD, 0xA2AD, 0xA2CD, 0xA2CD, 0xA2CD, 0xA2CD, 0xA2CD, 0xA2CD,
  0xA2CD, 0xA2CD, 0xA2CD, 0xAAEE, 0xA2CD, 0xA2CD, 0xA2CD, 0xA2CD,
  0xAAEC, 0xB38D, 0xD4B0, 0xF5F4, 0xFE75, 0xFE76, 0xFE76, 0xFE75,
  0xFE96, 0xFE75, 0xFE95, 0xFE95, 0xFE95, 0xFE95, 0xFE95, 0xFE96,
  0xFE76, 0xFE76, 0xFE95, 0xFE95, 0xF675, 0xF5D2, 0xC3AB, 0xB30B,
  0xB2EC, 0xA2EC, 0x69C8, 0x5187, 0xAC71, 0xB4B2, 0xBCB2, 0xBCB2,
  0xBCB2, 0xB4B2, 0xBCD2, 0xEEB9, 0xFF5B, 0xFF7B, 0xFF7B, 0xFF7B,
  0xFF9B, 0xFF9B, 0xFF9B, 0xEE57, 0xD30D, 0xD28B, 0xD28B, 0xD28B,
  0xD2AB, 0xD2AB, 0xD2AB, 0xD2AB, 0xD2AB, 0xD2AB, 0xD28B, 0xD28B,
  0xCA8B, 0xEDD6, 0xFF7B, 0xFF7B, 0xFF7B, 0xFF9B, 0xFF7A, 0xFF7B,
  0xF73B, 0xCDD7, 0x5A09, 0x4928, 0x4108, 0x4906, 0x928A, 0xB30C,
  0xBB0B, 0xCB8A, 0xDC8D, 0xF5B2, 0xFE75, 0xFE75, 0xFE96, 0xFE96,
  0xFE95, 0xFE95, 0xFE75, 0xFE75, 0xFE95, 0xFE95, 0xFE95, 0xFE95,
  0xFE95, 0xFE95, 0xFE95, 0xFE95, 0xFE95, 0xFE95, 0xFE75, 0xFE75,
  0xFE75, 0xFE54, 0xED51, 0xABAB, 0xC48F, 0xFE76, 0xFE95, 0xFE95,
  0xFE76, 0xFE95, 0xFE95, 0xFE95, 0xFE95, 0xFE95, 0xFE95, 0xFE95,
  0xFE95, 0xFE95, 0xFE95, 0xFE95, 0xFE95, 0xFE95, 0xFE95, 0xFE75,
  0xFE75, 0xFE76, 0xCD33, 0x5188, 0x8B4F, 0x5208, 0x5ACA, 0x9DD2,
  0xAEF4, 0xA713, 0xA713, 0xA714, 0xA713, 0xA713, 0xA713, 0xA713,
  0xEB8F, 0xEB8F, 0xEB6F, 0xEBD0, 0xE3AF, 0xEBF0, 0xEBD0, 0xEB8F,
  0xEBB0, 0xE390, 0xDB8F, 0x9A8A, 0x8A69, 0xC34E, 0xB2AC, 0x89A8,
  0x7947, 0x8988, 0xB26B, 0xCAAC, 0xBA8A, 0xB36D, 0xFF3B, 0xFF7B,
  0xFF7B, 0xFF7B, 0xFF9B, 0xFF9B, 0xFF7B, 0x9C4F, 0xCD0D, 0xFE0E,
  0xFE0E, 0xFE0D, 0xFE2D, 0xFE2D, 0xFE2D, 0xFE2D, 0xFE2D, 0xFE2D,
  0xFE2D, 0xFE2D, 0xFE2D, 0xFE2D, 0xFE2D, 0xFE0D, 0xFE2D, 0xFE2D,
  0xFE2D, 0xFE2D, 0xFE2D, 0xFE2D, 0xFE0D, 0xFE0D, 0xF5EE, 0xC40B,
  0xA249, 0xC3EF, 0xFF3A, 0xFF7B, 0xFF7B, 0xFF9B, 0xFF9B, 0xFF9B,
  0xFF9B, 0xFF9B, 0xFF9B, 0xFF7B, 0xFF9B, 0xFF9B, 0xFF9B, 0xFF9B,
  0xFF9B, 0xFF9B, 0xFF9B, 0xFF9B, 0xFF9B, 0xFF7B, 0xFF7B, 0xB4F4,
  0x7A09, 0xB30A, 0xE4CD, 0xF590, 0xDC8C, 0xDC2C, 0xCBED, 0x9269,
  0x81E9, 0x928D, 0xA2CD, 0xA2CD, 0xA2CD, 0xA2CD, 0xA2CD, 0xA2CD,
  0xA2CD, 0xA2CD, 0xA2CD, 0xA2CD, 0xA2CD, 0xA2ED, 0xAAEC, 0xB36C,
  0xCC6E, 0xEDB2, 0xF655, 0xFE75, 0xFE75, 0xFE75, 0xFE75, 0xFE95,
  0xFE95, 0xFE95, 0xFE95, 0xFE95, 0xFE95, 0xFE95, 0xFE95, 0xFE95,
  0xFE95, 0xFE95, 0xFE95, 0xFE95, 0xFE95, 0xF613, 0xDC4D, 0xB30A,
  0xB2EB, 0xB2EC, 0xA2AB, 0x6187, 0x7ACB, 0xB4B2, 0xBCB2, 0xBCB2,
  0xB4B2, 0xB4B2, 0xBCD2, 0xE657, 0xFF5B, 0xFF7B, 0xFF7B, 0xFF7B,
  0xFF9B, 0xFF9B, 0xFF9B, 0xF698, 0xCB4D, 0xD2AC, 0xD28B, 0xD2AB,
  0xD28B, 0xD2AB, 0xD2AB, 0xD2AB, 0xDAAC, 0xDAAC, 0xD28B, 0xD28B,
  0xCAAB, 0xE574, 0xFF7B, 0xFF7B, 0xFF9B, 0xFF7B, 0xFF7B, 0xFF7B,
  0xFF7B, 0xF75B, 0xDE58, 0x622A, 0x4128, 0x4107, 0x5967, 0xAAEC,
  0xBB0B, 0xBAEA, 0xC38B, 0xDC8E, 0xF5F3, 0xFE75, 0xFE75, 0xFE75,
  0xFE75, 0xFE75, 0xFE75, 0xFE75, 0xFE75, 0xFE75, 0xFE95, 0xFE95,
  0xFE95, 0xFE95, 0xFE95, 0xFE95, 0xFE95, 0xFE95, 0xFE95, 0xFE75,
  0xFE75, 0xFE75, 0xFE55, 0xDD10, 0x9B2A, 0xF615, 0xFE76, 0xFE95,
  0xFE95, 0xFE95, 0xFE95, 0xFE95, 0xFE95, 0xFE95, 0xFE95, 0xFE95,
  0xFE95, 0xFE95, 0xFE95, 0xFE95, 0xFE95, 0xFE95, 0xFE95, 0xFE95,
  0xF675, 0xFE76, 0xA3CE, 0x4988, 0xE6BB, 0xBD55, 0x4167, 0x5ACA,
  0xA633, 0xA714, 0xA713, 0xA714, 0xA713, 0xA6F3, 0xA6F4, 0xA6F3,
  0xEB8F, 0xEB8F, 0xEB8F, 0xEB8F, 0xEBAF, 0xEBB0, 0xEB8F, 0xEB8F,
  0xEB8F, 0xEB8F, 0xEB8F, 0xEBB0, 0xE36F, 0xEB8F, 0xE34F, 0xE3B1,
  0xCB6F, 0xAA8B, 0x7166, 0x8167, 0xAA4A, 0xD533, 0xFF7B, 0xFF7B,
  0xFF7B, 0xFF7B, 0xFF9B, 0xFF9B, 0xFF7B, 0xBD73, 0xB48C, 0xFE0E,
  0xFE0D, 0xFE0D, 0xFE2D, 0xFE2D, 0xFE2D, 0xFE2D, 0xFE2D, 0xFE2D,
  0xFE2D, 0xFE2D, 0xFE2D, 0xFE2D, 0xFE2D, 0xFE2D, 0xFE2D, 0xFE2D,
  0xFE2D, 0xFE2D, 0xFE2D, 0xFE2D, 0xFE2D, 0xFE2D, 0xF60D, 0xF60F,
  0xC36B, 0xBACB, 0xEE57, 0xFF7B, 0xFF7B, 0xFF9B, 0xFF9B, 0xFF9B,
  0xFF9B, 0xFF9B, 0xFF9B, 0xFF9B, 0xFF9B, 0xFF9B, 0xFF9B, 0xFF9B,
  0xFF9B, 0xFF9B, 0xFF9B, 0xFF9B, 0xFF9B, 0xFF7B, 0xFF7B, 0xDE18,
  0x7A4A, 0xBB4B, 0xE50E, 0xFE73, 0xF5B0, 0xE4CC, 0xE48C, 0xDC2D,
  0xC36C, 0x9A8A, 0x9ACC, 0xA2CC, 0xA2CD, 0xA2CD, 0xA2CD, 0xA2CD,
  0xA2AD, 0xA2CD, 0xAACC, 0xAAEB, 0xB32C, 0xC38C, 0xD48F, 0xED92,
  0xF654, 0xFE75, 0xFE75, 0xFE76, 0xFE95, 0xFE95, 0xFE95, 0xFE95,
  0xFE95, 0xFE95, 0xFE95, 0xFE95, 0xFE95, 0xFE95, 0xFE95, 0xFE95,
  0xFE95, 0xFE95, 0xFE95, 0xFE95, 0xFE95, 0xFE54, 0xE50F, 0xB30A,
  0xB2EB, 0xB2EC, 0xB2EC, 0x9AED, 0x61A7, 0xB492, 0xB4B2, 0xBCB2,
  0xB4B2, 0xB4B2, 0xB4B1, 0xDDB5, 0xFF7B, 0xFF7B, 0xFF7B, 0xFF7B,
  0xFF9B, 0xFF9B, 0xFF9B, 0xF6D9, 0xCB6E, 0xD2AC, 0xD28B, 0xD28B,
  0xD28B, 0xD2AB, 0xD2AB, 0xD2AB, 0xD2AB, 0xD2AB, 0xD28B, 0xD28B,
  0xD2AC, 0xE513, 0xFF7B, 0xFF7B, 0xFF9B, 0xFF9B, 0xFF7B, 0xFF7B,
  0xFF7B, 0xFF9B, 0xFF7B, 0xCDB7, 0x51A9, 0x4108, 0x4107, 0x6187,
  0xAB0C, 0xBB0B, 0xBB0B, 0xBB4A, 0xCBCC, 0xE4F0, 0xFE14, 0xFE74,
  0xFE95, 0xF695, 0xF675, 0xFE76, 0xFE76, 0xFE95, 0xFE95, 0xFE75,
  0xFE95, 0xFE95, 0xFE95, 0xFE95, 0xFE95, 0xFE95, 0xFE95, 0xFE95,
  0xFE75, 0xFE96, 0xFE75, 0xF5F4, 0xBC2E, 0xCCF1, 0xFE76, 0xFE96,
  0xFE95, 0xFE95, 0xFE95, 0xFE95, 0xFE95, 0xFE95, 0xFE95, 0xFE95,
  0xFE95, 0xFE95, 0xFE95, 0xFE95, 0xFE95, 0xFE95, 0xFE95, 0xFE75,
  0xFE96, 0xFE97, 0x7A8B, 0x832E, 0xF77D, 0xFFBE, 0xBD97, 0x4187,
  0x52C9, 0xAED5, 0xA713, 0xA713, 0xA6F3, 0xBF36, 0xC736, 0xBEF5,
  0xEB8F, 0xEB8F, 0xEB6F, 0xE36F, 0xEB8F, 0xEB8F, 0xEB6F, 0xEB8F,
  0xEB6F, 0xE36E, 0xEB8F, 0xEB8F, 0xEB8F, 0xEB8F, 0xEB8F, 0xEB6F,
  0xE38F, 0xE3AF, 0xD3B1, 0x71C9, 0xA34D, 0xF6F9, 0xFF7B, 0xFF7B,
  0xFF7B, 0xFF7B, 0xFF9B, 0xFF9B, 0xFF7B, 0xDE78, 0x93AB, 0xF62F,
  0xFE0D, 0xFE2D, 0xFE2D, 0xFE2D, 0xFE2D, 0xFE2D, 0xFE2D, 0xFE2D,
  0xFE2D, 0xFE2D, 0xFE2D, 0xFE2D, 0xFE2D, 0xFE2D, 0xFE2D, 0xFE0D,
  0xFE0D, 0xFE0E, 0xFE0E, 0xFE0E, 0xF5EE, 0xF5EE, 0xF5CE, 0xF5AE,
  0xE46E, 0xCACB, 0xDD13, 0xFF7B, 0xFF7B, 0xFF7B, 0xFF7B, 0xFF7B,
  0xFF7B, 0xFF9B, 0xFF9B, 0xFF9B, 0xFF9B, 0xFF9B, 0xFF9B, 0xFF9B,
  0xFF9B, 0xFF9B, 0xFF9B, 0xFF9B, 0xFF7B, 0xFF7B, 0xFF7B, 0xE6B9,
  0x7249, 0xB36B, 0xE50F, 0xFE74, 0xFE75, 0xF633, 0xED70, 0xE50D,
  0xE4CD, 0xE4AD, 0xD42C, 0xCBEC, 0xCBCC, 0xC36B, 0xC36B, 0xC36B,
  0xC3AC, 0xCBED, 0xD42E, 0xD48E, 0xE551, 0xEDB2, 0xFE54, 0xFE95,
  0xFE95, 0xFE75, 0xFE76, 0xFE76, 0xFE95, 0xFE95, 0xFE95, 0xFE95,
  0xFE95, 0xFE95, 0xFE95, 0xFE95, 0xFE95, 0xFE95, 0xFE95, 0xFE95,
  0xFE95, 0xFE95, 0xFE95, 0xFE95, 0xFE75, 0xFE75, 0xED91, 0xCBCB,
  0xB2EB, 0xB2CC, 0xB2EC, 0xAAEC, 0x71E8, 0x9BCF, 0xB4B2, 0xB4B2,
  0xB4B2, 0xB4B2, 0xBCB1, 0xCD54, 0xFF5A, 0xFF7B, 0xFF7B, 0xFF7B,
  0xFF9B, 0xFF9B, 0xFF9B, 0xFF3A, 0xCBEF, 0xD28B, 0xD28B, 0xD28B,
  0xD28B, 0xD2AB, 0xD2AB, 0xD28B, 0xD28B, 0xD28B, 0xD28B, 0xDA8B,
  0xD2AC, 0xDCB2, 0xFF5B, 0xFF9B, 0xFF9B, 0xFF9B, 0xFF9B, 0xFF9B,
  0xFF9B, 0xFF9B, 0xFF7B, 0xFF5C, 0xB4B3, 0x4948, 0x4108, 0x4106,
  0x69A8, 0xA2AC, 0xB30C, 0xB30A, 0xBB2A, 0xC36B, 0xCBCC, 0xDC8E,
  0xE530, 0xF5D2, 0xFE34, 0xFE75, 0xFE75, 0xFE95, 0xFE75, 0xFE76,
  0xFE95, 0xFE95, 0xFE95, 0xFE95, 0xFE95, 0xFE95, 0xFE95, 0xFE95,
  0xFE75, 0xFE75, 0xFE75, 0xFE55, 0xE592, 0xABCD, 0xF656, 0xFE76,
  0xFE75, 0xFE95, 0xFE95, 0xFE95, 0xFE95, 0xFE95, 0xFE95, 0xFE95,
  0xFE95, 0xFE95, 0xFE95, 0xFE95, 0xFE95, 0xFE95, 0xFE95, 0xFE95,
  0xFE75, 0xDDB5, 0x5187, 0xA411, 0xF73B, 0xF7BD, 0xFFDE, 0xB556,
  0x5A29, 0x5B0A, 0x9E53, 0xA713, 0xAEF4, 0xDF79, 0xEFBA, 0xEF9A,
  0xEB8F, 0xEB8F, 0xEB8F, 0xE38F, 0xEB8F, 0xEBAF, 0xEB8F, 0xEB8F,
  0xEB8E, 0xEB8F, 0xEB8F, 0xEB8E, 0xEB8E, 0xEB8F, 0xEB6F, 0xEB6E,
  0xE3CF, 0xDBF0, 0xB3F2, 0x5A8C, 0xC555, 0xFF7B, 0xFF7B, 0xFF7B,
  0xFF7B, 0xFF7B, 0xFF9B, 0xFF9B, 0xFF7B, 0xF73A, 0x836C, 0xE5D0,
  0xF60D, 0xFE2D, 0xFE2D, 0xFE2D, 0xFE2D, 0xFE2D, 0xFE2D, 0xFE2D,
  0xFE2D, 0xFE2D, 0xFE2D, 0xFE2D, 0xFE2D, 0xFE2D, 0xFE2D, 0xFE0D,
  0xF60D, 0xDD0C, 0xCC4C, 0xCC2C, 0xC40B, 0xC3EC, 0xCBCB, 0xDBEC,
  0xDB8C, 0xD2AB, 0xD3AF, 0xF6FA, 0xFF7B, 0xFF7B, 0xFF7B, 0xFF7B,
  0xFF7B, 0xFF9B, 0xFF9B, 0xFF9B, 0xFF9B, 0xFF9B, 0xFF9B, 0xFF9B,
  0xFF9B, 0xFF9B, 0xFF9B, 0xFF9B, 0xFF7B, 0xFF7B, 0xFF7B, 0xF71B,
  0x7AAB, 0xAB4B, 0xE50F, 0xFE74, 0xFE75, 0xFE95, 0xFE95, 0xFE53,
  0xF612, 0xF5B1, 0xED70, 0xED4F, 0xED2F, 0xED2F, 0xED2F, 0xED2F,
  0xED70, 0xEDB1, 0xF5F2, 0xFE54, 0xFE75, 0xFE75, 0xFE75, 0xFE76,
  0xFE76, 0xFE96, 0xFE96, 0xFE95, 0xFE95, 0xFE95, 0xFE95, 0xFE95,
  0xFE95, 0xFE95, 0xFE95, 0xFE95, 0xFE95, 0xFE95, 0xFE95, 0xFE95,
  0xFE95, 0xFE95, 0xFE95, 0xFE95, 0xFE75, 0xFE75, 0xF613, 0xD44C,
  0xB2EB, 0xB2EB, 0xB2EB, 0xB2EC, 0x8A8B, 0x830C, 0xB4B2, 0xB4B2,
  0xB4B2, 0xB4B2, 0xBCB2, 0xC533, 0xF73A, 0xFF7B, 0xFF7B, 0xFF7B,
  0xFF9B, 0xFF9B, 0xFF9B, 0xFF5B, 0xD471, 0xD2AB, 0xD28B, 0xD28B,
  0xD28B, 0xD2AB, 0xD2AB, 0xD28B, 0xD2AB, 0xD28B, 0xD2AB, 0xDA8B,
  0xD2AC, 0xDCB2, 0xFF5B, 0xFF7B, 0xFF9B, 0xFF9B, 0xFF9B, 0xFF9B,
  0xFF9B, 0xFF9B, 0xFF7B, 0xFF7B, 0xF71B, 0x7B0E, 0x4128, 0x41AA,
  0x3907, 0x5968, 0x92AB, 0xB30B, 0xBB0B, 0xBB0B, 0xBB0B, 0xBB0B,
  0xBB4B, 0xCBED, 0xE4D0, 0xF5B2, 0xF654, 0xFE95, 0xFE95, 0xFE96,
  0xFE95, 0xFE95, 0xFE95, 0xFE95, 0xFE95, 0xFE95, 0xFE95, 0xFE95,
  0xFE75, 0xFE95, 0xFE75, 0xFE76, 0xF655, 0xBC6F, 0xCCF1, 0xFE76,
  0xFE76, 0xFE95, 0xFE95, 0xFE95, 0xFE95, 0xFE95, 0xFE95, 0xFE95,
  0xFE95, 0xFE95, 0xFE95, 0xFE95, 0xFE95, 0xFE95, 0xFE95, 0xFE96,
  0xFE76, 0xB42F, 0x59A9, 0xC4F4, 0xEEB9, 0xF77B, 0xFFDE, 0xF77D,
  0xACB4, 0x51C8, 0x6B8C, 0xA673, 0xB6F4, 0xEF7A, 0xF79B, 0xF79B,
  0xEB6F, 0xEB8F, 0xF3D0, 0xEBAF, 0xEB8F, 0xEBB0, 0xEB8F, 0xEB8F,
  0xEBAF, 0xEB8F, 0xEB8F, 0xEB8E, 0xEB8E, 0xEB8F, 0xEB6F, 0xEB6F,
  0xDBAF, 0xB432, 0x7C94, 0x4AEE, 0xC5D7, 0xFF9B, 0xFF7B, 0xFF7B,
  0xFF7B, 0xFF7B, 0xFF9B, 0xFF9B, 0xFF9B, 0xFF7B, 0xB4F2, 0xA40B,
  0xF62E, 0xFE2D, 0xFE2D, 0xFE2D, 0xFE2D, 0xFE2D, 0xFE2D, 0xFE2D,
  0xFE2D, 0xFE2D, 0xFE2D, 0xFE2D, 0xFE2D, 0xFE2D, 0xFE2D, 0xFE2D,
  0xF5ED, 0xB3AA, 0x8A29, 0x8A28, 0x9228, 0x9A29, 0xBA69, 0xCAAA,
  0xD28B, 0xD28B, 0xD2ED, 0xE5D6, 0xFF9B, 0xFF7B, 0xFF7B, 0xFF7B,
  0xFF7B, 0xFF9B, 0xFF9B, 0xFF9B, 0xFF9B, 0xFF9B, 0xFF9B, 0xFF9B,
  0xFF9B, 0xFF9B, 0xFF9B, 0xFF9B, 0xFF7B, 0xFF7B, 0xFF7B, 0xF75B,
  0x8B4E, 0x9AEA, 0xE50F, 0xFE54, 0xFE76, 0xFE95, 0xFE75, 0xFE96,
  0xFE95, 0xFE75, 0xFE75, 0xFE54, 0xFE54, 0xFE54, 0xFE54, 0xFE54,
  0xFE75, 0xFE95, 0xFE95, 0xFE75, 0xFE75, 0xFE75, 0xFE75, 0xFE75,
  0xFE95, 0xFE95, 0xFE95, 0xFE95, 0xFE95, 0xFE95, 0xFE95, 0xFE95,
  0xFE95, 0xFE95, 0xFE95, 0xFE95, 0xFE95, 0xFE95, 0xFE95, 0xFE95,
  0xFE95, 0xFE95, 0xFE95, 0xFE95, 0xFE95, 0xFE75, 0xFE75, 0xDCEE,
  0xBB4B, 0xB2EB, 0xB2EB, 0xB2EB, 0x9ACC, 0x7249, 0xB4B2, 0xBCB2,
  0xB4B2, 0xB4B2, 0xBCB2, 0xC533, 0xF73A, 0xFF7B, 0xFF7B, 0xFF7B,
  0xFF9B, 0xFF9B, 0xFF9B, 0xFF5B, 0xDCF3, 0xCA8B, 0xD28B, 0xD2AB,
  0xD2AB, 0xD2AB, 0xD2AB, 0xD2AB, 0xDAAC, 0xD2AB, 0xD28B, 0xD28B,
  0xD2AC, 0xDCF3, 0xFF7B, 0xFF7B, 0xFF9B, 0xFF9B, 0xFF9B, 0xFF9B,
  0xFF9B, 0xFF7B, 0xFF7B, 0xFF7B, 0xFF7B, 0xC576, 0x4988, 0x524D,
  0x49CB, 0x4107, 0x5967, 0x8A6A, 0xB30C, 0xB30B, 0xBB4C, 0xBB0B,
  0xBB0B, 0xBB0B, 0xC34C, 0xCBCC, 0xE4EF, 0xF613, 0xFE75, 0xFE96,
  0xFE95, 0xFE95, 0xFE95, 0xFE95, 0xFE95, 0xFE95, 0xFE95, 0xFE95,
  0xFE95, 0xFE95, 0xFE95, 0xFE96, 0xFE75, 0xEDF4, 0x934B, 0xEDF5,
  0xFE96, 0xFE95, 0xFE95, 0xFE95, 0xFE95, 0xFE95, 0xFE95, 0xFE95,
  0xFE95, 0xFE95, 0xFE95, 0xFE95, 0xFE95, 0xFE95, 0xFE95, 0xFE76,
  0xFE76, 0x8AEC, 0x61C9, 0xBC92, 0xD555, 0xE637, 0xF77C, 0xFFDE,
  0xF79E, 0x9411, 0x49A7, 0x7C0E, 0xB695, 0xEF7A, 0xF79B, 0xF79B,
  0xEB6E, 0xEB6F, 0xEBAF, 0xEB8F, 0xEB8F, 0xEBB0, 0xEB6F, 0xEB8F,
  0xEBAF, 0xEB6F, 0xEB6E, 0xF36F, 0xEB6F, 0xEB8F, 0xEB6F, 0xE390,
  0xBBD0, 0x7C94, 0x5CD6, 0x4AEE, 0xC5B6, 0xFF9B, 0xFF7B, 0xFF7B,
  0xFF7B, 0xFF7B, 0xFF9B, 0xFF9B, 0xFF9B, 0xFF7B, 0xEEDA, 0x6A66,
  0xEDCD, 0xFE2D, 0xFE2D, 0xFE2D, 0xFE2D, 0xFE2D, 0xFE2D, 0xFE2D,
  0xFE2D, 0xFE2D, 0xFE2D, 0xFE2D, 0xFE2D, 0xFE0D, 0xFE2D, 0xFE0D,
  0xF5ED, 0xB38A, 0x8A09, 0x91E9, 0x9A09, 0xB22A, 0xD2AB, 0xDA8B,
  0xDA8B, 0xD28B, 0xD2AC, 0xD471, 0xFF7B, 0xFF7B, 0xFF7B, 0xFF7B,
  0xFF7B, 0xFF9B, 0xFF9B, 0xFF9B, 0xFF9B, 0xFF9B, 0xFF9B, 0xFF9B,
  0xFF9B, 0xFF9B, 0xFF9B, 0xFF9B, 0xFF7B, 0xFF7B, 0xFF7B, 0xFF5B,
  0x9C31, 0x7A27, 0xE50F, 0xFE54, 0xFE76, 0xFE75, 0xFE75, 0xFE76,
  0xFE96, 0xFE95, 0xFE95, 0xFE75, 0xFE75, 0xFE75, 0xFE75, 0xFE75,
  0xFE95, 0xFE95, 0xFE96, 0xFE76, 0xFE76, 0xFE76, 0xFE95, 0xFE95,
  0xFE95, 0xFE95, 0xFE95, 0xFE95, 0xFE95, 0xFE95, 0xFE95, 0xFE95,
  0xFE95, 0xFE95, 0xFE95, 0xFE95, 0xFE95, 0xFE95, 0xFE95, 0xFE95,
  0xFE95, 0xFE95, 0xFE95, 0xFE95, 0xFE95, 0xFE75, 0xFE75, 0xED71,
  0xCBAC, 0xB2EB, 0xB2EB, 0xB2EB, 0xA2CC, 0x71E9, 0xB4B2, 0xB4B2,
  0xB4B2, 0xB4B2, 0xBCB2, 0xC513, 0xF73A, 0xFF7B, 0xFF7B, 0xFF7B,
  0xFF9B, 0xFF9B, 0xFF9B, 0xFF7B, 0xE574, 0xCAAB, 0xD28B, 0xD2AB,
  0xD2AB, 0xD2AB, 0xD2AB, 0xDAAC, 0xD2AB, 0xDAAC, 0xD28B, 0xD28B,
  0xCAAB, 0xE575, 0xFF7B, 0xFF7B, 0xFF9B, 0xFF9B, 0xFF9B, 0xFF9B,
  0xFF9B, 0xFF7B, 0xFF7B, 0xFF7B, 0xFF7B, 0xEEDA, 0x6A8C, 0x4169,
  0x498A, 0x3908, 0x3907, 0x4907, 0x822A, 0xAAEC, 0xB30C, 0xBB0C,
  0xBAEB, 0xBB0B, 0xBB0B, 0xBB0B, 0xC36B, 0xDC2D, 0xED51, 0xFE55,
  0xFE95, 0xFE95, 0xFE95, 0xFE95, 0xFE95, 0xFE95, 0xFE95, 0xFE95,
  0xFE95, 0xFE95, 0xFE95, 0xFE76, 0xFE76, 0xF676, 0xD552, 0xB44F,
  0xF635, 0xFE95, 0xFE95, 0xFE95, 0xFE95, 0xFE95, 0xFE95, 0xFE95,
  0xFE95, 0xFE95, 0xFE95, 0xFE95, 0xFE95, 0xFE95, 0xFE95, 0xFE96,
  0xFE76, 0x7A4A, 0x61CA, 0xB472, 0xCCD3, 0xCD14, 0xDDD6, 0xFF9D,
  0xFFDE, 0xE6DB, 0x628C, 0x41A8, 0x94B1, 0xEF7B, 0xF79B, 0xF79C,
  0xEB6F, 0xEB6F, 0xEB6F, 0xEB8F, 0xEBAF, 0xEB8F, 0xEB8F, 0xEB8F,
  0xEB6F, 0xEB8F, 0xEB6F, 0xEB6F, 0xEB8E, 0xEB8F, 0xEB8F, 0xD3B0,
  0x8C53, 0x5CD6, 0x5CD7, 0x42AD, 0xC5D6, 0xFF7B, 0xFF7B, 0xFF7B,
  0xFF7B, 0xFF7B, 0xFF7B, 0xFF7B, 0xFF7B, 0xFF7B, 0xFF7B, 0xAC91,
  0xB46B, 0xF60D, 0xF62F, 0xF62F, 0xFE2D, 0xFE2D, 0xFE2D, 0xFE2D,
  0xFE2D, 0xFE0E, 0xFE0D, 0xFE0D, 0xFE0D, 0xFE0D, 0xFE0D, 0xFE0E,
  0xF5EE, 0xB3AA, 0x9209, 0x9A09, 0xAA2A, 0xCA8C, 0xD28B, 0xD28B,
  0xD28B, 0xD28B, 0xD28C, 0xCB0D, 0xFEF9, 0xFF7A, 0xFF7B, 0xFF7B,
  0xFF7B, 0xFF9B, 0xFF9B, 0xFF9B, 0xFF9B, 0xFF9B, 0xFF9B, 0xFF9B,
  0xFF9B, 0xFF9B, 0xFF9B, 0xFF9B, 0xFF7B, 0xFF7B, 0xFF7B, 0xFF7B,
  0xB4F3, 0x6186, 0xDCEF, 0xFE74, 0xFE76, 0xFE75, 0xFE75, 0xFE95,
  0xFE95, 0xFE75, 0xFE75, 0xFE95, 0xFE95, 0xFE95, 0xFE95, 0xFE95,
  0xFE95, 0xFE95, 0xFE95, 0xFE95, 0xFE75, 0xFE75, 0xFE95, 0xFE95,
  0xFE95, 0xFE95, 0xFE95, 0xFE95, 0xFE95, 0xFE95, 0xFE95, 0xFE75,
  0xFE75, 0xFE76, 0xFE76, 0xFE75, 0xFE95, 0xFE95, 0xFE95, 0xFE95,
  0xFE95, 0xFE95, 0xFE95, 0xFE75, 0xFE95, 0xFE75, 0xFE96, 0xF5F3,
  0xD40C, 0xB2EB, 0xB2EB, 0xB2EB, 0xB2EC, 0x8209, 0x9BF0, 0xB4B2,
  0xBCB2, 0xB4B2, 0xBCB2, 0xC513, 0xF73A, 0xFF7B, 0xFF7B, 0xFF7B,
  0xFF9B, 0xFF9B, 0xFF9B, 0xFF7B, 0xE616, 0xCAAB, 0xD28B, 0xD28B,
  0xDA8B, 0xD2AB, 0xD2AB, 0xD2AB, 0xD2AB, 0xD2AB, 0xD28B, 0xD28B,
  0xD2AB, 0xE554, 0xFF7B, 0xFF7B, 0xFF9B, 0xFF9B, 0xFF9B, 0xFF9B,
  0xFF9B, 0xFF7B, 0xFF7B, 0xFF7B, 0xFF7B, 0xFF7B, 0x8BCF, 0x4947,
  0x4108, 0x4107, 0x4168, 0x4968, 0x4106, 0x6188, 0x928B, 0xB2EC,
  0xBB0C, 0xBB0B, 0xBB0B, 0xBB0B, 0xBB0B, 0xC30B, 0xCBAC, 0xE530,
  0xFE74, 0xFE95, 0xFE95, 0xFE75, 0xFE75, 0xFE95, 0xFE95, 0xFE95,
  0xFE95, 0xFE95, 0xFE95, 0xFE75, 0xFE75, 0xFE75, 0xFE97, 0xB40E,
  0xC4D1, 0xFE56, 0xFE96, 0xFE76, 0xFE75, 0xFE75, 0xFE75, 0xFE95,
  0xFE95, 0xFE95, 0xFE95, 0xFE95, 0xFE95, 0xFE95, 0xFE95, 0xFE75,
  0xFE76, 0x7AAB, 0x59A9, 0xAC51, 0xBCD2, 0xBCB2, 0xC513, 0xE658,
  0xFF9D, 0xFFDE, 0xCE18, 0x51C9, 0x5A2A, 0xDE9A, 0xE71B, 0xDF1B,
  0xEB8F, 0xEB8F, 0xEB8F, 0xEBAF, 0xEB8F, 0xEB8F, 0xEB8F, 0xEB8F,
  0xEB8F, 0xEB8F, 0xEB8F, 0xEB6F, 0xEB8E, 0xEB6F, 0xEB8F, 0xB3F2,
  0x6C96, 0x54F7, 0x5CD6, 0x424B, 0xD638, 0xFF7B, 0xFF7B, 0xFF7B,
  0xFF7B, 0xFF7B, 0xFF7B, 0xFF7B, 0xFF7B, 0xFF7B, 0xFF7B, 0xEEFA,
  0x938B, 0xDD90, 0xCD4F, 0xD54F, 0xF62E, 0xFE2D, 0xFE2D, 0xFE2D,
  0xFE2E, 0xFE0E, 0xF60E, 0xF60E, 0xFE2D, 0xFE0D, 0xFE2D, 0xFE0D,
  0xFDED, 0xB3AA, 0x9209, 0x9A09, 0xBA6B, 0xD28C, 0xD28B, 0xD28B,
  0xD28B, 0xDA8B, 0xD28C, 0xCAAC, 0xDD33, 0xFF7A, 0xFF7B, 0xFF7B,
  0xFF7B, 0xFF7B, 0xFF7B, 0xFF9B, 0xFF9B, 0xFF9B, 0xFF9B, 0xFF9B,
  0xFF9B, 0xFF9B, 0xFF9B, 0xFF9B, 0xFF7B, 0xFF7B, 0xFF7B, 0xFF7B,
  0xD5F6, 0x5146, 0xCC6E, 0xF634, 0xFE76, 0xFE95, 0xFE95, 0xFE95,
  0xFE95, 0xFE95, 0xFE95, 0xFE95, 0xFE95, 0xFE95, 0xFE95, 0xFE95,
  0xFE95, 0xFE95, 0xFE95, 0xFE95, 0xFE95, 0xFE95, 0xFE95, 0xFE95,
  0xFE95, 0xFE95, 0xFE95, 0xFE95, 0xFE95, 0xFE95, 0xFE95, 0xFE95,
  0xFE95, 0xFE96, 0xFE96, 0xFE95, 0xFE95, 0xFE95, 0xFE95, 0xFE95,
  0xFE95, 0xFE95, 0xFE95, 0xFE95, 0xFE95, 0xFE76, 0xFE96, 0xF634,
  0xDCAE, 0xB2EA, 0xB2EB, 0xB2EB, 0xB2EB, 0x926A, 0x6A2A, 0xB4B2,
  0xBCB2, 0xB4B2, 0xBCB2, 0xC513, 0xF73A, 0xFF7B, 0xFF7B, 0xFF7B,
  0xFF9B, 0xFF9B, 0xFF9B, 0xFF7B, 0xEE57, 0xCAAB, 0xD28B, 0xDA8B,
  0xDA8B, 0xD2AB, 0xD2AB, 0xD2AB, 0xD2AB, 0xD2AB, 0xD28C, 0xD28B,
  0xD2AC, 0xE554, 0xFF7B, 0xFF7B, 0xFF9B, 0xFF9B, 0xFF9B, 0xFF9B,
  0xFF9B, 0xFF7B, 0xFF7A, 0xFF7B, 0xFF7B, 0xFF7B, 0xA4B2, 0x61EA,
  0x4948, 0x38E6, 0x7AED, 0x59EA, 0x622A, 0x5188, 0x4906, 0x69A8,
  0x9AAB, 0xB2EC, 0xBB0B, 0xBB2C, 0xBB2C, 0xBB0C, 0xC30B, 0xD3ED,
  0xED51, 0xFE54, 0xFE75, 0xFE75, 0xFE75, 0xFE95, 0xFE95, 0xFE95,
  0xFE95, 0xFE95, 0xFE95, 0xFE75, 0xFE75, 0xFE75, 0xFE76, 0xEDF5,
  0xA38C, 0xCD11, 0xF656, 0xFE76, 0xFE75, 0xFE95, 0xFE95, 0xFE95,
  0xFE95, 0xFE95, 0xFE95, 0xFE95, 0xFE95, 0xFE95, 0xFE95, 0xFE75,
  0xFE56, 0x932C, 0x5988, 0xAC30, 0xB4D2, 0xB4D2, 0xBCD2, 0xCD34,
  0xEE99, 0xFFBD, 0xF7BE, 0xB4D5, 0x5168, 0x6ACC, 0xC618, 0xC638,
  0xEB8F, 0xEBAF, 0xEB8F, 0xEBAF, 0xEBAF, 0xEB8F, 0xEB8F, 0xEB8F,
  0xEB8F, 0xEB8F, 0xEB8F, 0xEB6F, 0xEB6F, 0xEB6F, 0xE38F, 0x9453,
  0x5CD6, 0x54F7, 0x5C95, 0x422A, 0xE6D9, 0xFF7B, 0xFF7B, 0xFF7B,
  0xFF7B, 0xFF7B, 0xFF7B, 0xFF7B, 0xFF7B, 0xFF7B, 0xFF9B, 0xF75B,
  0x9C50, 0x9BCE, 0xBCB1, 0xC4CF, 0xEE0F, 0xFE2D, 0xFE2D, 0xFE0D,
  0xFE0D, 0xF60E, 0xDD4F, 0xDD4F, 0xEDEF, 0xFE0E, 0xFE2E, 0xFE2D,
  0xFDED, 0xBBAA, 0x9A2A, 0xB24A, 0xCA8C, 0xD28C, 0xD28B, 0xD28B,
  0xD2AB, 0xD28B, 0xD28C, 0xD28C, 0xD3AF, 0xF6F9, 0xFF7B, 0xFF7B,
  0xFF7B, 0xFF7B, 0xFF7B, 0xFF9B, 0xFF9B, 0xFF9B, 0xFF9B, 0xFF9B,
  0xFF9B, 0xFF9B, 0xFF9B, 0xFF9B, 0xFF7B, 0xFF7B, 0xFF7B, 0xFF5B,
  0xE6B9, 0x5987, 0xB3CC, 0xF634, 0xFE75, 0xFE95, 0xFE95, 0xFE95,
  0xFE95, 0xFE95, 0xFE95, 0xFE95, 0xFE95, 0xFE95, 0xFE95, 0xFE95,
  0xFE95, 0xFE95, 0xFE95, 0xFE95, 0xFE95, 0xFE95, 0xFE95, 0xFE95,
  0xFE95, 0xFE95, 0xFE95, 0xFE95, 0xFE95, 0xFE95, 0xFE95, 0xFE95,
  0xFE95, 0xFE95, 0xFE95, 0xFE95, 0xFE95, 0xFE95, 0xFE95, 0xFE95,
  0xFE95, 0xFE95, 0xFE95, 0xFE95, 0xFE95, 0xFE95, 0xFE95, 0xFE74,
  0xE530, 0xBB0A, 0xB2EB, 0xB2EB, 0xB2EB, 0x9AAB, 0x5126, 0xB492,
  0xBCB2, 0xB4B2, 0xBCB2, 0xC513, 0xF73A, 0xFF7B, 0xFF7B, 0xFF7B,
  0xFF9B, 0xFF9B, 0xFF9B, 0xFF7B, 0xF698, 0xCACB, 0xD28B, 0xD28B,
  0xDA8B, 0xD2AB, 0xD2AB, 0xD2AB, 0xD2AB, 0xD2AB, 0xD28C, 0xD28B,
  0xD2AC, 0xE554, 0xFF7B, 0xFF9B, 0xFF9B, 0xFF9B, 0xFF9B, 0xFF9B,
  0xFF9B, 0xFF7B, 0xFF7A, 0xFF7B, 0xFF7B, 0xFF7B, 0xC595, 0x726B,
  0x6A4C, 0x4126, 0x8B6F, 0x4968, 0xAC93, 0x938F, 0x6A4A, 0x4947,
  0x5947, 0x7A09, 0xA2CB, 0xB30C, 0xBAEC, 0xBB0C, 0xBAEB, 0xBB0B,
  0xCBCC, 0xED71, 0xFE75, 0xFE95, 0xFE96, 0xFE96, 0xFE95, 0xFE95,
  0xFE95, 0xFE95, 0xFE95, 0xFE76, 0xFE95, 0xFE95, 0xFE75, 0xFE76,
  0xEDF4, 0xC48F, 0xD552, 0xF655, 0xFE76, 0xFE75, 0xFE75, 0xFE95,
  0xFE95, 0xFE95, 0xFE95, 0xFE95, 0xFE96, 0xFE96, 0xFE95, 0xFE75,
  0xFE76, 0xAC2E, 0x5987, 0xA3F0, 0xBCB2, 0xB4B2, 0xB4B1, 0xC4B2,
  0xD555, 0xEF1B, 0xFFDE, 0xEF3D, 0x7AED, 0x5A09, 0xBD96, 0xEF5C,
  0xEB8F, 0xEB8F, 0xEBAF, 0xEBD0, 0xE3AF, 0xEBAF, 0xEB8F, 0xEB6F,
  0xEB8F, 0xEB8F, 0xEB8F, 0xEB6F, 0xEB6F, 0xEB6F, 0xDBB0, 0x8474,
  0x54D7, 0x54F7, 0x4BD2, 0x630D, 0xF75B, 0xFF7B, 0xFF7B, 0xFF7B,
  0xFF9B, 0xFF7B, 0xFF7B, 0xFF7B, 0xFF7B, 0xFF9B, 0xF79B, 0xF77B,
  0xA492, 0x7AEC, 0xB4B2, 0xBCB0, 0xE5AF, 0xFE2E, 0xFE0D, 0xFE0D,
  0xFE0D, 0xEDCF, 0xC4D0, 0xBCB0, 0xCD0F, 0xEDCF, 0xF62E, 0xF60D,
  0xFE0D, 0xC3CB, 0xA20A, 0xC28B, 0xD28C, 0xD28C, 0xD28B, 0xD28B,
  0xD2AB, 0xD2AB, 0xD28B, 0xD28C, 0xCAEC, 0xE5D5, 0xFF7B, 0xFF7B,
  0xFF7B, 0xFF7B, 0xFF7B, 0xFF7B, 0xFF9B, 0xFF9B, 0xFF9B, 0xFF9B,
  0xFF9B, 0xFF9B, 0xFF9B, 0xFF9B, 0xFF7B, 0xFF7B, 0xFF7B, 0xFF7B,
  0xF73B, 0x726A, 0x92EA, 0xF614, 0xFE76, 0xFE95, 0xFE95, 0xFE95,
  0xFE95, 0xFE95, 0xFE95, 0xFE95, 0xFE95, 0xFE95, 0xFE95, 0xFE95,
  0xFE95, 0xFE95, 0xFE95, 0xFE95, 0xFE95, 0xFE95, 0xFE95, 0xFE95,
  0xFE95, 0xFE95, 0xFE95, 0xFE96, 0xFE76, 0xFE75, 0xFE75, 0xFE75,
  0xFE95, 0xFE75, 0xFE96, 0xFE75, 0xFE95, 0xFE95, 0xFE75, 0xFE76,
  0xFE76, 0xFE75, 0xFE96, 0xFE95, 0xFE95, 0xFE75, 0xFE75, 0xFE75,
  0xED92, 0xC36B, 0xB2EB, 0xB2EB, 0xB2EB, 0xAAEC, 0x6167, 0xA430,
  0xB4B2, 0xBCB2, 0xBCB2, 0xBD13, 0xF73A, 0xFF7B, 0xFF7B, 0xFF7B,
  0xFF9B, 0xFF9B, 0xFF9B, 0xFF7B, 0xF6B9, 0xCAAB, 0xD28B, 0xD2AB,
  0xD2AB, 0xD2AB, 0xD2AB, 0xD2AB, 0xD2AB, 0xD2AB, 0xD28C, 0xD28B,
  0xCAAC, 0xE575, 0xFF7B, 0xFF9B, 0xFF9B, 0xFF9B, 0xFF9B, 0xFF9B,
  0xFF9B, 0xFF7B, 0xFF7B, 0xFF7B, 0xFF9B, 0xFF7B, 0xE699, 0x51A8,
  0x59EA, 0x622A, 0x8B8F, 0x59E9, 0xB4B2, 0xB4B2, 0xAC71, 0x834D,
  0x59C8, 0x4946, 0x69A8, 0x8A6A, 0xB2EC, 0xBAEB, 0xBAEB, 0xB2EB,
  0xC32B, 0xDC4D, 0xF633, 0xFE95, 0xFE96, 0xFE96, 0xFE95, 0xFE95,
  0xFE95, 0xFE95, 0xFE95, 0xFE76, 0xFE95, 0xFE95, 0xFE75, 0xFE75,
  0xFE76, 0xF635, 0xD531, 0xD551, 0xEDF4, 0xFE55, 0xFE75, 0xFE95,
  0xFE95, 0xFE95, 0xFE95, 0xFE95, 0xFE96, 0xFE96, 0xFE95, 0xFE75,
  0xFE75, 0xDD52, 0x59A7, 0x9BAF, 0xB492, 0xB4B2, 0xB4B1, 0xBCB1,
  0xC4D3, 0xD5D7, 0xF77D, 0xF7BE, 0xBD56, 0x622A, 0x7B2D, 0xEF3C,
  0xEB6F, 0xEB6F, 0xEB8F, 0xE3AF, 0xE3AF, 0xEBF0, 0xEB8F, 0xEB6F,
  0xEB6F, 0xEB8F, 0xEB8F, 0xF36F, 0xEB6F, 0xEB6F, 0xC3F2, 0x6CB6,
  0x54F7, 0x54D7, 0x432F, 0xB535, 0xFF7B, 0xFF7B, 0xFF7B, 0xFF9B,
  0xF77B, 0xFF7B, 0xFF7B, 0xFF7B, 0xFF7B, 0xFF7B, 0xFF5A, 0xC553,
  0x7ACB, 0xA451, 0xBCB2, 0xBC90, 0xCD0F, 0xF60E, 0xFE0D, 0xFE0D,
  0xF62E, 0xD52F, 0xBCB1, 0xBCB1, 0xBCB1, 0xC4D0, 0xDD8F, 0xF62E,
  0xFE0E, 0xC3CB, 0xC28B, 0xD2AB, 0xD28B, 0xD28B, 0xD28B, 0xD28B,
  0xD28B, 0xD2AB, 0xD2AB, 0xD28B, 0xD28C, 0xDC91, 0xFF7B, 0xFF9B,
  0xFF9B, 0xFF7B, 0xFF7B, 0xFF7B, 0xFF9B, 0xFF9B, 0xFF9B, 0xFF9B,
  0xFF9B, 0xFF9B, 0xFF9B, 0xFF9B, 0xFF7B, 0xFF7B, 0xFF7B, 0xFF7B,
  0xFF7B, 0xA471, 0x8289, 0xEDD3, 0xFE75, 0xFE95, 0xFE95, 0xFE95,
  0xFE95, 0xFE95, 0xFE95, 0xFE95, 0xFE95, 0xFE95, 0xFE95, 0xFE95,
  0xFE95, 0xFE95, 0xFE95, 0xFE95, 0xFE95, 0xFE95, 0xFE95, 0xFE95,
  0xFE95, 0xFE95, 0xFE95, 0xFE95, 0xFE75, 0xFE75, 0xFE96, 0xFE75,
  0xFE75, 0xFE75, 0xFE95, 0xFE75, 0xFE75, 0xFE95, 0xFE75, 0xFE96,
  0xFE75, 0xFE75, 0xFE95, 0xFE75, 0xFE75, 0xFE75, 0xFE75, 0xFE76,
  0xF5D3, 0xD3EC, 0xB2EB, 0xB2EB, 0xB2EB, 0xB2EC, 0x7A09, 0x936E,
  0xB4B2, 0xB4B2, 0xBCB2, 0xBD13, 0xFF3A, 0xFF7B, 0xFF7B, 0xFF7B,
  0xFF9B, 0xFF9B, 0xFF9B, 0xFF7B, 0xFED9, 0xCACC, 0xD28B, 0xD2AB,
  0xD2AB, 0xD2AB, 0xD2AB, 0xD2AB, 0xD2AB, 0xD2AB, 0xD28C, 0xD28B,
  0xCAAC, 0xE595, 0xFF7B, 0xFF7B, 0xFF9B, 0xFF9B, 0xFF9B, 0xFF9B,
  0xFF9B, 0xFF9B, 0xFF9B, 0xFF7B, 0xFF7B, 0xFF7B, 0xF71B, 0x4988,
  0x4107, 0x7B0D, 0x7AEC, 0x72AC, 0xB4B2, 0xB4B2, 0xB4B2, 0xB4B2,
  0xAC51, 0x832D, 0x4947, 0x4926, 0x71E8, 0xAB0C, 0xB30C, 0xBB0C,
  0xBB0B, 0xCB8B, 0xED4F, 0xFE55, 0xFE95, 0xFE95, 0xFE95, 0xFE95,
  0xFE95, 0xFE95, 0xFE95, 0xFE75, 0xFE95, 0xFE95, 0xFE95, 0xFE76,
  0xFE76, 0xFE76, 0xFE56, 0xF655, 0xF655, 0xFE75, 0xFE96, 0xFE95,
  0xFE95, 0xFE95, 0xFE95, 0xFE95, 0xFE76, 0xFE96, 0xFE95, 0xFE75,
  0xFE75, 0xDD71, 0x69C7, 0x936E, 0xBC92, 0xBCB2, 0xBCB2, 0xB4B1,
  0xBCB2, 0xC4F3, 0xE69A, 0xFFDE, 0xF77D, 0x6A8B, 0x51A8, 0xCDF7,
  0xEB8F, 0xEB6F, 0xEB8F, 0xEBAF, 0xEBCF, 0xF411, 0xEB8F, 0xEB8F,
  0xEB8F, 0xEB8F, 0xEB8F, 0xEB6F, 0xEB8F, 0xDBB0, 0x9C33, 0x5CF6,
  0x54F7, 0x5CF7, 0x42EF, 0xCDD8, 0xF73B, 0xF73A, 0xF75A, 0xF77B,
  0xF75A, 0xF73A, 0xF73A, 0xF73A, 0xF6F9, 0xBD12, 0x936B, 0x9B6B,
  0x7A89, 0xAC51, 0xB4B2, 0xBCB1, 0xC4D0, 0xEDEF, 0xFE2D, 0xF62E,
  0xE58F, 0xBCB0, 0xB4B2, 0xB4B2, 0xB4B1, 0xBCB1, 0xB44E, 0xC46C,
  0xF5EF, 0xD3EC, 0xD2AC, 0xD28B, 0xD28B, 0xD28B, 0xD2AB, 0xD28B,
  0xD28B, 0xD2AB, 0xD28B, 0xD28C, 0xD26B, 0xD34E, 0xFEFA, 0xFF7B,
  0xFF9B, 0xFF7B, 0xFF7B, 0xFF7B, 0xFF9B, 0xFF9B, 0xFF9B, 0xFF9B,
  0xFF9B, 0xFF9B, 0xFF9B, 0xFF9B, 0xFF7B, 0xFF7B, 0xFF7B, 0xFF7A,
  0xFF7B, 0xDE58, 0x69E7, 0xDD31, 0xFE96, 0xFE95, 0xFE95, 0xFE95,
  0xFE95, 0xFE95, 0xFE95, 0xFE95, 0xFE95, 0xFE95, 0xFE95, 0xFE95,
  0xFE95, 0xFE95, 0xFE95, 0xFE95, 0xFE95, 0xFE95, 0xFE95, 0xFE95,
  0xFE95, 0xFE95, 0xFE95, 0xFE75, 0xFE75, 0xFE96, 0xFE76, 0xFE76,
  0xFE96, 0xF676, 0xF676, 0xF676, 0xF655, 0xF656, 0xF636, 0xF636,
  0xF656, 0xF656, 0xF635, 0xF656, 0xF676, 0xF675, 0xFE95, 0xF676,
  0xF614, 0xD42D, 0xB30B, 0xB2EB, 0xB2EB, 0xB2EC, 0x926A, 0x8B2D,
  0xB4B2, 0xBCB2, 0xBCB2, 0xBD13, 0xFF5A, 0xFF7B, 0xFF7B, 0xFF7B,
  0xFF9B, 0xFF9B, 0xFF9B, 0xFF7B, 0xFF1A, 0xD32D, 0xD28B, 0xD2AB,
  0xD2AB, 0xD2AB, 0xD2AB, 0xD2AB, 0xD2AB, 0xD2AB, 0xD28C, 0xD28B,
  0xCAAC, 0xEDF6, 0xFF7B, 0xFF9B, 0xFF9B, 0xFF9B, 0xFF9B, 0xFF9B,
  0xFF9B, 0xFF9B, 0xFF9B, 0xFF9B, 0xFF9B, 0xFF7B, 0xFF5B, 0x51C9,
  0x4107, 0x93D0, 0x6A4A, 0x8B2E, 0xB4B2, 0xB4B2, 0xB492, 0xB4B2,
  0xB4B2, 0xB4B2, 0xB472, 0x938F, 0x51A8, 0x5968, 0x71C8, 0xAAEC,
  0xB2EB, 0xBB4B, 0xDC4C, 0xF5D2, 0xFE75, 0xFE95, 0xFE95, 0xFE95,
  0xFE95, 0xFE95, 0xFE95, 0xFE95, 0xFE95, 0xFE95, 0xFE76, 0xFE76,
  0xFE76, 0xFE76, 0xFE75, 0xFE96, 0xFE75, 0xFE75, 0xFE96, 0xFE95,
  0xFE95, 0xFE95, 0xFE95, 0xFE95, 0xFE76, 0xFE95, 0xFE75, 0xFE96,
  0xFE75, 0xE571, 0x71E7, 0x6A09, 0x92CC, 0xB3D0, 0xC472, 0xBCB2,
  0xBCB1, 0xBCB2, 0xCD55, 0xFF7D, 0xFFFE, 0xE69B, 0x4967, 0x9C31,
  0xEB8F, 0xEB8F, 0xEB8F, 0xEB8F, 0xEB8F, 0xEB8F, 0xEB8F, 0xE36F,
  0xEB6F, 0xEB6F, 0xEB8F, 0xEB6F, 0xE38F, 0xC3F1, 0x7495, 0x54F7,
  0x54F7, 0x5517, 0x5371, 0x49C9, 0x93AE, 0xBCF2, 0xC573, 0xB4D1,
  0xBCF2, 0x93AD, 0x936C, 0x8B4B, 0x934A, 0xA36B, 0xA36B, 0xAB8B,
  0x82C9, 0x832D, 0xB4B2, 0xBCB2, 0xBCB1, 0xE5AF, 0xF62E, 0xEDEF,
  0xCCF0, 0xB4B1, 0xB4B2, 0xB4B2, 0xB4B2, 0xB4B1, 0xB491, 0x9B0B,
  0xC3EB, 0xDBAC, 0xD28B, 0xD28B, 0xD28B, 0xD2AB, 0xD2AB, 0xD28B,
  0xD2AB, 0xD2AB, 0xD28B, 0xD28B, 0xDA6B, 0xD2CC, 0xED54, 0xFF7B,
  0xF77A, 0xFF7B, 0xFF7B, 0xFF7B, 0xFF9B, 0xFF9B, 0xFF9B, 0xFF9B,
  0xFF9B, 0xFF9B, 0xFF9B, 0xFF9B, 0xFF7B, 0xFF7B, 0xFF7B, 0xFF9A,
  0xFF7B, 0xF73B, 0x7A8A, 0xCCAF, 0xFE75, 0xFE75, 0xFE75, 0xFE95,
  0xFE75, 0xFE95, 0xFE95, 0xFE95, 0xFE95, 0xFE95, 0xFE75, 0xFE95,
  0xFE75, 0xFE75, 0xFE75, 0xFE75, 0xFE95, 0xFE75, 0xFE95, 0xFE76,
  0xFE76, 0xFE76, 0xFE76, 0xF635, 0xE5D4, 0xDD93, 0xD573, 0xDD94,
  0xD553, 0xBC91, 0xBCB2, 0xA3EF, 0x8B2C, 0x8B0C, 0x8B2D, 0x726A,
  0x82AB, 0x934D, 0x8AEC, 0xB471, 0xBCB2, 0xC513, 0xCD53, 0xD573,
  0xDD72, 0xCC4E, 0xB30B, 0xB2EC, 0xB2EC, 0xB2EC, 0xA2EC, 0x7AAB,
  0xB4B2, 0xB4B2, 0xBCB2, 0xBD13, 0xFF5B, 0xFF7B, 0xFF7B, 0xFF7B,
  0xFF9B, 0xFF9B, 0xFF9B, 0xFF7B, 0xFEFA, 0xCAEC, 0xD28B, 0xD2AB,
  0xD2AB, 0xD2AB, 0xD2AB, 0xD2AB, 0xD2AB, 0xD2AB, 0xD28B, 0xD28B,
  0xCAAB, 0xE5B5, 0xFF7B, 0xFF7B, 0xFF7B, 0xFF7B, 0xFF9B, 0xFF9B,
  0xFF9B, 0xFF7B, 0xFF7B, 0xFF9B, 0xFF7A, 0xFF7B, 0xF75B, 0x59EA,
  0x4948, 0xAC93, 0x5A09, 0x9BD0, 0xB492, 0x9BF0, 0x93AF, 0xAC31,
  0xB492, 0xBCD2, 0xB4B1, 0xB4B2, 0xB472, 0x6A8B, 0x4926, 0x7209,
  0x9ACB, 0xB30B, 0xD3CB, 0xED2E, 0xFE74, 0xFE95, 0xFE95, 0xFE95,
  0xFE95, 0xFE95, 0xFE95, 0xFE95, 0xFE75, 0xFE95, 0xFE95, 0xFE75,
  0xFE95, 0xFE75, 0xFE75, 0xFE95, 0xFE95, 0xFE95, 0xFE95, 0xFE95,
  0xFE95, 0xFE95, 0xFE95, 0xFE95, 0xFE95, 0xFE95, 0xFE75, 0xFE75,
  0xFE76, 0xEDB1, 0x8248, 0x6188, 0x822A, 0x8A2A, 0x92CB, 0xB410,
  0xBCB1, 0xBCB2, 0xCCF3, 0xEE59, 0xFFBE, 0xFF9E, 0x93F1, 0x51C8,
  0xE38F, 0xEBAF, 0xE38F, 0xEBB0, 0xEB8F, 0xEB8F, 0xE3B0, 0xE3CF,
  0xE3AF, 0xEB8F, 0xEB8F, 0xEB6F, 0xDBB0, 0x9C33, 0x5CD7, 0x54F7,
  0x54F7, 0x54D6, 0x3A6D, 0x4127, 0x7A8A, 0x9B4A, 0x9B4A, 0x9B4B,
  0xA36B, 0xA36B, 0xA36B, 0x9B6A, 0xA36A, 0xAB8A, 0xAB6A, 0xAB6B,
  0x932A, 0x6208, 0xAC92, 0xBCB2, 0xBCB1, 0xD54F, 0xF62F, 0xDD70,
  0xBCB1, 0xB4B1, 0xB4B2, 0xB4B2, 0xB4B2, 0xB4B2, 0xBCB2, 0xB3CF,
  0xB2AA, 0xCAAB, 0xD28B, 0xD2AB, 0xD2AB, 0xD2AB, 0xD2AB, 0xD2AB,
  0xD2AB, 0xD2AB, 0xD2AB, 0xD28B, 0xD28B, 0xD28B, 0xCB8E, 0xF6F9,
  0xFF7B, 0xFF7B, 0xFF7B, 0xFF7B, 0xFF9B, 0xFF9B, 0xFF9B, 0xFF9B,
  0xFF9B, 0xFF9B, 0xFF9B, 0xFF9B, 0xFF7B, 0xFF7B, 0xFF7B, 0xFF7B,
  0xFF7B, 0xF77C, 0xA411, 0xABCD, 0xFE75, 0xFE75, 0xFE76, 0xFE95,
  0xFE75, 0xFE95, 0xFE95, 0xFE95, 0xFE95, 0xFE96, 0xFE76, 0xFE95,
  0xFE76, 0xFE75, 0xFE75, 0xFE75, 0xFE75, 0xFE76, 0xF676, 0xEE15,
  0xCD32, 0xBCB1, 0xB470, 0x938D, 0x728A, 0x6A69, 0x728A, 0x8B2C,
  0x8B4D, 0x832D, 0x8B6E, 0x93AE, 0x938E, 0x938E, 0x93AF, 0x8B6E,
  0x8B6E, 0x8B4E, 0x832D, 0x832D, 0x7ACC, 0x6A4A, 0x59C8, 0x59C8,
  0x6A49, 0x8B0C, 0x8A8A, 0x926A, 0x928B, 0xA2CC, 0xA30D, 0x7A6A,
  0xB4B2, 0xBCB2, 0xBCB2, 0xBD13, 0xFF5B, 0xFF7B, 0xFF7B, 0xFF7B,
  0xFF9B, 0xFF9B, 0xFF9B, 0xFF7B, 0xFF1A, 0xC2CB, 0xD2AB, 0xD2AB,
  0xD2AB, 0xD2AB, 0xD2AB, 0xD2AB, 0xD2AB, 0xD2AB, 0xD28B, 0xD28B,
  0xCAAB, 0xE5D5, 0xFF7B, 0xFF7B, 0xFF7B, 0xFF7B, 0xFF9B, 0xFF9B,
  0xFF9B, 0xFF7B, 0xFF7B, 0xFF9B, 0xFF7B, 0xFF7B, 0xEEFA, 0x4167,
  0x51C9, 0xAC93, 0x51A8, 0x93B0, 0x830E, 0x5189, 0x4947, 0x6A4A,
  0xAC71, 0xB4B2, 0xB4B1, 0xB4B2, 0xBCB2, 0xAC51, 0x59C9, 0x5988,
  0x8209, 0x926A, 0xBB2A, 0xE48D, 0xF633, 0xF696, 0xFE95, 0xFE95,
  0xFE95, 0xFE75, 0xFE95, 0xFE75, 0xFE76, 0xFE95, 0xFE95, 0xFE76,
  0xFE95, 0xFE95, 0xFE95, 0xFE75, 0xFE75, 0xFE95, 0xFE95, 0xFE95,
  0xFE95, 0xFE95, 0xFE95, 0xFE95, 0xFE95, 0xFE95, 0xFE95, 0xFE75,
  0xFE96, 0xEDF3, 0x92C9, 0x5147, 0x822A, 0x8A29, 0x8A09, 0x928B,
  0xABAF, 0xC4B2, 0xCCF3, 0xD596, 0xF77C, 0xFFBE, 0xCDF8, 0x51C9,
  0xE3AF, 0xEBAF, 0xEBAF, 0xEBD0, 0xEBB0, 0xE3B0, 0xE472, 0xF5F6,
  0xE492, 0xE38F, 0xEB6F, 0xEB6F, 0xCBD1, 0x7C94, 0x54F7, 0x4D17,
  0x54F7, 0x5455, 0x31CB, 0x3927, 0x7249, 0xAB6B, 0xAB6A, 0xAB6A,
  0xAB8A, 0xAB6A, 0xAB6A, 0x9B29, 0xA34A, 0xAB6A, 0xAB6B, 0xAB6B,
  0xA36C, 0x61C7, 0xA450, 0xB4B2, 0xB4B2, 0xC4F0, 0xEDF1, 0xC4F0,
  0xBCB1, 0xB4B2, 0xB4B2, 0xB4B2, 0xB4B2, 0xB4B2, 0xC4D2, 0xD4D2,
  0xCBAF, 0xD2AC, 0xDA8B, 0xD2AB, 0xD2AB, 0xD2AB, 0xD2AB, 0xD2AB,
  0xD2AB, 0xD2AB, 0xD2AB, 0xD28B, 0xD28B, 0xD28B, 0xD30D, 0xE5B5,
  0xFF7A, 0xFF7B, 0xFF7B, 0xFF7B, 0xFF9B, 0xFF9B, 0xFF9B, 0xFF9B,
  0xFF9B, 0xFF9B, 0xFF9B, 0xFF9B, 0xFF7B, 0xFF7B, 0xFF7B, 0xFF7B,
  0xFF7B, 0xF77C, 0xC576, 0x92EB, 0xF655, 0xFE75, 0xFE76, 0xFE95,
  0xFE95, 0xFE95, 0xFE75, 0xFE95, 0xFE95, 0xFE95, 0xFE96, 0xFE95,
  0xFE75, 0xFE75, 0xFE96, 0xF676, 0xE5B4, 0xAC0F, 0x9B8D, 0x8B4D,
  0x7ACB, 0x93CF, 0xAC92, 0xB513, 0xBD34, 0xC595, 0xD5F6, 0xDE58,
  0xE6B9, 0xEED9, 0xEEFA, 0xF73A, 0xF73A, 0xF73A, 0xEF1A, 0xF71A,
  0xF71A, 0xEEFA, 0xEEFA, 0xE6B9, 0xE679, 0xD617, 0xC575, 0xB514,
  0xAC92, 0x8B8E, 0x6A6A, 0x5187, 0x4966, 0x61C8, 0x828B, 0x724A,
  0xAC71, 0xB4B2, 0xBCB2, 0xC533, 0xFF5B, 0xFF7B, 0xFF7B, 0xFF7B,
  0xFF9B, 0xFF9B, 0xFF9B, 0xFF7B, 0xFF3A, 0xCB0C, 0xD2AB, 0xD2AB,
  0xD2AB, 0xD2AB, 0xD2AB, 0xD2AB, 0xD2AB, 0xD2AB, 0xD2AB, 0xD28B,
  0xCAAB, 0xEDD6, 0xFF7B, 0xFF9B, 0xFF9B, 0xFF9B, 0xFF9B, 0xFF9B,
  0xFF9B, 0xFF7B, 0xFF7B, 0xFF7B, 0xFF7B, 0xFF7B, 0xC595, 0x4126,
  0x6A6C, 0xAC73, 0x4968, 0x59EA, 0x4948, 0x4128, 0x4127, 0x4967,
  0x7B2D, 0x93AF, 0xAC92, 0xB4B2, 0xBCB2, 0xBC72, 0x82ED, 0x4947,
  0x826B, 0x8A4A, 0xA2CA, 0xDC2B, 0xF5B1, 0xFE96, 0xFE96, 0xFE76,
  0xFE75, 0xFE76, 0xFE75, 0xFE75, 0xFE76, 0xFE95, 0xFE95, 0xFE75,
  0xFE95, 0xFE95, 0xFE95, 0xFE95, 0xFE95, 0xFE95, 0xFE95, 0xFE95,
  0xFE95, 0xFE95, 0xFE95, 0xFE95, 0xFE95, 0xFE95, 0xFE95, 0xFE95,
  0xFE95, 0xFE55, 0xAB8C, 0x5126, 0x79E9, 0x8A09, 0x8A09, 0x8A0A,
  0x926B, 0xA34D, 0xC4B3, 0xCD14, 0xEF1B, 0xFFDE, 0xE6FB, 0x6A8B,
  0xEB8F, 0xE38F, 0xEBB0, 0xE38F, 0xDBCF, 0xE4D3, 0xFEB9, 0xFF7A,
  0xF616, 0xE3B0, 0xEB6F, 0xE38F, 0xB3F2, 0x64B6, 0x54F7, 0x54F7,
  0x54D7, 0x4B72, 0x3148, 0x4988, 0x7228, 0xAB4A, 0xAB8A, 0xAB8A,
  0xAB6A, 0xAB6A, 0xA32A, 0x8AC9, 0xA36B, 0xAB6B, 0xAB6B, 0xAB6B,
  0x92EA, 0x6A08, 0xAC71, 0xB4B2, 0xB4B2, 0xBCB1, 0xCD11, 0xB4B1,
  0xB4B2, 0xB4B2, 0xB4B2, 0xB4B2, 0xB4B2, 0xBCB2, 0xD514, 0xD513,
  0xDCB2, 0xCAAC, 0xDA8B, 0xD2AB, 0xD2AB, 0xD2AB, 0xD2AB, 0xD2AB,
  0xD2AB, 0xD2AB, 0xD2AB, 0xD28B, 0xD28B, 0xD28B, 0xD2AC, 0xD430,
  0xF719, 0xFF7B, 0xFF7B, 0xFF7B, 0xFF9B, 0xFF9B, 0xFF9B, 0xFF9B,
  0xFF9B, 0xFF9B, 0xFF9B, 0xFF9B, 0xFF7B, 0xFF7B, 0xFF7B, 0xFF7B,
  0xFF7B, 0xF77C, 0xDE79, 0x7268, 0xEDB4, 0xFE76, 0xFE96, 0xFE95,
  0xFE95, 0xFE95, 0xFE75, 0xFE95, 0xFE95, 0xFE95, 0xFE95, 0xFE96,
  0xF676, 0xEE15, 0xA3EE, 0x82EB, 0x8B2C, 0x8B6D, 0xBD34, 0xD5F7,
  0xE6B9, 0xEF1B, 0xF73B, 0xF75B, 0xFF7B, 0xFF7B, 0xFF7B, 0xF77B,
  0xFF7B, 0xFF7B, 0xFF7B, 0xFF7B, 0xFF7B, 0xFF7B, 0xFF7B, 0xFF7B,
  0xFF7B, 0xFF7B, 0xFF7B, 0xFF7B, 0xFF7B, 0xFF7B, 0xF75B, 0xFF7C,
  0xF73B, 0xEF1B, 0xEEDA, 0xDE79, 0xCDF7, 0xB4F3, 0x832D, 0x6A69,
  0x6AAA, 0xB4B2, 0xBCD2, 0xC554, 0xFF5B, 0xFF7B, 0xFF7B, 0xFF7B,
  0xFF9B, 0xFF9B, 0xFF9B, 0xFF7B, 0xFF3A, 0xCB0C, 0xD2AB, 0xD28B,
  0xD2AB, 0xD2AB, 0xD2AB, 0xD2AB, 0xD2AB, 0xD2AB, 0xD2AB, 0xD28B,
  0xCA8B, 0xEDF6, 0xFF7B, 0xFF7B, 0xFF9B, 0xFF9B, 0xFF7B, 0xFF7B,
  0xFF7B, 0xFF7B, 0xFF7B, 0xFF7B, 0xFF9B, 0xFF7B, 0xA492, 0x4127,
  0x728D, 0x9391, 0x4127, 0x4127, 0x3927, 0x3928, 0x3127, 0x3147,
  0x39A8, 0x39E9, 0x41E8, 0x5A29, 0x8B4E, 0x8AAC, 0x722A, 0x4927,
  0x71EB, 0x9ACD, 0x8208, 0xC3AA, 0xE52E, 0xFE75, 0xFE96, 0xFE76,
  0xFE75, 0xFE95, 0xFE75, 0xFE75, 0xFE75, 0xFE95, 0xFE95, 0xFE95,
  0xFE95, 0xFE95, 0xFE95, 0xFE95, 0xFE95, 0xFE95, 0xFE95, 0xFE95,
  0xFE95, 0xFE95, 0xFE95, 0xFE95, 0xFE95, 0xFE95, 0xFE95, 0xFE75,
  0xFE75, 0xFE75, 0xBC0D, 0x5126, 0x79E9, 0x8A09, 0x8A09, 0x8A09,
  0x8A09, 0x8A4A, 0xA36E, 0xD534, 0xEF1A, 0xFFFE, 0xF79D, 0x8B8F,
  0xEB8F, 0xEBB0, 0xE3B0, 0xE411, 0xED54, 0xFF3A, 0xF79B, 0xF79B,
  0xFF3A, 0xE492, 0xEB8F, 0xDBB0, 0x8C54, 0x5CD6, 0x54F6, 0x54F7,
  0x5CD7, 0x3A2D, 0x3907, 0x72AC, 0x7228, 0xA34B, 0xAB8B, 0xAB8A,
  0xAB6A, 0xAB6B, 0xA38C, 0x61C7, 0x7AA9, 0x932A, 0x9309, 0xA38C,
  0x82EA, 0xA410, 0xB4B2, 0xB4B2, 0xB4B2, 0xB4B2, 0xBCB1, 0xB4B2,
  0xB4B2, 0xB4B2, 0xB4B2, 0xB4B2, 0xB4B2, 0xCCD3, 0xDCF3, 0xDD54,
  0xEE17, 0xCB4E, 0xD26B, 0xD28B, 0xD28B, 0xD28B, 0xD2AB, 0xD2AB,
  0xD2AB, 0xD2AB, 0xD2AB, 0xD2AB, 0xD2AB, 0xD2AB, 0xDAAC, 0xCB0D,
  0xF657, 0xFF7B, 0xFF7B, 0xFF7B, 0xFF9B, 0xFF9B, 0xFF9B, 0xFF9B,
  0xFF9B, 0xFF9B, 0xFF9B, 0xFF9B, 0xFF9B, 0xFF9B, 0xFF9B, 0xFF7B,
  0xFF7B, 0xFF7C, 0xF73B, 0x7ACA, 0xBC4F, 0xFE76, 0xFE75, 0xFE75,
  0xFE75, 0xFE95, 0xFE95, 0xFE96, 0xFE75, 0xFE76, 0xF656, 0xE636,
  0x9BAD, 0x7269, 0x830C, 0xC575, 0xEEDA, 0xFF5B, 0xFF7B, 0xFF5B,
  0xFF7B, 0xFF7B, 0xFF9A, 0xFF7B, 0xFF7B, 0xFF7B, 0xFF7B, 0xFF7B,
  0xFF7B, 0xFF7B, 0xFF7B, 0xFF7B, 0xFF7B, 0xFF7B, 0xFF7B, 0xFF9B,
  0xFF7B, 0xFF7B, 0xFF9B, 0xFF9B, 0xFF7B, 0xFF7B, 0xFF7B, 0xFF7B,
  0xFF7B, 0xFF7B, 0xFF7B, 0xFF7B, 0xFF7B, 0xFF5B, 0xFF7B, 0xEED9,
  0xB513, 0x72CB, 0xB492, 0xCD54, 0xFF5B, 0xFF7B, 0xFF7B, 0xFF7B,
  0xFF9B, 0xFF9B, 0xFF9B, 0xF77B, 0xFEFA, 0xC2CC, 0xD28B, 0xDA8B,
  0xD2AB, 0xD2AB, 0xD2AB, 0xD2AB, 0xD2AB, 0xD2AB, 0xD2AB, 0xD28B,
  0xCA8B, 0xEE37, 0xFF7B, 0xFF7B, 0xFF7B, 0xFF9B, 0xFF7B, 0xFF7B,
  0xFF7B, 0xFF7B, 0xFF7B, 0xFF9B, 0xFF9B, 0xF75B, 0x93F0, 0x3927,
  0x4189, 0x3168, 0x422A, 0x5B4E, 0x7432, 0x7493, 0x7493, 0x8556,
  0x8DB7, 0x85D7, 0x8555, 0x6C51, 0x39E9, 0x4167, 0x4188, 0x3988,
  0x51AA, 0x82AD, 0x92CD, 0xA2EA, 0xDC8D, 0xFE54, 0xFE76, 0xFE96,
  0xFE75, 0xFE95, 0xFE96, 0xFE75, 0xFE95, 0xFE95, 0xFE95, 0xFE75,
  0xFE75, 0xFE95, 0xFE95, 0xFE95, 0xFE95, 0xFE95, 0xFE95, 0xFE95,
  0xFE95, 0xFE95, 0xFE95, 0xFE95, 0xFE95, 0xFE95, 0xFE95, 0xFE75,
  0xFE95, 0xFE75, 0xCC4E, 0x5946, 0x71C9, 0x8A09, 0x8A09, 0x8A0A,
  0x8A09, 0x8A09, 0x8A4A, 0xBC51, 0xDE78, 0xFFDE, 0xFF9D, 0x93F0,
  0xEBB0, 0xE3F0, 0xE4B2, 0xF616, 0xFF3A, 0xFF9B, 0xF79B, 0xFF9B,
  0xFF9B, 0xF658, 0xDC11, 0xBC12, 0x6CB5, 0x54F7, 0x54F7, 0x54F7,
  0x6CB6, 0x3989, 0x4147, 0xA431, 0x6A49, 0x9B2B, 0xA34B, 0xA34A,
  0xA36B, 0x9B4B, 0x6A49, 0x6209, 0x936D, 0xDDB3, 0xEE15, 0xF676,
  0xA3EF, 0xA431, 0xBCB2, 0xBCB2, 0xB4B2, 0xB4B2, 0xBCB2, 0xB4B2,
  0xB4B2, 0xB4B2, 0xB4B2, 0xB4B2, 0xBCB2, 0xCCF3, 0xDD34, 0xEE78,
  0xF6F9, 0xDC92, 0xD28C, 0xD28B, 0xD28B, 0xD28B, 0xD2AB, 0xD2AB,
  0xD2AB, 0xD2AB, 0xD2AB, 0xD2AB, 0xD2AB, 0xD2AB, 0xDA8B, 0xD2AC,
  0xDC91, 0xFF3A, 0xF77B, 0xFF9B, 0xFF9B, 0xFF9B, 0xFF9B, 0xFF9B,
  0xFF9B, 0xFF9B, 0xFF9B, 0xFF9B, 0xFF9B, 0xFF9B, 0xFF9B, 0xFF7B,
  0xFF7B, 0xFF7B, 0xFF9C, 0x9C30, 0x8ACB, 0xF656, 0xFE95, 0xFE75,
  0xFE76, 0xFE95, 0xFE75, 0xFE96, 0xEE35, 0xDDB4, 0xB470, 0x93CE,
  0xBD34, 0xE679, 0xFF3B, 0xFF7B, 0xFF7B, 0xFF7B, 0xFF7B, 0xFF7B,
  0xFF7B, 0xFF7B, 0xFF7A, 0xFF7B, 0xFF7B, 0xFF7B, 0xFF7B, 0xFF7B,
  0xFF7B, 0xFF9B, 0xFF9B, 0xFF9B, 0xFF9B, 0xFF9B, 0xFF9B, 0xFF9B,
  0xFF9B, 0xFF9B, 0xFF9B, 0xFF9B, 0xFF7B, 0xFF7B, 0xFF7B, 0xFF7B,
  0xFF7B, 0xFF7B, 0xFF7B, 0xFF7B, 0xFF7B, 0xFF9B, 0xFF9A, 0xFF7B,
  0xFF5B, 0x7B0C, 0x9BF0, 0xCD74, 0xFF5A, 0xFF7B, 0xFF7B, 0xFF7B,
  0xFF9B, 0xFF9B, 0xFF9B, 0xFF7B, 0xFF3A, 0xCAEC, 0xD28B, 0xDA8B,
  0xDAAB, 0xD2AB, 0xD2AB, 0xD2AB, 0xD2AB, 0xD2AB, 0xD28B, 0xD28B,
  0xCA8B, 0xEDF6, 0xFF7B, 0xFF7B, 0xFF7B, 0xFF7B, 0xFF7B, 0xFF7B,
  0xFF7B, 0xFF7B, 0xFF7B, 0xFF7B, 0xF75A, 0xCE17, 0x62CD, 0x3A4B,
  0x6411, 0x7D35, 0x85B7, 0x85D7, 0x85F7, 0x85F7, 0x7DF7, 0x7DF8,
  0x7E18, 0x7E18, 0x7DF7, 0x85F8, 0x85B7, 0x7D55, 0x8556, 0x74F4,
  0x532E, 0x4A4B, 0x59EA, 0x7A29, 0xC3ED, 0xF5F3, 0xFE75, 0xF675,
  0xF675, 0xDDD4, 0xD573, 0xE5F5, 0xFE96, 0xFE95, 0xFE95, 0xFE75,
  0xFE75, 0xFE95, 0xFE95, 0xFE95, 0xFE95, 0xFE95, 0xFE95, 0xFE95,
  0xFE95, 0xFE95, 0xFE95, 0xFE95, 0xFE95, 0xFE95, 0xFE95, 0xFE95,
  0xFE95, 0xFE75, 0xD48E, 0x61A7, 0x69A9, 0x8A09, 0x8A09, 0x8A09,
  0x8A09, 0x8A09, 0x8A09, 0x92AB, 0xCDD6, 0xFFFE, 0xFFBD, 0xACD3,
  0xDC10, 0xE534, 0xF6D9, 0xFF5B, 0xFF9B, 0xFF9B, 0xFF9B, 0xFF9B,
  0xFF9B, 0xFF5B, 0xD597, 0x8494, 0x54D6, 0x54F7, 0x54F7, 0x54F7,
  0x6434, 0x3948, 0x624A, 0xB4B3, 0x728B, 0x7229, 0xAC0E, 0xB44E,
  0xCCF0, 0xA3EE, 0x7ACC, 0xA431, 0x7AEC, 0xF676, 0xFE76, 0xF696,
  0xAC2F, 0xA410, 0xB4B2, 0xB4B2, 0xB4B2, 0xB4B2, 0xB4B2, 0xB4B2,
  0xB4B2, 0xB4B2, 0xB4B2, 0xBCB2, 0xBCB2, 0xD513, 0xDD75, 0xF73A,
  0xF73A, 0xEDF6, 0xCACC, 0xD28B, 0xD28B, 0xD28B, 0xD2AB, 0xD2AB,
  0xD2AB, 0xD2AB, 0xD2AB, 0xD2AB, 0xD2AB, 0xD2AB, 0xD28B, 0xD28C,
  0xCAEC, 0xEE37, 0xFF7B, 0xFF7B, 0xFF9B, 0xFF9B, 0xFF9B, 0xFF9B,
  0xFF9B, 0xFF9B, 0xFF9B, 0xFF9B, 0xFF9B, 0xFF9B, 0xFF9B, 0xFF7B,
  0xFF7B, 0xFF7B, 0xFF9C, 0xDE79, 0x7249, 0xE5B4, 0xFE95, 0xFE75,
  0xFE75, 0xFE75, 0xF676, 0xDD94, 0xBD12, 0xC532, 0xD5F6, 0xEED9,
  0xFF5B, 0xFF7B, 0xFF7B, 0xFF9B, 0xFF7B, 0xFF7B, 0xFF7B, 0xFF7B,
  0xFF7B, 0xFF7B, 0xFF7B, 0xFF7B, 0xFF7B, 0xFF7B, 0xFF7B, 0xFF7B,
  0xFF7B, 0xFF9B, 0xFF9B, 0xFF9B, 0xFF9B, 0xFF9B, 0xFF9B, 0xFF9B,
  0xFF9B, 0xFF9B, 0xFF9B, 0xFF9B, 0xFF7B, 0xFF7B, 0xFF7B, 0xFF7B,
  0xFF7B, 0xFF7B, 0xFF7B, 0xFF7B, 0xFF7B, 0xFF9B, 0xFF9B, 0xFF7B,
  0xF77B, 0xC555, 0x938E, 0xCD95, 0xFF7A, 0xFF7B, 0xFF7B, 0xFF7B,
  0xFF9B, 0xFF9B, 0xFF9B, 0xFF7B, 0xFEF9, 0xC2CB, 0xD28B, 0xDA8B,
  0xDAAB, 0xD2AB, 0xD2AB, 0xD2AB, 0xD2AB, 0xD2AB, 0xD28B, 0xD28B,
  0xCAAB, 0xE5B6, 0xFF7B, 0xF73A, 0xF73B, 0xFF7C, 0xFF7B, 0xFF7B,
  0xFF7B, 0xFF7B, 0xFF7B, 0xEF1B, 0xA4F3, 0x5ACC, 0x6431, 0x85B7,
  0x85F8, 0x7DF7, 0x7DF7, 0x7E18, 0x7E18, 0x7E17, 0x7E18, 0x7DF8,
  0x7E18, 0x7E18, 0x7E18, 0x7E18, 0x7E18, 0x7E18, 0x7E18, 0x7DD7,
  0x85D7, 0x7D56, 0x6C12, 0x524A, 0x7AAA, 0xE5B3, 0xFE76, 0xF675,
  0xCD52, 0x6A4A, 0x59A8, 0x8B0C, 0xFE76, 0xFE95, 0xFE95, 0xFE75,
  0xFE75, 0xFE95, 0xFE95, 0xFE95, 0xFE95, 0xFE95, 0xFE95, 0xFE95,
  0xFE95, 0xFE95, 0xFE95, 0xFE95, 0xFE95, 0xFE95, 0xFE95, 0xFE95,
  0xFE95, 0xFE95, 0xDD0F, 0x71E8, 0x6188, 0x8A0A, 0x8A09, 0x8A09,
  0x8A09, 0x8A09, 0x8A09, 0x8A4A, 0xCDB6, 0xFFFE, 0xFFBE, 0xC596,
  0xEDF6, 0xF6F9, 0xFF9B, 0xF79B, 0xF79B, 0xFF9B, 0xFF9B, 0xFF9B,
  0xF79B, 0xE77C, 0x95D8, 0x5CF6, 0x54F7, 0x54F7, 0x54F7, 0x54F7,
  0x4B71, 0x3948, 0x834E, 0x93D0, 0x61E9, 0x5166, 0xDDB4, 0xF655,
  0xFE75, 0xBCD1, 0x7B0D, 0xAC92, 0x728A, 0xF656, 0xFE75, 0xF675,
  0xB470, 0x9BCF, 0xB4D2, 0xB4B1, 0xB4B1, 0xB4B2, 0xB4B2, 0xB4B2,
  0xB4B2, 0xB4B2, 0xB4B2, 0xBCB2, 0xBCB2, 0xD513, 0xE5F6, 0xF75B,
  0xF75A, 0xF6F9, 0xCBAF, 0xD2AB, 0xD28B, 0xD28B, 0xDA8B, 0xD28B,
  0xD28B, 0xD2AB, 0xD2AB, 0xD2AB, 0xD2AB, 0xD2AB, 0xD28B, 0xDA8B,
  0xD2AC, 0xDC92, 0xFF5A, 0xFF7B, 0xFF9B, 0xFF9B, 0xFF9B, 0xFF9B,
  0xFF9B, 0xFF9B, 0xFF9B, 0xFF9B, 0xFF9B, 0xFF9B, 0xFF9B, 0xFF7B,
  0xFF7B, 0xFF7B, 0xFF9C, 0xF77D, 0x72AB, 0xBC90, 0xFE75, 0xFE95,
  0xFE75, 0xF676, 0xC4D2, 0x7ACA, 0xDE17, 0xF73A, 0xFF5B, 0xFF7B,
  0xFF7B, 0xFF7B, 0xFF7B, 0xFF7B, 0xFF7B, 0xFF7B, 0xFF7B, 0xFF7B,
  0xFF7B, 0xFF7B, 0xFF7B, 0xFF7B, 0xFF7B, 0xFF7B, 0xFF7B, 0xFF7B,
  0xFF7B, 0xFF9B, 0xFF9B, 0xFF9B, 0xFF9B, 0xFF9B, 0xFF9B, 0xFF9B,
  0xFF9B, 0xFF9B, 0xFF9B, 0xFF9B, 0xFF7B, 0xFF7B, 0xFF7B, 0xFF7B,
  0xFF7B, 0xFF7B, 0xFF7B, 0xFF7B, 0xFF7B, 0xFF7B, 0xFF7B, 0xFF7B,
  0xF77B, 0xD618, 0x830D, 0xD5D6, 0xFF7B, 0xFF7B, 0xFF7B, 0xFF7B,
  0xFF9B, 0xFF9B, 0xFF9B, 0xFF7B, 0xFED9, 0xC2CB, 0xD28B, 0xD28B,
  0xDAAB, 0xD2AB, 0xD2AB, 0xD2AB, 0xD2AB, 0xD2AB, 0xD28B, 0xD28B,
  0xCAAB, 0xEE37, 0xF75B, 0x8BCE, 0x734C, 0x9C91, 0xF73B, 0xFF7B,
  0xFF7A, 0xFF7B, 0xF75C, 0x9451, 0x52EC, 0x74D3, 0x7DF7, 0x7DF8,
  0x7E18, 0x7DF8, 0x7576, 0x7DF8, 0x7E18, 0x7E18, 0x7DF7, 0x7DF7,
  0x7E18, 0x7E18, 0x7E18, 0x7E18, 0x7E18, 0x7E18, 0x7DF8, 0x75B7,
  0x7596, 0x7DF8, 0x85F8, 0x74F4, 0x4A8A, 0x93CE, 0xF636, 0xF656,
  0x936D, 0x4927, 0x4928, 0x6209, 0xFE97, 0xFE96, 0xFE76, 0xFE75,
  0xFE75, 0xFE95, 0xFE95, 0xFE95, 0xFE95, 0xFE95, 0xFE95, 0xFE95,
  0xFE95, 0xFE95, 0xFE95, 0xFE95, 0xFE95, 0xFE95, 0xFE95, 0xFE95,
  0xFE95, 0xFE95, 0xE570, 0x7A28, 0x5947, 0x820A, 0x8A09, 0x8A09,
  0x8A09, 0x8A09, 0x8A09, 0x7A2A, 0xD5F7, 0xF7DE, 0xFFDE, 0xDE79,
  0xFF7B, 0xFF9B, 0xFF7B, 0xF79B, 0xF79B, 0xFF9B, 0xFF9B, 0xF79B,
  0xEF9C, 0xA659, 0x6557, 0x5538, 0x54F7, 0x54F7, 0x54F7, 0x54F6,
  0x3AAE, 0x4169, 0x72CD, 0x59A8, 0x6A08, 0x6A48, 0xCD32, 0xFE95,
  0xFE95, 0xC4F2, 0x6209, 0xAC92, 0x7ACC, 0xDDB4, 0xF696, 0xF695,
  0xC4F1, 0x936E, 0xB4B2, 0xB4B2, 0xB4B2, 0xB4B2, 0xBCB2, 0xB4B2,
  0xB4B2, 0xB4B2, 0xB4B2, 0xBCB2, 0xC4B2, 0xD513, 0xE657, 0xFF7B,
  0xFF5B, 0xF73A, 0xEE17, 0xCACC, 0xD28B, 0xD28C, 0xDA8B, 0xD28B,
  0xD28B, 0xD2AB, 0xD2AB, 0xD2AB, 0xD2AB, 0xD2AB, 0xD28B, 0xDA8B,
  0xD28B, 0xCB4D, 0xF657, 0xFF9B, 0xFF7B, 0xFF7B, 0xFF7B, 0xFF9B,
  0xFF9B, 0xFF9B, 0xFF9B, 0xFF9B, 0xFF9B, 0xFF9B, 0xFF9B, 0xFF9B,
  0xFF9B, 0xFF7B, 0xFF7B, 0xFF9D, 0xACB3, 0x8B2C, 0xFE76, 0xFE75,
  0xF675, 0xDDB5, 0x6A29, 0x93AE, 0xFF3B, 0xFF7B, 0xFF7B, 0xFF7B,
  0xFF7B, 0xFF7B, 0xFF9B, 0xFF7B, 0xFF7B, 0xFF7B, 0xFF7B, 0xFF9B,
  0xFF7B, 0xFF7B, 0xFF7B, 0xFF7B, 0xFF7B, 0xFF7B, 0xFF7B, 0xFF7B,
  0xFF7B, 0xFF7B, 0xFF7B, 0xFF9B, 0xFF9B, 0xFF9B, 0xFF9B, 0xFF9B,
  0xFF9B, 0xFF9B, 0xFF7B, 0xFF7B, 0xFF7B, 0xFF7B, 0xFF7B, 0xFF9B,
  0xFF9B, 0xFF9B, 0xFF7B, 0xFF7B, 0xFF7B, 0xFF7B, 0xFF7B, 0xFF7B,
  0xFF7B, 0xDE79, 0x72AB, 0xD5D7, 0xFF7B, 0xFF7B, 0xFF7B, 0xFF7B,
  0xFF9B, 0xFF9B, 0xFF9B, 0xFF7B, 0xF6B8, 0xCAAB, 0xD28B, 0xD28B,
  0xDAAB, 0xDAAC, 0xDAAC, 0xD2AB, 0xD2AB, 0xD2AB, 0xD28C, 0xD28B,
  0xC2CB, 0xF658, 0xEF1A, 0x49E8, 0x9490, 0x5249, 0xD638, 0xFF7B,
  0xFF7B, 0xFF7C, 0xA4B3, 0x4A8A, 0x7D35, 0x7DF7, 0x7E18, 0x7E18,
  0x7DF8, 0x7DD7, 0x64F4, 0x7DF7, 0x7E18, 0x7DF8, 0x7DF7, 0x7E18,
  0x7E18, 0x7E18, 0x7E18, 0x7E18, 0x7E18, 0x7E18, 0x7E18, 0x7E18,
  0x7596, 0x7DB7, 0x7DF8, 0x7DF7, 0x7D15, 0x4A2A, 0xC513, 0xEE17,
  0x6A4A, 0x4928, 0x4928, 0x6A49, 0xF696, 0xFE76, 0xFE76, 0xFE95,
  0xFE95, 0xFE95, 0xFE95, 0xFE95, 0xFE95, 0xFE95, 0xFE95, 0xFE95,
  0xFE95, 0xFE95, 0xFE95, 0xFE95, 0xFE95, 0xFE95, 0xFE95, 0xFE95,
  0xFE95, 0xFE95, 0xEDB2, 0x92A9, 0x4906, 0x79E9, 0x8A09, 0x8A09,
  0x8A09, 0x8A0A, 0x8A4A, 0x6167, 0xD639, 0xFFDE, 0xFFBD, 0xEF3B,
  0xF77B, 0xF77B, 0xFF9B, 0xFF9B, 0xFF9B, 0xFF9B, 0xF79B, 0xF7BB,
  0xC71B, 0x6557, 0x5558, 0x5558, 0x4D17, 0x5517, 0x54F7, 0x54B6,
  0x424C, 0x3927, 0x40E6, 0x61C7, 0xABEE, 0x8B0B, 0xB470, 0xFE96,
  0xFE75, 0xD573, 0x4105, 0x726A, 0x830D, 0xBCD1, 0xF697, 0xF676,
  0xD574, 0x7AEC, 0xB4B2, 0xBCB2, 0xB4B2, 0xB4B2, 0xB4B2, 0xB4B2,
  0xB4B2, 0xB4B2, 0xB4B2, 0xBCB2, 0xC4B2, 0xD514, 0xEE98, 0xFF7B,
  0xFF5B, 0xF75A, 0xFF3A, 0xD3EF, 0xD2AC, 0xD28B, 0xD2AB, 0xD2AB,
  0xD2AB, 0xD2AB, 0xD2AB, 0xD2AB, 0xD2AB, 0xD2AB, 0xD28B, 0xD28B,
  0xD2AB, 0xCAAC, 0xDCB2, 0xFF5B, 0xFF7B, 0xFF7B, 0xFF7B, 0xFF7B,
  0xFF7B, 0xFF9B, 0xFF9B, 0xFF9B, 0xFF9B, 0xFF9B, 0xFF9B, 0xFF9B,
  0xFF7B, 0xFF7B, 0xFF7B, 0xFF9D, 0xDE9A, 0x72AB, 0xEE16, 0xFE75,
  0xF656, 0x8B0C, 0x7A8A, 0xC534, 0xF71A, 0xFF7B, 0xFF7B, 0xFF7B,
  0xFF9B, 0xFF9B, 0xFF9B, 0xFF9B, 0xFF9B, 0xFF9B, 0xFF7B, 0xFF7B,
  0xFF7B, 0xFF7B, 0xFF7B, 0xFF7B, 0xFF7B, 0xFF7B, 0xFF7B, 0xFF7B,
  0xFF7B, 0xFF9B, 0xFF9B, 0xFF9B, 0xFF7B, 0xFF7B, 0xFF7B, 0xFF7B,
  0xFF7B, 0xFF7B, 0xFF7B, 0xFF7B, 0xFF7B, 0xFF7B, 0xFF7B, 0xFF7B,
  0xFF7B, 0xFF7B, 0xFF7B, 0xFF7B, 0xFF7B, 0xFF7B, 0xFF7B, 0xFF7B,
  0xFF7B, 0xE699, 0x6A4A, 0xDE17, 0xFF7B, 0xFF7B, 0xFF7B, 0xFF7B,
  0xFF9B, 0xFF9B, 0xFF9B, 0xFF7B, 0xEE37, 0xCAAB, 0xD28B, 0xD28B,
  0xDAAB, 0xDAAC, 0xDAAC, 0xD2AB, 0xD2AB, 0xD2AB, 0xD28C, 0xD28B,
  0xC2EC, 0xEE38, 0xE699, 0x5208, 0xB5F5, 0x62AA, 0xDE79, 0xF77B,
  0xF77B, 0xDE59, 0x39A8, 0x74D3, 0x85F7, 0x7DF8, 0x7DF8, 0x75F7,
  0x7E18, 0x6CF4, 0x6D35, 0x7DF7, 0x7DF7, 0x7DF8, 0x6514, 0x7E17,
  0x7E18, 0x7E17, 0x7E18, 0x7E18, 0x7E18, 0x7E18, 0x7E18, 0x7E18,
  0x7DF7, 0x7576, 0x7DF8, 0x7E18, 0x85D8, 0x6C32, 0x626A, 0xCD15,
  0x4127, 0x4909, 0x4108, 0x7AEC, 0xF676, 0xFE75, 0xFE95, 0xFE95,
  0xFE95, 0xFE95, 0xFE95, 0xFE95, 0xFE95, 0xFE95, 0xFE95, 0xFE95,
  0xFE95, 0xFE95, 0xFE95, 0xFE95, 0xFE95, 0xFE95, 0xFE95, 0xFE95,
  0xFE95, 0xFE95, 0xF5F3, 0xAB6C, 0x5106, 0x71C9, 0x8A09, 0x8A09,
  0x8A09, 0x8A09, 0x79E9, 0x59A8, 0xEF3C, 0xFFDD, 0xF79C, 0xF77C,
  0xFF9B, 0xFF9B, 0xFFBC, 0xFF9B, 0xFF9B, 0xFF9B, 0xF7BC, 0xDF7C,
  0x85F9, 0x5D58, 0x5558, 0x5558, 0x5538, 0x5517, 0x54B6, 0x4310,
  0x3949, 0x4147, 0x724A, 0xB40F, 0xB40E, 0x932B, 0x9BAD, 0xFE96,
  0xFE75, 0xE5B4, 0x59A7, 0x82CB, 0x59A7, 0x93AD, 0xE636, 0xE656,
  0xDE16, 0x72AB, 0xA450, 0xB4B2, 0xB4B2, 0xB4B2, 0xB4B2, 0xB4B2,
  0xB4B2, 0xB4B2, 0xB4B2, 0xB4B2, 0xC4B2, 0xD513, 0xEEB9, 0xFF5B,
  0xFF7B, 0xFF7B, 0xF77B, 0xE574, 0xCACC, 0xD28C, 0xD2AB, 0xD2AB,
  0xD2AB, 0xD2AB, 0xD2AB, 0xD2AB, 0xD2AB, 0xD2AB, 0xD28B, 0xD28B,
  0xD2AB, 0xD28C, 0xCB0D, 0xF637, 0xFF7B, 0xFF7B, 0xFF7B, 0xFF7B,
  0xFF7B, 0xFF9B, 0xFF9B, 0xFF9B, 0xFF9B, 0xFF9B, 0xFF9B, 0xFF9B,
  0xFF7B, 0xFF7B, 0xFF7B, 0xFF9C, 0xF75C, 0x93AF, 0xC4D2, 0xF656,
  0xB490, 0x7229, 0xB431, 0xC4F3, 0xEE99, 0xFF7B, 0xFF7B, 0xFF7B,
  0xFF9B, 0xFF9B, 0xFF9B, 0xFF9B, 0xFF9B, 0xFF9B, 0xFF9B, 0xFF9B,
  0xFF7B, 0xFF7B, 0xFF7B, 0xFF7B, 0xFF7B, 0xFF7B, 0xFF9B, 0xFF7B,
  0xFF7B, 0xFF9B, 0xFF9B, 0xFF9B, 0xFF7B, 0xFF5B, 0xFF3A, 0xFF3A,
  0xFF1A, 0xF6F9, 0xFF1A, 0xF6F9, 0xF6D9, 0xF6B8, 0xF6F9, 0xFF3A,
  0xFF3A, 0xFF3A, 0xFF5B, 0xFF7B, 0xFF7B, 0xFF7B, 0xFF7B, 0xFF7B,
  0xF77B, 0xEEFA, 0x72AB, 0xD5F7, 0xFF7B, 0xFF7B, 0xFF7B, 0xFF7B,
  0xFF9B, 0xFF9B, 0xFF9B, 0xFF7B, 0xE5F6, 0xCAAC, 0xD28B, 0xD28B,
  0xD28B, 0xD2AB, 0xD2AB, 0xD2AB, 0xD2AB, 0xD28B, 0xD28C, 0xCA6B,
  0x8209, 0x6ACB, 0xACD3, 0x4A28, 0xB615, 0x4A08, 0x62AA, 0xCE37,
  0xEF3B, 0x83F0, 0x6411, 0x7DF7, 0x7E17, 0x7E18, 0x7DF8, 0x7E18,
  0x7E17, 0x53F0, 0x7DD7, 0x7E18, 0x7DF7, 0x6CF4, 0x7535, 0x7DF8,
  0x7DF7, 0x7E17, 0x7E18, 0x7E18, 0x7E18, 0x7E18, 0x7E18, 0x7E18,
  0x7E18, 0x7596, 0x7596, 0x7E18, 0x7E18, 0x8596, 0x4A6B, 0x59EA,
  0x4107, 0x4909, 0x4107, 0x7AEB, 0xFE76, 0xFE75, 0xFE95, 0xFE95,
  0xFE96, 0xFE95, 0xFE95, 0xFE95, 0xFE95, 0xFE95, 0xFE95, 0xFE95,
  0xFE95, 0xFE95, 0xFE95, 0xFE95, 0xFE95, 0xFE95, 0xFE95, 0xFE95,
  0xFE95, 0xFE95, 0xF613, 0xC3ED, 0x5968, 0x69A8, 0x8A09, 0x8A09,
  0x8A09, 0x8A29, 0x79E9, 0x6A6B, 0xF77D, 0xFF9C, 0xFF7B, 0xF77B,
  0xFF9B, 0xFF9B, 0xFF9B, 0xFF9B, 0xFF9B, 0xFF9B, 0xF79C, 0xB69A,
  0x6557, 0x5D58, 0x5558, 0x5558, 0x5D38, 0x54B6, 0x42EF, 0x3169,
  0x3927, 0x6A29, 0xABCD, 0xBC0D, 0xBC0E, 0x9B8D, 0x8B2C, 0xF676,
  0xF675, 0xEE15, 0x5965, 0xABEE, 0x82CB, 0x938D, 0xEEF9, 0xEEF9,
  0xF699, 0x9B2D, 0x828A, 0x938E, 0xB4B2, 0xB4B2, 0xBCB2, 0xB4B2,
  0xB4B2, 0xB4B2, 0xB4B2, 0xB4B2, 0xBCB2, 0xD513, 0xEE98, 0xFF7B,
  0xFF7B, 0xFF7B, 0xF77B, 0xF6B8, 0xD3AF, 0xD28C, 0xD28B, 0xD2AB,
  0xD2AB, 0xD2AB, 0xD2AB, 0xD2AB, 0xD2AB, 0xD2AB, 0xDA8B, 0xD28B,
  0xD2AC, 0xD28C, 0xD28C, 0xD410, 0xF71A, 0xFF7B, 0xFF7B, 0xFF7B,
  0xFF7B, 0xFF7B, 0xFF9B, 0xFF9B, 0xFF9B, 0xFF9B, 0xFF9B, 0xFF9B,
  0xFF7B, 0xFF7B, 0xFF7B, 0xFF7B, 0xFF9D, 0xBD56, 0x7A8B, 0xDD94,
  0x82AA, 0xA3AF, 0xC4B3, 0xBCB2, 0xDDF6, 0xFF5B, 0xFF7B, 0xFF7B,
  0xFF9B, 0xFF9B, 0xFF9B, 0xFF9B, 0xFF9B, 0xFF9B, 0xFF9B, 0xFF7B,
  0xFF7B, 0xFF7B, 0xFF7B, 0xFF7B, 0xFF7B, 0xFF7B, 0xFF7B, 0xFF5A,
  0xFF1A, 0xF6D9, 0xEE77, 0xEE16, 0xE574, 0xE554, 0xE513, 0xE4F3,
  0xDC92, 0xDC71, 0xDC92, 0xDC71, 0xD410, 0xDC30, 0xDC72, 0xE4D3,
  0xDCD2, 0xDCF3, 0xE534, 0xE5B5, 0xEDF6, 0xEE77, 0xF6D9, 0xFF3A,
  0xF77A, 0xF73A, 0x7B0C, 0xC596, 0xFF7B, 0xFF7B, 0xFF7B, 0xFF7B,
  0xFF9B, 0xFF9B, 0xFF9B, 0xFF7B, 0xE5B5, 0xD2AC, 0xD28B, 0xD28B,
  0xD28B, 0xD2AB, 0xD2AB, 0xD2AB, 0xD2AB, 0xD28B, 0xD2AC, 0xC28B,
  0x7209, 0x9C91, 0x6B0C, 0x5289, 0xB614, 0x39C6, 0x6ACB, 0xD637,
  0xD678, 0x5B4E, 0x85B7, 0x7DF7, 0x7E18, 0x7E18, 0x7E18, 0x7618,
  0x7D96, 0x5BD0, 0x85F8, 0x7E18, 0x7DB6, 0x6C30, 0x8575, 0x85F8,
  0x7DF8, 0x7E18, 0x7E18, 0x7E18, 0x7E18, 0x7E18, 0x7E18, 0x7E18,
  0x7E18, 0x7DF8, 0x6D55, 0x7E18, 0x7E18, 0x85F7, 0x63D0, 0x3927,
  0x4928, 0x4128, 0x4A0A, 0x6AAA, 0xEE56, 0xFE76, 0xFE95, 0xFE95,
  0xFE76, 0xFE95, 0xFE95, 0xFE95, 0xFE95, 0xFE95, 0xFE95, 0xFE95,
  0xFE95, 0xFE95, 0xFE95, 0xFE95, 0xFE95, 0xFE95, 0xFE95, 0xFE95,
  0xFE95, 0xFE95, 0xF634, 0xCC0E, 0x71C9, 0x5968, 0x8A2A, 0x8A0A,
  0x8A09, 0x8A29, 0x71E9, 0x93D0, 0xFFBD, 0xFF7B, 0xFF7B, 0xFF7B,
  0xFF9B, 0xFF9B, 0xFF9B, 0xFF9B, 0xFF9B, 0xFF9B, 0xDF5C, 0x7D97,
  0x5558, 0x5558, 0x5558, 0x5558, 0x6517, 0x4330, 0x3169, 0x4968,
  0x6229, 0xABAD, 0xBC0D, 0xBC0C, 0xBC0D, 0xABEE, 0x7A89, 0xD5B3,
  0xD5B3, 0xBD11, 0x5165, 0xB40E, 0xABCE, 0x7249, 0xC491, 0xC471,
  0xC38F, 0xBAED, 0x9AAB, 0x7B0C, 0x830C, 0xB492, 0xB492, 0xB4B2,
  0xB4B2, 0xB4B2, 0xB4B2, 0xB4B2, 0xBCB2, 0xD513, 0xEE78, 0xFF7B,
  0xFF7B, 0xFF7B, 0xFF7B, 0xFF5B, 0xDCF2, 0xCAAC, 0xD28B, 0xD28B,
  0xD28B, 0xD2AB, 0xD2AB, 0xD2AB, 0xD2AB, 0xD2AB, 0xDA8B, 0xD28B,
  0xD28B, 0xD28B, 0xD28B, 0xCAEC, 0xEE16, 0xF77B, 0xFF7B, 0xFF7B,
  0xFF7B, 0xFF7B, 0xFF9B, 0xFF9B, 0xFF9B, 0xFF9B, 0xFF9B, 0xFF7B,
  0xFF7B, 0xFF7B, 0xFF7B, 0xFF9B, 0xF79C, 0xEEFB, 0x6229, 0x9BAF,
  0xA3CF, 0xC4B2, 0xC4D2, 0xC4D2, 0xCD54, 0xFF3B, 0xFF7B, 0xFF7B,
  0xFF9B, 0xFF9B, 0xFF9B, 0xFF9B, 0xFF9B, 0xFF7B, 0xFF7B, 0xFF7B,
  0xFF7B, 0xFF7B, 0xFF7B, 0xFF7B, 0xFF3A, 0xF698, 0xE5B5, 0xDCF3,
  0xD430, 0xDBF0, 0xD38E, 0xCB4D, 0xCB0D, 0xD2ED, 0xCACC, 0xD2CC,
  0xCAAC, 0xCAAB, 0xD2AC, 0xD2AC, 0xD2AC, 0xD2AC, 0xD2AC, 0xD2AC,
  0xCAAC, 0xCAAC, 0xD2AC, 0xD30D, 0xD34D, 0xD38E, 0xCBAE, 0xD451,
  0xDD54, 0xE617, 0x830D, 0xBD55, 0xFF7B, 0xFF7B, 0xFF7B, 0xFF7B,
  0xFF9B, 0xFF9B, 0xFF9B, 0xFF5B, 0xDD13, 0xD2AC, 0xD28B, 0xD28B,
  0xD28B, 0xD2AB, 0xD2AB, 0xD2AB, 0xD2AB, 0xD28B, 0xD2AB, 0xCA8C,
  0x8A09, 0x83EF, 0x630B, 0x630A, 0xA5D3, 0x7BCE, 0x734D, 0xDE99,
  0x9CD3, 0x6431, 0x7D97, 0x7596, 0x7E18, 0x7E18, 0x7E18, 0x7DD7,
  0x6C71, 0x6410, 0x7DF7, 0x7DF8, 0x7D14, 0x9CF2, 0x8470, 0x85F7,
  0x7DF8, 0x7E18, 0x7E18, 0x7E18, 0x7E18, 0x7E18, 0x7E18, 0x7E18,
  0x7DF8, 0x7E18, 0x7DF7, 0x7E18, 0x7E18, 0x7DF8, 0x7D35, 0x3948,
  0x4908, 0x41A9, 0x84D4, 0x73F0, 0x9C2F, 0xF676, 0xFE95, 0xFE95,
  0xFE75, 0xFE95, 0xFE95, 0xFE95, 0xFE95, 0xFE95, 0xFE95, 0xFE95,
  0xFE95, 0xFE95, 0xFE95, 0xFE95, 0xFE95, 0xFE95, 0xFE95, 0xFE95,
  0xFE95, 0xFE95, 0xF634, 0xCC2E, 0x8A6B, 0x5967, 0x822A, 0x8A09,
  0x8A09, 0x8229, 0x69C9, 0xC555, 0xF77C, 0xFF7B, 0xFF7B, 0xFF7B,
  0xFF9B, 0xFF9B, 0xFF9B, 0xFF9B, 0xFF9B, 0xF79C, 0xAE9A, 0x5D57,
  0x5558, 0x5558, 0x5D58, 0x5D58, 0x4B71, 0x3169, 0x4107, 0x7249,
  0xABCD, 0xBC0D, 0xBBED, 0xBC0C, 0xBC2D, 0xB40E, 0x7AAA, 0xD5F6,
  0xD616, 0xE699, 0x6A69, 0xB40D, 0xB40E, 0x79C7, 0xBAAC, 0xCA8C,
  0xD2AC, 0xCAAC, 0xBBD0, 0xE69A, 0x832D, 0xA410, 0xB4B2, 0xB4B2,
  0xB4B2, 0xB4B2, 0xB4B2, 0xB4B2, 0xBCB2, 0xD513, 0xE637, 0xFF7B,
  0xFF7B, 0xFF7B, 0xFF7B, 0xFF5B, 0xF6D9, 0xD36E, 0xD28B, 0xD28B,
  0xD28B, 0xD2AB, 0xD2AB, 0xD2AB, 0xD2AB, 0xD2AB, 0xD28B, 0xD28B,
  0xD28B, 0xD2AB, 0xD28B, 0xD2AC, 0xD4B2, 0xFF7B, 0xFF7B, 0xFF7B,
  0xFF7B, 0xFF7B, 0xFF9B, 0xFF9B, 0xFF9B, 0xFF9B, 0xFF9B, 0xFF7B,
  0xFF7B, 0xFF7B, 0xFF7B, 0xFF9B, 0xF79B, 0xFFBD, 0x93D0, 0x6A0A,
  0xBCB3, 0xC4D2, 0xCCD2, 0xC4D2, 0xBCB2, 0xF71A, 0xFF7B, 0xFF7B,
  0xFF9B, 0xFF9B, 0xFF9B, 0xFF9B, 0xFF9B, 0xFF7B, 0xFF7B, 0xFF7B,
  0xFF5B, 0xFF1A, 0xEDF6, 0xDD13, 0xE4F3, 0xCB8E, 0xD30D, 0xD2CC,
  0xCAAB, 0xD28B, 0xD28B, 0xD28B, 0xD2AC, 0xD2AC, 0xD2AC, 0xD2AB,
  0xD28B, 0xD28B, 0xD26B, 0xD28B, 0xD2AB, 0xD2AB, 0xD28B, 0xD28B,
  0xD28B, 0xD28B, 0xD28B, 0xD28B, 0xD28B, 0xD28B, 0xD28B, 0xD2AC,
  0xD2ED, 0xCB6E, 0x824B, 0xB4D3, 0xFF7B, 0xFF7B, 0xFF7B, 0xFF7B,
  0xFF9B, 0xFF9B, 0xFF9B, 0xFF5B, 0xDCD2, 0xCA8B, 0xD28B, 0xD28B,
  0xDA8B, 0xD2AB, 0xD2AB, 0xD2AB, 0xD2AB, 0xD28B, 0xD28B, 0xD28B,
  0xC3AF, 0x62A9, 0x8C4F, 0x73ED, 0xAE13, 0xA574, 0x7B6D, 0xEEFB,
  0x62EC, 0x8535, 0x64B3, 0x7DB7, 0x7E18, 0x7E17, 0x85F7, 0x7D34,
  0x8C72, 0x7D14, 0x7E17, 0x85F7, 0x740F, 0xE636, 0xDE36, 0x7CF3,
  0x7DF7, 0x7E18, 0x7E18, 0x7E18, 0x7E18, 0x7E18, 0x7E18, 0x7E18,
  0x7E18, 0x7E18, 0x7E18, 0x7E18, 0x7E18, 0x7DF8, 0x7D35, 0x3928,
  0x4908, 0x52CD, 0x85D7, 0x85B6, 0x5B0C, 0xDDB4, 0xFE96, 0xFE95,
  0xFE95, 0xFE95, 0xFE95, 0xFE95, 0xFE95, 0xFE95, 0xFE95, 0xFE95,
  0xFE95, 0xFE95, 0xFE95, 0xFE95, 0xFE95, 0xFE95, 0xFE95, 0xFE95,
  0xFE95, 0xFE95, 0xF654, 0xCC2D, 0x9AAC, 0x5968, 0x7A0A, 0x8A09,
  0x8209, 0x79E9, 0x6229, 0xF71B, 0xFF7B, 0xFF7B, 0xFF7B, 0xF77B,
  0xFF9B, 0xFF9B, 0xFF9B, 0xFF9B, 0xFF9B, 0xE77C, 0x85F9, 0x5558,
  0x4D58, 0x5558, 0x5D58, 0x5C75, 0x2969, 0x4127, 0x59A7, 0xB40E,
  0xBC2D, 0xBC0C, 0xBC0D, 0xBC0C, 0xBC2D, 0xB40E, 0x7A49, 0xD4F3,
  0xDD95, 0xCD14, 0x7209, 0xA3AD, 0xB40E, 0x8A69, 0xB26B, 0xD28C,
  0xD28C, 0xC2AC, 0xD555, 0xF73C, 0x93AF, 0xA410, 0xB4B2, 0xB4B1,
  0xB4B2, 0xB4B2, 0xB4B2, 0xB4B2, 0xBCB2, 0xD513, 0xE5F6, 0xFF7B,
  0xFF7B, 0xFF7B, 0xFF9B, 0xFF7B, 0xFF7B, 0xED75, 0xD2CC, 0xD28B,
  0xD2AB, 0xD28B, 0xD28B, 0xD28B, 0xD2AB, 0xD2AB, 0xD2AB, 0xD2AB,
  0xD2AB, 0xD2AB, 0xD2AB, 0xD2AB, 0xDBF0, 0xE616, 0xFF5B, 0xFF7B,
  0xFF7B, 0xFF7B, 0xFF7B, 0xFF7B, 0xFF7B, 0xFF9B, 0xFF9B, 0xFF9B,
  0xFF9B, 0xFF9B, 0xFF7B, 0xFF7B, 0xFF7B, 0xFFBC, 0xF75C, 0x7AAC,
  0xBC72, 0xC4D2, 0xC4B2, 0xC4B2, 0xBCB2, 0xDE17, 0xFF7B, 0xFF7B,
  0xFF7B, 0xFF7B, 0xFF7B, 0xFF7B, 0xFF5B, 0xFF3A, 0xF6B8, 0xF616,
  0xD471, 0xCB4D, 0xCACC, 0xD2CC, 0xD2AC, 0xD2AC, 0xD2AB, 0xD2AB,
  0xD28B, 0xD2AB, 0xD2AB, 0xD28B, 0xDAAC, 0xDAED, 0xD2AB, 0xD2AB,
  0xD28B, 0xD28B, 0xD2AB, 0xD28B, 0xD28B, 0xD2AB, 0xD2AB, 0xD2AB,
  0xD2AB, 0xD2AB, 0xD2AB, 0xD2AB, 0xD28B, 0xD28B, 0xD28B, 0xDAAC,
  0xD2AC, 0xCAAB, 0x91E9, 0xB4B3, 0xFF7B, 0xFF7B, 0xFF7B, 0xFF7B,
  0xFF9B, 0xFF9B, 0xFF9B, 0xFF5B, 0xDCB1, 0xD2AC, 0xD28B, 0xD28B,
  0xD28B, 0xD2AB, 0xD2AB, 0xD2AB, 0xD2AB, 0xD2AB, 0xD28B, 0xD28B,
  0xDC92, 0x838D, 0x8CB0, 0x9D71, 0xADF3, 0x8C4F, 0x9C91, 0xD67A,
  0x530D, 0x8D76, 0x4B6E, 0x7DD7, 0x7DF7, 0x7DF8, 0x85B6, 0x8471,
  0xB554, 0x8575, 0x7E17, 0x7D55, 0xA4B1, 0xF676, 0xF696, 0xA533,
  0x8596, 0x7DF7, 0x7E18, 0x7E18, 0x7E18, 0x7E18, 0x7E18, 0x7E18,
  0x7E18, 0x7E18, 0x7E18, 0x7E18, 0x7DF7, 0x7E18, 0x6CB3, 0x3928,
  0x4928, 0x6390, 0x7E17, 0x7E18, 0x7CD3, 0x9C50, 0xFE96, 0xFE95,
  0xFE95, 0xFE95, 0xFE95, 0xFE95, 0xFE95, 0xFE95, 0xFE95, 0xFE95,
  0xFE95, 0xFE95, 0xFE95, 0xFE95, 0xFE95, 0xFE95, 0xFE95, 0xFE95,
  0xFE95, 0xFE95, 0xF654, 0xDC6D, 0xA2AC, 0x69C9, 0x69EA, 0x9B4D,
  0x828B, 0x5988, 0x9C10, 0xFF7B, 0xFF7B, 0xFF7B, 0xFF7B, 0xF77B,
  0xFF9B, 0xFF9B, 0xFF9B, 0xFF9B, 0xF79B, 0xD73C, 0x6D78, 0x5558,
  0x5558, 0x5559, 0x5D17, 0x3A8E, 0x3128, 0x59C8, 0xABCE, 0xBC0D,
  0xBC0C, 0xBC0D, 0xBC0D, 0xBC0C, 0xBC0D, 0xB44F, 0x7A09, 0xA28C,
  0xAB0C, 0xAB4D, 0x8A6B, 0x92CB, 0xBC0E, 0xA34B, 0x8208, 0x9A49,
  0xA24A, 0x9A4B, 0xAC51, 0xAC72, 0x7AEC, 0xB492, 0xBCB2, 0xBCB2,
  0xB4B2, 0xB4B2, 0xB4B2, 0xB4B2, 0xBCB2, 0xCCF3, 0xE5D6, 0xFF5B,
  0xFF7B, 0xFF7B, 0xFF9B, 0xFF7B, 0xFF7B, 0xF698, 0xD38E, 0xD26B,
  0xD28B, 0xD28B, 0xD28B, 0xD28B, 0xD28B, 0xD2AB, 0xD2AB, 0xD2AB,
  0xD2AB, 0xD2AB, 0xD2AB, 0xD28B, 0xCAAC, 0xC36E, 0xF6B9, 0xFF7B,
  0xFF7B, 0xFF7B, 0xFF7B, 0xFF7B, 0xFF7B, 0xFF9B, 0xFF9B, 0xFF9B,
  0xFF9B, 0xFF9B, 0xFF7B, 0xFF7B, 0xFF7B, 0xF79C, 0xFFBE, 0x8B6F,
  0x9B8F, 0xC4B2, 0xC4B2, 0xC4D2, 0xC4D2, 0xB491, 0xEF1A, 0xF77B,
  0xFF7B, 0xFF5B, 0xF6F9, 0xEE77, 0xED95, 0xDC71, 0xCB6D, 0xC2CC,
  0xD2AB, 0xD28B, 0xDAAC, 0xD2AB, 0xD2AB, 0xD2AB, 0xDAAC, 0xD2AB,
  0xD28B, 0xD2AB, 0xD2AB, 0xD2AB, 0xD2AB, 0xD28B, 0xD28B, 0xD2AB,
  0xD2AB, 0xD2AB, 0xD2AB, 0xD2AB, 0xD2AB, 0xD2AB, 0xD2AB, 0xD2AB,
  0xD2AB, 0xD2AB, 0xD2AB, 0xD2AB, 0xD2AB, 0xD2AB, 0xD2AB, 0xD2AC,
  0xD2AC, 0xD28B, 0x91E9, 0x9BF0, 0xFF5B, 0xFF7B, 0xFF7B, 0xFF7B,
  0xFF9B, 0xFF9B, 0xFF9B, 0xFF7B, 0xDCB2, 0xD2AC, 0xDA8B, 0xD2AB,
  0xD2AB, 0xD2AB, 0xD2AB, 0xD2AB, 0xD2AB, 0xD2AB, 0xDAAB, 0xD28B,
  0xDCD2, 0xB534, 0x846F, 0xB654, 0xADD3, 0x5AA9, 0xDE58, 0x9472,
  0x7431, 0x5B6F, 0x3A6B, 0x85F7, 0x7E18, 0x85F8, 0x7CB3, 0xC5B5,
  0xA4B1, 0x8D96, 0x7DF7, 0x7471, 0xDE36, 0xF675, 0xFE76, 0xCDB5,
  0x84F3, 0x7DF7, 0x7E18, 0x7DF8, 0x7E18, 0x7E18, 0x7E18, 0x7E18,
  0x7E18, 0x7E18, 0x7E18, 0x7E18, 0x75D7, 0x7DF7, 0x6C93, 0x3948,
  0x4148, 0x6C11, 0x7E17, 0x7E18, 0x7D56, 0x83CF, 0xFE76, 0xFE95,
  0xFE75, 0xFE95, 0xFE95, 0xFE95, 0xFE95, 0xFE95, 0xFE95, 0xFE95,
  0xFE95, 0xFE95, 0xFE95, 0xFE95, 0xFE95, 0xFE95, 0xFE95, 0xFE95,
  0xFE95, 0xFE95, 0xF634, 0xDC6D, 0xA2CC, 0x824B, 0x59A9, 0xB472,
  0x9BAF, 0x59A8, 0xD5F7, 0xFF7B, 0xFF9B, 0xFF7B, 0xFF7B, 0xFF7B,
  0xFF7B, 0xFF7B, 0xFF9B, 0xFF9B, 0xF79C, 0xB6DB, 0x5D57, 0x5558,
  0x5558, 0x5559, 0x5455, 0x31CA, 0x4988, 0x8B0B, 0xBC2D, 0xBBEC,
  0xBC0D, 0xBC0D, 0xBC0D, 0xBC0D, 0xBC0D, 0xABED, 0x7249, 0xBC71,
  0xCD53, 0xD575, 0xB431, 0x8269, 0xB40D, 0xB40D, 0xA38C, 0x92C9,
  0x8A89, 0x7208, 0x6A28, 0x8B4D, 0xB472, 0xB4B2, 0xB4B2, 0xB4B2,
  0xB4B2, 0xB4B2, 0xB4B2, 0xB4B2, 0xBCB2, 0xCCD2, 0xDDB5, 0xF73A,
  0xFF7B, 0xFF7B, 0xFF9B, 0xFF7B, 0xFF5B, 0xFF5B, 0xDCF3, 0xD2CC,
  0xD28B, 0xD28B, 0xD28B, 0xD28B, 0xDA8B, 0xD28B, 0xD2AB, 0xD2AB,
  0xD2AB, 0xD2AB, 0xD2AB, 0xD2AB, 0xD28B, 0xCACC, 0xE534, 0xF75B,
  0xFF7B, 0xFF7B, 0xFF7B, 0xFF7B, 0xFF7B, 0xFF9B, 0xFF9B, 0xFF9B,
  0xFF9B, 0xFF9B, 0xFF7B, 0xFF7B, 0xFF7B, 0xFF7B, 0xFFBD, 0xBD76,
  0x726B, 0xC492, 0xC4D2, 0xC4D2, 0xC4D2, 0xBC91, 0xD5D6, 0xF77B,
  0xF6F9, 0xE595, 0xDC91, 0xD38E, 0xCACC, 0xD2AC, 0xD2AC, 0xD28B,
  0xD28B, 0xD28C, 0xD2AC, 0xD2AB, 0xD2AB, 0xD28B, 0xD2AB, 0xD2AB,
  0xD28B, 0xD2AB, 0xD2AB, 0xD2AB, 0xD2AB, 0xD28B, 0xD2AB, 0xD2AB,
  0xD2AB, 0xD2AB, 0xD2AB, 0xD2AB, 0xD2AB, 0xD2AB, 0xD2AB, 0xD2AB,
  0xD2AB, 0xD2AB, 0xD2AB, 0xD2AB, 0xD2AB, 0xD2AB, 0xD2AB, 0xD28B,
  0xD28B, 0xD2AB, 0x91EA, 0x8B4E, 0xFF7B, 0xFF7B, 0xFF7B, 0xFF7B,
  0xFF9B, 0xFF9B, 0xFF9B, 0xFF5A, 0xD450, 0xD2AC, 0xDA8B, 0xD2AB,
  0xD2AB, 0xD2AB, 0xD2AB, 0xD2AB, 0xD2AB, 0xD2AB, 0xD28B, 0xCAAC,
  0xE554, 0xC5D6, 0x842F, 0xB675, 0x9510, 0x62EA, 0xF75C, 0x7BAE,
  0x73F0, 0x52AC, 0x52ED, 0x85F8, 0x7E18, 0x8596, 0x8451, 0xBCF1,
  0x9C2E, 0x8D96, 0x7DB7, 0x8470, 0xF6B7, 0xFE75, 0xFE75, 0xF677,
  0xA4F2, 0x7D54, 0x7DF8, 0x7DF8, 0x7E18, 0x7E18, 0x7E18, 0x7E18,
  0x7E18, 0x7E18, 0x7E18, 0x7E18, 0x7DD7, 0x7596, 0x6C72, 0x4169,
  0x4149, 0x7CD4, 0x7DF7, 0x7E18, 0x7D97, 0x738E, 0xF677, 0xFE95,
  0xFE75, 0xFE95, 0xFE95, 0xFE95, 0xFE95, 0xFE95, 0xFE95, 0xFE95,
  0xFE95, 0xFE95, 0xFE95, 0xFE95, 0xFE95, 0xFE95, 0xFE95, 0xFE95,
  0xFE95, 0xFE95, 0xF633, 0xD46D, 0xA2CC, 0x92AD, 0x5147, 0xA411,
  0x7AAB, 0x72AB, 0xEEDA, 0xFF7B, 0xFF7B, 0xFF7B, 0xFF7B, 0xFF7B,
  0xFF7B, 0xFF7B, 0xFF9B, 0xFF9C, 0xEFBD, 0x8DF8, 0x5D58, 0x5558,
  0x5559, 0x5D39, 0x4B30, 0x41A8, 0x726A, 0xABED, 0xBC2C, 0xBC0C,
  0xBC0D, 0xBC0D, 0xBC0D, 0xBC2C, 0xBC0D, 0x9B8C, 0x8B8E, 0xF71B,
  0xFF7B, 0xF75B, 0xEEB9, 0x7AA9, 0xB40D, 0xBC0D, 0xBC0D, 0xBC0D,
  0xB3ED, 0xABCD, 0x7A89, 0xAC0F, 0xB492, 0xB4B2, 0xB492, 0xBCB2,
  0xB4B2, 0xB4B2, 0xB4B2, 0xB4B2, 0xB4B2, 0xC4B2, 0xDD54, 0xF71A,
  0xFF7B, 0xFF7B, 0xFF7B, 0xFF7B, 0xFF7B, 0xFF5B, 0xF698, 0xD3CF,
  0xD2AC, 0xD28B, 0xD28B, 0xD28B, 0xDA8B, 0xD28B, 0xD2AB, 0xD2AB,
  0xD2AB, 0xD2AB, 0xD2AB, 0xD28B, 0xD2AC, 0xD2AC, 0xD38E, 0xF6B9,
  0xFF7B, 0xFF7B, 0xFF7B, 0xFF7B, 0xFF7B, 0xFF9B, 0xFF9B, 0xFF9B,
  0xFF9B, 0xFF9B, 0xFF7B, 0xFF7B, 0xFF7B, 0xFF7B, 0xF77C, 0xEF1B,
  0x6A8B, 0xABF0, 0xC4B2, 0xC4D2, 0xC4B2, 0xCCB2, 0xCD33, 0xE5B6,
  0xD410, 0xCB0D, 0xD2AC, 0xD28B, 0xD28B, 0xD28B, 0xD28B, 0xD28B,
  0xD28B, 0xD28C, 0xD28B, 0xD2AB, 0xD2AB, 0xD28B, 0xD2AB, 0xD2AB,
  0xD2AB, 0xD2AB, 0xD2AB, 0xD28B, 0xD28B, 0xD28B, 0xD2AB, 0xD2AB,
  0xD2AB, 0xD2AB, 0xD2AB, 0xD2AB, 0xD2AB, 0xD2AB, 0xD2AB, 0xD2AB,
  0xD2AB, 0xD2AB, 0xD2AB, 0xD2AB, 0xD2AB, 0xD2AB, 0xD2AB, 0xD28B,
  0xD28B, 0xD2AB, 0x91E9, 0x82ED, 0xFF5B, 0xFF7B, 0xFF7B, 0xFF7B,
  0xFF9B, 0xFF9B, 0xFF9B, 0xF71A, 0xCBAF, 0xD2AC, 0xD28B, 0xD2AB,
  0xD2AB, 0xD2AB, 0xD2AB, 0xD2AB, 0xD2AB, 0xD2AB, 0xD28B, 0xD2EC,
  0xEE17, 0xDE78, 0x840E, 0xB654, 0x846E, 0xA4D2, 0xF73B, 0x840F,
  0x9CF3, 0x9452, 0x5B6F, 0x85F8, 0x7E18, 0x8554, 0xB513, 0xE5F5,
  0xC553, 0x8576, 0x8596, 0xB573, 0xFE75, 0xFE75, 0xEE14, 0xD552,
  0xDE16, 0x7C91, 0x85D7, 0x7E17, 0x7E18, 0x7E18, 0x7E18, 0x7E18,
  0x7DF8, 0x7E18, 0x7E18, 0x7E18, 0x7DD7, 0x6CF4, 0x6C52, 0x4149,
  0x4169, 0x8556, 0x7E17, 0x7E18, 0x85D7, 0x636E, 0xEE57, 0xFE95,
  0xFE75, 0xFE95, 0xFE95, 0xFE95, 0xFE95, 0xFE95, 0xFE95, 0xFE95,
  0xFE95, 0xFE95, 0xFE95, 0xFE95, 0xFE95, 0xFE95, 0xFE95, 0xFE95,
  0xFE95, 0xFE95, 0xF613, 0xD42D, 0xA2CD, 0x9ACE, 0x5968, 0x93AF,
  0x5A08, 0xAC92, 0xFF5C, 0xFF7B, 0xFF9B, 0xFF9B, 0xFF7B, 0xFF5B,
  0xFF7B, 0xFF7B, 0xFF9B, 0xF7BC, 0xCF5C, 0x6557, 0x5558, 0x5558,
  0x5558, 0x64F7, 0x31AA, 0x51A7, 0xABCE, 0xBC0D, 0xBC2C, 0xBC0C,
  0xBC0D, 0xBC0D, 0xBC2C, 0xBC2C, 0xBC0D, 0xA3AC, 0x9BEF, 0xFF5C,
  0xFF7C, 0xE6B9, 0x9BCE, 0x932B, 0xBC2E, 0xBC0D, 0xB40D, 0xB40D,
  0xBC2D, 0xBC0D, 0xA36C, 0x6A07, 0xB491, 0xB4B2, 0xB4B2, 0xB4B2,
  0xB4B2, 0xB4B2, 0xB4B2, 0xB4B2, 0xB4B2, 0xBCB2, 0xD534, 0xF6D9,
  0xFF7B, 0xFF7B, 0xFF7B, 0xFF7B, 0xFF7B, 0xFF7B, 0xF75A, 0xE5B5,
  0xCB2D, 0xD28B, 0xD28B, 0xD2AB, 0xDA8B, 0xDA8B, 0xD2AB, 0xD2AB,
  0xD2AB, 0xD2AB, 0xD2AB, 0xD28B, 0xD2AB, 0xD2AC, 0xD2AC, 0xDC92,
  0xFF5B, 0xFF7B, 0xFF7B, 0xFF7B, 0xFF7B, 0xFF9B, 0xFF9B, 0xFF9B,
  0xFF9B, 0xFF9B, 0xFF7B, 0xFF7B, 0xFF7B, 0xFF7B, 0xF77B, 0xFFBD,
  0xACD3, 0x6A49, 0xBC72, 0xC4D2, 0xC4B2, 0xCCB2, 0xAB2D, 0xB2ED,
  0xCAAC, 0xD28B, 0xD28B, 0xD28B, 0xD2AB, 0xD28B, 0xD28B, 0xD28B,
  0xD28B, 0xD28B, 0xD28B, 0xD28B, 0xD2AB, 0xD28B, 0xD2AB, 0xD2AB,
  0xD2AB, 0xD2AB, 0xD2AB, 0xD2AB, 0xD2AB, 0xD28B, 0xD2AB, 0xD2AB,
  0xD2AB, 0xD2AB, 0xD2AB, 0xD2AB, 0xD2AB, 0xD2AB, 0xD2AB, 0xDAAC,
  0xDAAC, 0xDAAC, 0xDAAC, 0xDAAC, 0xD2AB, 0xD2AB, 0xD2AB, 0xD28B,
  0xD28B, 0xD2AB, 0x91EA, 0x7ACC, 0xFF7B, 0xFF7B, 0xFF7B, 0xFF7B,
  0xFF9B, 0xFF9B, 0xFF9B, 0xF6D9, 0xCB4D, 0xD28B, 0xD28B, 0xD2AB,
  0xD2AB, 0xD2AB, 0xD2AB, 0xD2AB, 0xD2AB, 0xD2AB, 0xD28B, 0xD32D,
  0xF698, 0xEEFA, 0x7BCD, 0xB675, 0x7BED, 0xE6DA, 0xFF7B, 0xF73B,
  0xF75B, 0x9CB2, 0x6C11, 0x85F8, 0x7DF7, 0x9D54, 0xE677, 0xE615,
  0xC573, 0x7D34, 0x8575, 0xD5F5, 0xFE95, 0xF675, 0xFE76, 0xE5D4,
  0xAC2E, 0xA512, 0x7D54, 0x7DF7, 0x7E18, 0x7E18, 0x7E18, 0x7E18,
  0x7DF8, 0x7E18, 0x7E18, 0x7E18, 0x7DB7, 0x5BF1, 0x7472, 0x4148,
  0x4189, 0x8596, 0x7E17, 0x7E17, 0x7DF7, 0x638F, 0xD595, 0xFE75,
  0xFE75, 0xFE95, 0xFE95, 0xFE95, 0xFE95, 0xFE95, 0xFE95, 0xFE95,
  0xFE95, 0xFE95, 0xFE95, 0xFE95, 0xFE95, 0xFE95, 0xFE95, 0xFE95,
  0xFE95, 0xFE95, 0xF5F2, 0xCBED, 0xA2AD, 0x9ACD, 0x69EA, 0x51A8,
  0x5A29, 0xF71B, 0xFF7B, 0xFF7B, 0xFF7B, 0xFF7B, 0xFF7B, 0xFF5B,
  0xF79B, 0xFF7B, 0xF79B, 0xDF7B, 0x8DF9, 0x5D58, 0x5558, 0x5558,
  0x5558, 0x5414, 0x3948, 0x7A89, 0xBC0D, 0xBC0D, 0xBC0C, 0xBC0D,
  0xBC0D, 0xBC0D, 0xBC0C, 0xBC2C, 0xBC2D, 0xB42D, 0x82E9, 0x72C9,
  0x6A68, 0x7AA8, 0xC4D0, 0xD4D0, 0xBC2D, 0xBC0D, 0xBC0D, 0xBC0D,
  0xBC0D, 0xBC0D, 0xBC4E, 0x9B6C, 0x7A89, 0xB491, 0xB4B2, 0xB4B2,
  0xB4B2, 0xB4B2, 0xB4B2, 0xB4B2, 0xB4B2, 0xB491, 0xCD13, 0xE616,
  0xFF5B, 0xFF7B, 0xFF7B, 0xFF7B, 0xFF7B, 0xFF7B, 0xFF7B, 0xFF1A,
  0xDC30, 0xD2CC, 0xD28B, 0xD28B, 0xD28B, 0xDA8B, 0xD2AB, 0xD2AB,
  0xD2AB, 0xD2AB, 0xD2AB, 0xD28B, 0xD28B, 0xD28B, 0xD28B, 0xC2AB,
  0xEE37, 0xFF5B, 0xFF7B, 0xFF7B, 0xFF9B, 0xFF9B, 0xFF9B, 0xFF9B,
  0xFF9B, 0xFF9B, 0xFF7B, 0xFF7B, 0xFF7B, 0xFF7B, 0xFF7B, 0xFF9C,
  0xF77C, 0x72CB, 0xAC10, 0xC4B2, 0xC4B2, 0xC431, 0x922A, 0x99E9,
  0xCA8B, 0xD28B, 0xD28B, 0xD2AB, 0xD2AB, 0xDA8B, 0xDA8B, 0xDA8B,
  0xDA8B, 0xDA8B, 0xD2AB, 0xD2AB, 0xD2AB, 0xD2AB, 0xD2AB, 0xD2AB,
  0xD2AB, 0xD2AB, 0xD2AB, 0xD2AB, 0xD2AB, 0xD2AB, 0xD2AB, 0xD2AB,
  0xD2AB, 0xD2AB, 0xD2AB, 0xD2AB, 0xD2AB, 0xD2AB, 0xD2AB, 0xDAAC,
  0xDAAC, 0xDAAC, 0xDAAC, 0xDAAC, 0xD2AB, 0xD2AB, 0xD2AB, 0xD28B,
  0xD28B, 0xD2AB, 0x91EA, 0x82ED, 0xFF7C, 0xFF7B, 0xFF7B, 0xFF7B,
  0xFF9B, 0xFF9B, 0xFF9B, 0xF6B8, 0xD34E, 0xD28B, 0xD28B, 0xD2AB,
  0xD2AB, 0xD2AB, 0xD2AB, 0xD2AB, 0xD2AB, 0xD2AB, 0xDA8C, 0xD38E,
  0xF6D9, 0xF73A, 0x7BAD, 0xB635, 0x736C, 0xEF3C, 0xFF7B, 0xFF7B,
  0xFF7B, 0x9C91, 0x6C32, 0x7DF8, 0x85F7, 0xB554, 0xCD93, 0xB4F1,
  0xB513, 0x7491, 0x8D54, 0xDDF5, 0xFE96, 0xFE96, 0xFE75, 0xFE76,
  0xF656, 0xB4D1, 0x7C50, 0x85D7, 0x7DF8, 0x7E18, 0x7E18, 0x7E18,
  0x7E18, 0x7E18, 0x7E18, 0x7E18, 0x7D56, 0x42CD, 0x7452, 0x4128,
  0x49CA, 0x85B6, 0x7E17, 0x7E17, 0x7DF8, 0x63F1, 0xB4D2, 0xFE75,
  0xFE75, 0xFE95, 0xFE95, 0xFE95, 0xFE95, 0xFE95, 0xFE95, 0xFE95,
  0xFE95, 0xFE95, 0xFE95, 0xFE95, 0xFE95, 0xFE95, 0xFE95, 0xFE95,
  0xFE95, 0xFE95, 0xF5D2, 0xC3AD, 0xA2CD, 0xA2CD, 0x71EA, 0x4147,
  0xB534, 0xFF7B, 0xFF7B, 0xFF7B, 0xFF7B, 0xFF7B, 0xFF7B, 0xF6D9,
  0xFF7B, 0xFF9B, 0xF79B, 0xBEDA, 0x6558, 0x5D58, 0x5558, 0x5558,
  0x5538, 0x3AAE, 0x4168, 0x9B8C, 0xBC0D, 0xBC0D, 0xBC0D, 0xBC0D,
  0xB42D, 0xBC0D, 0xBC0C, 0xBC2C, 0xBC0D, 0xBC2C, 0xDD92, 0xD571,
  0xDDB2, 0xEDF2, 0xF612, 0xEDD1, 0xD4CE, 0xBC2D, 0xBC0D, 0xB40C,
  0xBC2D, 0xBC0D, 0xBC0D, 0xBC2E, 0x82CA, 0x82EB, 0xB4B2, 0xB4B2,
  0xB4B2, 0xB4B2, 0xB4B2, 0xB4B2, 0xB4B2, 0xB4B1, 0xC4D2, 0xD554,
  0xF71A, 0xFF7B, 0xFF7B, 0xFF7B, 0xFF7B, 0xFF7B, 0xFF7B, 0xFF5A,
  0xE574, 0xC2CB, 0xD28B, 0xD28B, 0xD28B, 0xD28B, 0xD2AB, 0xD2AB,
  0xD2AB, 0xD2AB, 0xD2AB, 0xD28B, 0xD28B, 0xD28B, 0xD28B, 0xD2AC,
  0xD3F0, 0xF6D9, 0xFF7B, 0xFF7B, 0xFF7B, 0xFF7B, 0xFF7B, 0xFF9B,
  0xFF9B, 0xFF9B, 0xFF7B, 0xFF7B, 0xFF7B, 0xFF9B, 0xFF7B, 0xFF9C,
  0xFFBD, 0xB514, 0x8B0D, 0xC4B3, 0xCCB2, 0xB34E, 0x920A, 0x91C9,
  0xC28B, 0xD2AC, 0xD28B, 0xD2AB, 0xD2AB, 0xD28B, 0xDAAB, 0xDA8B,
  0xDA8B, 0xDAAC, 0xD2AC, 0xD2AB, 0xD28B, 0xD28B, 0xD28B, 0xD28B,
  0xD28B, 0xD2AB, 0xD2AB, 0xD2AB, 0xD2AB, 0xD2AB, 0xD2AB, 0xD2AB,
  0xD2AB, 0xD2AB, 0xD2AB, 0xD2AB, 0xD28B, 0xD28B, 0xD28B, 0xD2AB,
  0xD2AB, 0xDAAB, 0xD2AB, 0xD2AB, 0xD2AB, 0xD2AB, 0xD2AB, 0xD28B,
  0xD28B, 0xD2AB, 0x920A, 0x7ACC, 0xFF7B, 0xFF7B, 0xFF7B, 0xFF7B,
  0xFF7B, 0xFF7B, 0xFF7B, 0xF678, 0xD32D, 0xD28B, 0xD28B, 0xD28B,
  0xD2AB, 0xD2AB, 0xD2AB, 0xD2AB, 0xD2AB, 0xD2AB, 0xD28B, 0xD3CF,
  0xF6F9, 0xFF7B, 0x7BCD, 0xB5F4, 0x732C, 0xEF3B, 0xFF7B, 0xFF7B,
  0xFF7B, 0xA4B1, 0x63F1, 0x85F8, 0x7D34, 0xC574, 0xB4D0, 0xEEFA,
  0xBD33, 0x7C50, 0x8D54, 0xDDD5, 0xFE96, 0xFE95, 0xFE75, 0xF675,
  0xEE35, 0xF697, 0xA4B1, 0x8555, 0x7DF8, 0x7E18, 0x7E17, 0x7E18,
  0x7E18, 0x7E18, 0x7E18, 0x7E18, 0x74F4, 0x422B, 0x7432, 0x3928,
  0x49EB, 0x85B7, 0x7E17, 0x7E17, 0x7DF8, 0x6C52, 0x9C10, 0xFE96,
  0xFE75, 0xFE95, 0xFE95, 0xFE75, 0xFE95, 0xFE95, 0xFE95, 0xFE95,
  0xFE95, 0xFE95, 0xFE75, 0xFE75, 0xFE95, 0xFE95, 0xFE95, 0xFE95,
  0xFE75, 0xFE75, 0xE570, 0xB34C, 0xA2CD, 0x9ACD, 0x69A9, 0x72CD,
  0xEEDA, 0xFF9B, 0xFF7B, 0xFF7B, 0xFF7B, 0xFF7B, 0xFF7B, 0xDDB5,
  0xFF7B, 0xFF9B, 0xEF9C, 0x8E19, 0x5D58, 0x5558, 0x5578, 0x5558,
  0x5CD6, 0x318A, 0x59A8, 0xABCC, 0xBC0D, 0xBC0D, 0xBC0D, 0xBC0D,
  0xBC0D, 0xBC0D, 0xBC0C, 0xBC0D, 0xBC0D, 0xBC2C, 0xEDB2, 0xF632,
  0xF632, 0xF632, 0xF632, 0xF612, 0xEDD2, 0xD4CE, 0xBC2C, 0xBC0C,
  0xBC0D, 0xBC0D, 0xBC0D, 0xBC0D, 0xB3ED, 0x7AAA, 0x830C, 0xB492,
  0xB4B2, 0xB4B2, 0xB4B2, 0xBCB1, 0xB4B2, 0xB4B2, 0xBCB2, 0xCCF3,
  0xE637, 0xFF7B, 0xFF7B, 0xFF7B, 0xFF7B, 0xFF7B, 0xFF7B, 0xFF7B,
  0xF6F9, 0xCBCF, 0xCA8B, 0xD28B, 0xD28B, 0xD28B, 0xD2AB, 0xD2AB,
  0xD2AB, 0xD2AB, 0xD2AB, 0xD28B, 0xD28B, 0xD2AB, 0xDA8B, 0xD28B,
  0xCAEC, 0xE554, 0xFF5B, 0xFF7B, 0xFF7B, 0xFF7B, 0xFF7B, 0xFF9B,
  0xFF9B, 0xFF9B, 0xFF9B, 0xFF9B, 0xFF7B, 0xFF7B, 0xFF7B, 0xFF7B,
  0xFFBD, 0xE6DB, 0x7ACC, 0xAC11, 0xC452, 0x9AAB, 0x922A, 0x9A0A,
  0xAA4B, 0xD2AC, 0xD26B, 0xD2AB, 0xD2AB, 0xD2AB, 0xD2AB, 0xD2AB,
  0xD2AB, 0xDAAC, 0xD2AC, 0xD28B, 0xDA8B, 0xDA8B, 0xDA8B, 0xDA8B,
  0xDA8B, 0xDAAC, 0xDAAC, 0xDAAC, 0xDAAC, 0xDAAC, 0xDAAB, 0xD2AB,
  0xD2AB, 0xD2AB, 0xD2AB, 0xD2AB, 0xD28B, 0xD28B, 0xD28B, 0xD2AB,
  0xD2AB, 0xD28B, 0xD2AB, 0xD2AB, 0xD2AB, 0xD2AB, 0xD2AB, 0xD2AB,
  0xD28B, 0xD28B, 0x920A, 0x8B6E, 0xFF7B, 0xFF7B, 0xFF7B, 0xFF7B,
  0xFF7B, 0xFF7B, 0xFF7B, 0xEE16, 0xCAED, 0xD28B, 0xD28B, 0xDA8B,
  0xD28B, 0xD2AB, 0xD2AB, 0xD2AB, 0xD2AB, 0xD2AB, 0xDA8B, 0xD430,
  0xF73A, 0xF77B, 0x83CE, 0xBDF5, 0x7B6D, 0xF73B, 0xFF7B, 0xFF7B,
  0xFF7B, 0xAD13, 0x638F, 0x85D7, 0x6C51, 0xD5B4, 0xB4AF, 0xD5B5,
  0xC532, 0x9491, 0x9513, 0xDDF5, 0xFE96, 0xFE95, 0xFE76, 0xD593,
  0xCDB4, 0xCD73, 0xE616, 0x742F, 0x85F7, 0x7E18, 0x7E17, 0x7E18,
  0x7E18, 0x7E18, 0x7E18, 0x7E18, 0x6C52, 0x41EA, 0x7432, 0x3928,
  0x4A2B, 0x7DB7, 0x7E18, 0x7E17, 0x7DF8, 0x6CB3, 0x624A, 0xDD94,
  0xF675, 0xFE75, 0xFE96, 0xFE75, 0xFE96, 0xFE96, 0xFE95, 0xFE95,
  0xFE95, 0xFE95, 0xFE75, 0xFE75, 0xFE76, 0xFE95, 0xFE95, 0xFE96,
  0xFE96, 0xF654, 0xDCCF, 0xAAEC, 0xA2CD, 0x8A8D, 0x5147, 0xBD55,
  0xFF5B, 0xFF7B, 0xFF7B, 0xFF7B, 0xFF7B, 0xFF7B, 0xF75A, 0xD491,
  0xFF9B, 0xF79B, 0xCF3B, 0x6577, 0x5558, 0x5558, 0x5558, 0x5D58,
  0x4B92, 0x3928, 0x6A29, 0xB40D, 0xBC0D, 0xBC0D, 0xBC0D, 0xBC0D,
  0xBC0D, 0xBC0D, 0xBC0C, 0xBC0D, 0xBC0D, 0xBC0C, 0xEDB1, 0xF632,
  0xF632, 0xF632, 0xF632, 0xF632, 0xF612, 0xEDD2, 0xCCAE, 0xBC2D,
  0xBC0D, 0xBC0D, 0xBC0D, 0xBC0D, 0xBC0D, 0xABCD, 0x6A28, 0x936D,
  0xBCD2, 0xBCD3, 0xB4B2, 0xB4B2, 0xB4B2, 0xB4B2, 0xBCB2, 0xCCF3,
  0xDD75, 0xF71A, 0xFF7B, 0xFF9B, 0xFF9B, 0xFF9B, 0xFF7B, 0xFF7B,
  0xFF7B, 0xF637, 0xCB2D, 0xD2AC, 0xD28B, 0xD28B, 0xD2AB, 0xD2AB,
  0xD2AB, 0xD2AB, 0xD2AB, 0xD2AB, 0xD2AB, 0xD2AB, 0xDA8B, 0xD28B,
  0xCAAB, 0xCB4D, 0xF657, 0xFF7B, 0xFF7B, 0xFF7B, 0xFF7B, 0xFF9B,
  0xFF9B, 0xFF9B, 0xFF9B, 0xFF9B, 0xFF7B, 0xFF7B, 0xFF7B, 0xFF7B,
  0xFF9C, 0xFF9D, 0xB4F4, 0x726A, 0xB38F, 0x9A4A, 0x9A0A, 0x9A0A,
  0x99E9, 0xC26B, 0xD28B, 0xD28B, 0xD2AB, 0xD2AB, 0xD2AB, 0xD2AB,
  0xD2AB, 0xDAAC, 0xDAAC, 0xDA8B, 0xDA8B, 0xDA8B, 0xDA8B, 0xDA8B,
  0xDA8B, 0xD2AB, 0xD2AB, 0xD2AB, 0xD2AB, 0xD2AB, 0xD28B, 0xD28B,
  0xD28B, 0xD28B, 0xD2AB, 0xD2AB, 0xD28B, 0xD28B, 0xD28B, 0xD2AB,
  0xD2AB, 0xD28B, 0xD2AB, 0xD2AB, 0xD2AB, 0xD2AB, 0xD2AB, 0xD2AB,
  0xD28B, 0xD28B, 0x81A9, 0xAC92, 0xFF5B, 0xFF7B, 0xFF7B, 0xFF7B,
  0xFF7B, 0xFF7B, 0xFF7B, 0xE574, 0xCACC, 0xD28B, 0xD28B, 0xDA8B,
  0xD2AB, 0xD2AB, 0xD2AB, 0xD2AB, 0xD2AB, 0xD2AB, 0xDAAC, 0xDCD2,
  0xFF5A, 0xF77B, 0x83AE, 0xD698, 0x838E, 0xF73B, 0xFF9B, 0xFF7B,
  0xFF7B, 0xBD95, 0x530D, 0x85F7, 0x6C51, 0xDDF5, 0xE5F4, 0xBCD1,
  0xE5F4, 0xC5B5, 0x94B1, 0xE615, 0xF675, 0xF696, 0xE5F5, 0xB512,
  0xE6B8, 0xC553, 0xE5F5, 0xAD33, 0x7D55, 0x7DF8, 0x7E17, 0x7E18,
  0x7E18, 0x7E18, 0x7E18, 0x7DF7, 0x5B6F, 0x49EA, 0x7452, 0x3148,
  0x4A2C, 0x7DB7, 0x7E18, 0x7DF8, 0x7E18, 0x7D15, 0x4147, 0x7A8A,
  0xC4B1, 0xF676, 0xFE96, 0xF695, 0xFE95, 0xFE75, 0xFE75, 0xFE95,
  0xFE95, 0xFE95, 0xFE95, 0xFE95, 0xFE76, 0xFE75, 0xFE76, 0xFE96,
  0xFE75, 0xE571, 0xC3CD, 0xA2CC, 0x9AEE, 0x71EA, 0x832E, 0xF73B,
  0xFF7B, 0xFF7B, 0xFF7B, 0xFF7B, 0xFF7B, 0xFF9B, 0xF6B8, 0xCB6E,
  0xFF9B, 0xEF9B, 0x9639, 0x5D78, 0x5578, 0x5558, 0x5558, 0x5D38,
  0x424D, 0x40E6, 0x8ACB, 0xBC0D, 0xBC0D, 0xBC0D, 0xBC0D, 0xBC0D,
  0xBC0D, 0xBC0D, 0xBC0C, 0xBC0D, 0xBC2D, 0xB3EB, 0xDD70, 0xF632,
  0xF632, 0xF632, 0xF632, 0xF632, 0xF632, 0xF632, 0xEDB1, 0xCC8D,
  0xBC0C, 0xBC0D, 0xBC0C, 0xBC0D, 0xBC0D, 0xB40D, 0xAC0E, 0x7269,
  0xA430, 0xB492, 0xB4B2, 0xB4B2, 0xBCB1, 0xB4B1, 0xB4B2, 0xBCB2,
  0xD534, 0xEE98, 0xFF7B, 0xFF9B, 0xFF9B, 0xFF9B, 0xFF7B, 0xFF7B,
  0xFF7B, 0xFF7A, 0xE4F2, 0xD2AC, 0xD28B, 0xD28B, 0xD2AB, 0xD2AB,
  0xD2AB, 0xD2AB, 0xD2AB, 0xD2AB, 0xD2AB, 0xD2AB, 0xD28B, 0xD28B,
  0xD2AB, 0xD2AC, 0xCBAE, 0xF719, 0xFF7B, 0xFF7B, 0xFF7B, 0xFF9B,
  0xFF9B, 0xFF9B, 0xFF9B, 0xFF9B, 0xFF7B, 0xFF7B, 0xFF7B, 0xFF7B,
  0xFF7B, 0xFF9D, 0xEF3C, 0x61E8, 0x9B0D, 0x9A2A, 0x9A2A, 0x922A,
  0x9209, 0xAA2A, 0xD28C, 0xD28C, 0xD2AB, 0xD2AB, 0xD2AB, 0xD2AB,
  0xD2AB, 0xDAAC, 0xDAAC, 0xD2AB, 0xD28B, 0xD28B, 0xD28B, 0xD28B,
  0xD28B, 0xD28B, 0xD28B, 0xD28B, 0xD28B, 0xD28B, 0xD28B, 0xDA8B,
  0xD28B, 0xD28B, 0xD2AB, 0xD2AB, 0xD2AB, 0xD2AB, 0xD2AB, 0xD2AB,
  0xD2AB, 0xD2AB, 0xD2AB, 0xD2AB, 0xD2AB, 0xD2AB, 0xD2AB, 0xD2AB,
  0xD28B, 0xCA8C, 0x79A8, 0xB4D3, 0xFF7B, 0xFF7B, 0xFF7B, 0xFF7B,
  0xFF7B, 0xFF7B, 0xFF7B, 0xDD13, 0xD28C, 0xD28B, 0xD28B, 0xD2AB,
  0xD2AB, 0xD2AB, 0xD2AB, 0xD2AB, 0xD2AB, 0xD2AB, 0xD2AB, 0xE575,
  0xFF7B, 0xF73A, 0x83AE, 0xE71A, 0x7B8E, 0xF73B, 0xFF7B, 0xFF7B,
  0xFF7B, 0xD638, 0x426B, 0x85D7, 0x6C71, 0xD5D4, 0xF676, 0xF655,
  0xF695, 0xEE77, 0xACF1, 0xE5F4, 0xFE95, 0xF676, 0xD593, 0xC594,
  0xEF1A, 0xC574, 0xDDB4, 0xE636, 0x84D2, 0x7DF7, 0x7E18, 0x7E18,
  0x7E18, 0x7E18, 0x7E18, 0x7DB7, 0x4A6C, 0x41CA, 0x7472, 0x3168,
  0x526C, 0x85D7, 0x7DF8, 0x7E18, 0x7E18, 0x7D35, 0x4148, 0x7A4B,
  0x6987, 0xA3AE, 0xE5D5, 0xF676, 0xFE95, 0xFE75, 0xFE75, 0xFE96,
  0xFE95, 0xFE95, 0xFE96, 0xFE96, 0xFE95, 0xFE75, 0xFE76, 0xFE75,
  0xF614, 0xD48E, 0xAACB, 0xA2CD, 0x7A4B, 0x61E9, 0xE6BA, 0xFF7B,
  0xFF5B, 0xFF7B, 0xFF7B, 0xFF7B, 0xFF7B, 0xFF7A, 0xEDD5, 0xCAAC,
  0xF79A, 0xD73B, 0x6536, 0x5D58, 0x5558, 0x5558, 0x5558, 0x5C95,
  0x3968, 0x5167, 0xABCD, 0xBC0D, 0xBC0D, 0xBC0D, 0xBC0D, 0xBC0D,
  0xBC0D, 0xBC0D, 0xBC0C, 0xBC2D, 0xBC2D, 0xBC0C, 0xDD50, 0xF632,
  0xF612, 0xF612, 0xF632, 0xF632, 0xEE32, 0xF632, 0xF612, 0xEDD2,
  0xCCAE, 0xBC0D, 0xBC0C, 0xB40C, 0xBC0D, 0xBC0D, 0xB40D, 0x9B8C,
  0x728A, 0xB492, 0xB4B2, 0xB4B2, 0xB4B1, 0xB4B2, 0xB4B2, 0xBCB2,
  0xCCF3, 0xE5D6, 0xF75B, 0xFF7B, 0xFF7B, 0xFF7B, 0xFF7B, 0xFF7B,
  0xFF7B, 0xF75A, 0xF677, 0xD34E, 0xDAAC, 0xD28B, 0xD28B, 0xD28B,
  0xD28B, 0xD2AB, 0xD2AB, 0xD2AB, 0xD2AB, 0xD28B, 0xD2AB, 0xD2AB,
  0xD28B, 0xD28B, 0xD2AC, 0xDD33, 0xF73A, 0xFF9B, 0xFF7B, 0xFF9B,
  0xFF9B, 0xFF9B, 0xFF9B, 0xFF9B, 0xFF7B, 0xFF7B, 0xFF9B, 0xFF7B,
  0xFF7B, 0xFF7C, 0xFFBD, 0xBD34, 0x822A, 0x920A, 0x9A2A, 0x922A,
  0x920A, 0x99E9, 0xD2CD, 0xDAAC, 0xD2AB, 0xD28B, 0xD2AB, 0xD2AB,
  0xD2AB, 0xD2AB, 0xD2AB, 0xD2AB, 0xD2AB, 0xD2AB, 0xD28B, 0xD28B,
  0xD28B, 0xD28B, 0xD28B, 0xD28B, 0xD28B, 0xD28C, 0xD28B, 0xD28C,
  0xD28C, 0xD28B, 0xD28B, 0xD2AC, 0xDB2D, 0xD2EC, 0xD28B, 0xD28B,
  0xD28B, 0xD28B, 0xD28B, 0xD28B, 0xD28B, 0xD28B, 0xD2AC, 0xD28B,
  0xD28B, 0xCA8C, 0x7188, 0xC576, 0xFF7B, 0xFF7B, 0xFF7B, 0xFF7B,
  0xFF7B, 0xFF7B, 0xFF7B, 0xDCD2, 0xD28B, 0xD28B, 0xD28B, 0xD28B,
  0xD2AB, 0xD2AB, 0xD2AB, 0xD2AB, 0xD2AB, 0xD2AB, 0xCA8B, 0xEE37,
  0xFF7B, 0xEEFA, 0x7B8D, 0xE6FA, 0x8C0F, 0xF75B, 0xF77B, 0xFF9B,
  0xFF7B, 0xE6DA, 0x31E9, 0x85B7, 0x7471, 0xD5B4, 0xF655, 0xFE75,
  0xFE95, 0xF676, 0xEE35, 0xEE34, 0xFE75, 0xFE76, 0xF656, 0xA44F,
  0xDE37, 0xA42F, 0xEE35, 0xF656, 0x9D12, 0x85D6, 0x7E18, 0x7E18,
  0x7DF8, 0x7DF8, 0x7E18, 0x7D35, 0x41CA, 0x49EA, 0x7472, 0x3148,
  0x526C, 0x7DD7, 0x7E18, 0x7E18, 0x7E18, 0x7D35, 0x4147, 0x9AEE,
  0x92AD, 0x824B, 0x7209, 0x9B2D, 0xDD53, 0xF656, 0xF655, 0xFE76,
  0xFE95, 0xFE95, 0xFE95, 0xFE96, 0xFE96, 0xFE95, 0xFE75, 0xF634,
  0xD48F, 0xAAEB, 0xA2CD, 0x92AD, 0x61A8, 0xB4D3, 0xFF7B, 0xF77B,
  0xFF7B, 0xFF7B, 0xFF7B, 0xFF7B, 0xFF7B, 0xFF5A, 0xDC92, 0xD2AC,
  0xEF9B, 0xA679, 0x5D58, 0x5558, 0x5D58, 0x5D58, 0x5D38, 0x430F,
  0x3927, 0x7AAA, 0xBC2D, 0xBC0D, 0xBC0D, 0xBC0D, 0xBC0D, 0xBC0D,
  0xBC0D, 0xBC0D, 0xBC0C, 0xBC2D, 0xBC2D, 0xBC0C, 0xD52F, 0xF632,
  0xEE12, 0xF612, 0xF632, 0xF632, 0xF632, 0xF632, 0xF612, 0xF612,
  0xE591, 0xC46D, 0xBC2C, 0xBC0C, 0xBC0C, 0xBC0C, 0xBC0D, 0xB40D,
  0x82CA, 0x82EB, 0xB471, 0xBCB2, 0xBCB2, 0xB4B2, 0xB4B2, 0xBCB2,
  0xC4B2, 0xD534, 0xEED9, 0xFF7B, 0xFF9B, 0xFF7B, 0xFF7B, 0xFF7B,
  0xFF7B, 0xFF7B, 0xFF5A, 0xE513, 0xD2CC, 0xD2AB, 0xD28B, 0xD28B,
  0xD28B, 0xD2AB, 0xD2AB, 0xD2AB, 0xD2AB, 0xD28B, 0xD2AB, 0xD2AB,
  0xD28B, 0xD28B, 0xD2AB, 0xCB2D, 0xEE16, 0xFF7B, 0xFF5B, 0xFF9B,
  0xFF9B, 0xFF9B, 0xFF9B, 0xFF9B, 0xFF7B, 0xFF7B, 0xFF7B, 0xFF7B,
  0xFF7B, 0xFF7B, 0xF7BD, 0xF75C, 0x82AC, 0x8A0A, 0x922A, 0x922A,
  0x922A, 0x9A09, 0xBA8B, 0xDAAC, 0xD28B, 0xD28B, 0xD2AB, 0xD2AB,
  0xD2AB, 0xD2AB, 0xD2AB, 0xD2AB, 0xD2AB, 0xD2AB, 0xD28B, 0xD28B,
  0xD28B, 0xD28C, 0xD28C, 0xD28B, 0xD28B, 0xD28B, 0xD2AC, 0xCACC,
  0xCAED, 0xD32D, 0xCB2D, 0xD38E, 0xCBAE, 0xD3AF, 0xD3AF, 0xD3AF,
  0xD3AF, 0xD3AF, 0xD3AF, 0xD38E, 0xD36E, 0xDB6E, 0xD32D, 0xCB0D,
  0xCAEC, 0xBA8C, 0x6968, 0xD618, 0xFF7B, 0xFF7B, 0xFF7B, 0xFF7B,
  0xFF7B, 0xFF7B, 0xFF5B, 0xD410, 0xD28C, 0xD28B, 0xD28B, 0xDA8B,
  0xDA8B, 0xD2AB, 0xD2AB, 0xD2AB, 0xD2AB, 0xD2AB, 0xC2CB, 0xF6B9,
  0xFF7B, 0xE6D9, 0x8BCE, 0xDE99, 0x9430, 0xF77B, 0xFF7B, 0xFF9B,
  0xFF7B, 0xCE18, 0x2987, 0x8576, 0x7C71, 0xD572, 0xEDF3, 0xF675,
  0xFE95, 0xFE76, 0xFE76, 0xFE76, 0xFE75, 0xFE75, 0xFE76, 0xDDB4,
  0xBCF1, 0xF656, 0xFE76, 0xF675, 0xBD53, 0x8D75, 0x7DF8, 0x7E18,
  0x7DF8, 0x7E18, 0x7DF8, 0x6C52, 0x4169, 0x4A0B, 0x6B8F, 0x59EB,
  0x62CE, 0x7DD7, 0x7E18, 0x7E18, 0x7E18, 0x7D56, 0x4147, 0x9ACE,
  0x9ACD, 0x9ACD, 0x928C, 0x822B, 0x824A, 0xB3EF, 0xDD53, 0xEDD3,
  0xF634, 0xFE54, 0xFE54, 0xFE55, 0xF635, 0xEE14, 0xE552, 0xCC2F,
  0xB30C, 0xA2AC, 0x92AD, 0x6188, 0x6A4A, 0xE699, 0xF77B, 0xF77A,
  0xFF7A, 0xFF7B, 0xFF7B, 0xFF7B, 0xFF7B, 0xFEF9, 0xCB6E, 0xD2AC,
  0xD73C, 0x7598, 0x5558, 0x5558, 0x5558, 0x5D58, 0x5C75, 0x3189,
  0x5187, 0xABCE, 0xBC0D, 0xBC0D, 0xBC0D, 0xBC0D, 0xBC0D, 0xBC0D,
  0xBC0D, 0xBC0D, 0xBC0D, 0xBC4D, 0xBC2D, 0xBC0C, 0xD4EE, 0xF612,
  0xF612, 0xF612, 0xF632, 0xF632, 0xF632, 0xF632, 0xF632, 0xF612,
  0xF612, 0xDD70, 0xC46D, 0xBC0D, 0xBC0D, 0xBC0C, 0xBC0C, 0xBC0D,
  0xB40D, 0x82CB, 0x8B4D, 0xB4B2, 0xBCB2, 0xB4B2, 0xB4B2, 0xB4B2,
  0xBCB2, 0xCCF3, 0xD595, 0xF73A, 0xFF7B, 0xFF9B, 0xFF7B, 0xFF7B,
  0xFF7B, 0xFF7B, 0xFF7B, 0xF6F9, 0xDC71, 0xCAEC, 0xDAAC, 0xD28B,
  0xD28B, 0xD2AB, 0xD2AB, 0xD2AB, 0xD28B, 0xDA8B, 0xD28B, 0xD2AB,
  0xD2AB, 0xD28B, 0xD2AB, 0xD2AC, 0xD3AF, 0xF698, 0xFF5B, 0xFF9B,
  0xFF9B, 0xFF9B, 0xFF9B, 0xFF9B, 0xFF7B, 0xFF7B, 0xFF7B, 0xFF7B,
  0xFF7B, 0xFF7B, 0xF79C, 0xFFBD, 0xB514, 0x69A8, 0x922A, 0x9A09,
  0x9A0A, 0x9A2A, 0xA1E9, 0xD2AC, 0xD28B, 0xD28B, 0xD2AB, 0xD2AB,
  0xD2AB, 0xD2AB, 0xD2AB, 0xD2AB, 0xD2AB, 0xD2AB, 0xD2AB, 0xD2AB,
  0xD2AB, 0xCA8B, 0xCAAB, 0xC2EC, 0xD3AE, 0xDC30, 0xDC91, 0xDD13,
  0xE554, 0xE5D6, 0xEDF6, 0xF677, 0xF698, 0xF6B9, 0xF6D9, 0xF6B9,
  0xF6B9, 0xF6B9, 0xF6B8, 0xF698, 0xF678, 0xF678, 0xEE37, 0xE5B5,
  0xE574, 0xC471, 0x61A9, 0xE6BA, 0xFF7B, 0xFF7B, 0xFF7B, 0xFF7B,
  0xFF7B, 0xFF7B, 0xFF3B, 0xD36E, 0xD28C, 0xD28B, 0xD28B, 0xDA8B,
  0xD28B, 0xD2AB, 0xD2AB, 0xD2AB, 0xD2AB, 0xD2AB, 0xC2EC, 0xF6FA,
  0xFF7B, 0xDEB8, 0x9430, 0xCE17, 0x9C51, 0xFF7B, 0xFF7B, 0xFF7B,
  0xFF7B, 0x9C72, 0x4A6B, 0x7D35, 0x84B2, 0xCD31, 0xDD71, 0xF655,
  0xEE35, 0xF676, 0xFE76, 0xFE76, 0xFE76, 0xFE95, 0xFE75, 0xF676,
  0xF655, 0xFE96, 0xFE95, 0xF675, 0xDDF5, 0x7430, 0x85F8, 0x7E17,
  0x7DF8, 0x7E18, 0x85F7, 0x5B2E, 0x4128, 0x522B, 0x5AAD, 0x828E,
  0x62EE, 0x7DB7, 0x7E18, 0x7E18, 0x7E18, 0x8576, 0x4147, 0x9ACD,
  0xA2CD, 0xA2CD, 0xA2CD, 0x9ACD, 0x9ACD, 0x92AC, 0xA2EC, 0xB38D,
  0xCC2E, 0xD48F, 0xDCB0, 0xD490, 0xCC4F, 0xBBCE, 0xAB2D, 0xAACD,
  0xA2CD, 0x9ACD, 0x720A, 0x724B, 0xC575, 0xFF7B, 0xFF7B, 0xFF7B,
  0xFF7B, 0xFF7B, 0xFF7B, 0xFF7B, 0xFF5B, 0xEDB5, 0xCAAC, 0xD2AC,
  0x9E5A, 0x5D58, 0x5558, 0x5558, 0x5558, 0x5537, 0x42EF, 0x3927,
  0x724A, 0xBBED, 0xBC0D, 0xBC0D, 0xBC0D, 0xBC0D, 0xBC0D, 0xBC0D,
  0xBC0D, 0xBC0D, 0xBC0D, 0xBC2D, 0xBC0D, 0xBC0C, 0xCCCE, 0xF612,
  0xF632, 0xF632, 0xF632, 0xF632, 0xF632, 0xF632, 0xF632, 0xF612,
  0xF632, 0xF612, 0xE550, 0xC44D, 0xBC2D, 0xBC0D, 0xBC0C, 0xBC0D,
  0xBC2D, 0xABCD, 0x6208, 0x9BF0, 0xBCB2, 0xB4B2, 0xB4B1, 0xB4B2,
  0xBCB2, 0xC4B2, 0xD513, 0xEE78, 0xFF7B, 0xFF7B, 0xFF7B, 0xFF7B,
  0xFF7B, 0xF77B, 0xFF7B, 0xFF7A, 0xEE77, 0xCB8E, 0xDACC, 0xD28B,
  0xD28B, 0xDA8B, 0xD28B, 0xD28B, 0xD28B, 0xD28B, 0xD28B, 0xD2AB,
  0xD2AB, 0xD28B, 0xD28B, 0xDA8B, 0xD2AC, 0xD450, 0xFF19, 0xFF7B,
  0xFF7B, 0xFF7B, 0xFF7B, 0xFF7B, 0xFF7B, 0xFF7B, 0xFF7B, 0xFF7B,
  0xFF7B, 0xFF7B, 0xFF7B, 0xFFBC, 0xEF1B, 0x6A4A, 0x81E9, 0x9A0A,
  0x9A0A, 0x9A0A, 0x99E9, 0xC26B, 0xD28B, 0xD28B, 0xD28B, 0xD28B,
  0xD28B, 0xDA8B, 0xD28B, 0xD2AC, 0xD28B, 0xD2AC, 0xCAAC, 0xCB2D,
  0xDBCF, 0xDCB2, 0xE554, 0xEE16, 0xF698, 0xF6D9, 0xF719, 0xFF3A,
  0xFF5B, 0xFF5B, 0xFF5B, 0xFF7B, 0xFF7B, 0xFF7B, 0xFF7B, 0xFF7B,
  0xFF7B, 0xFF7B, 0xFF7B, 0xFF7B, 0xFF7B, 0xFF7B, 0xFF7B, 0xFF5A,
  0xFF5A, 0xD5F6, 0x6A8B, 0xF73B, 0xFF7B, 0xFF7B, 0xFF7B, 0xFF7B,
  0xFF7B, 0xFF7B, 0xFED9, 0xCACC, 0xD28B, 0xD28B, 0xD28B, 0xDAAB,
  0xD2AB, 0xD28B, 0xD28B, 0xD28B, 0xD2AB, 0xD28B, 0xCBAE, 0xFF5A,
  0xFF7B, 0xDE98, 0xA471, 0xCDD6, 0xA4D3, 0xF75B, 0xFF5B, 0xFF7B,
  0xEF1A, 0x734D, 0x7C73, 0x6CD3, 0x8514, 0xBCF1, 0xE571, 0xF655,
  0xBC2E, 0xB3EC, 0xB3ED, 0xDD72, 0xFE76, 0xFE95, 0xFE75, 0xE5B2,
  0xEDD3, 0xFE75, 0xFE95, 0xF695, 0xDE15, 0x52CC, 0x7DB7, 0x7DF7,
  0x7E18, 0x7E17, 0x85D7, 0x4A0A, 0x4928, 0x49A9, 0x51C9, 0x92CF,
  0x62CE, 0x7DD7, 0x7E18, 0x7E17, 0x7DF8, 0x8576, 0x3927, 0x9ACE,
  0xA2CD, 0xA2CD, 0xA2CD, 0xA2CD, 0xA2CD, 0xA2CD, 0xA2CD, 0xA2CC,
  0xA2EC, 0xA30C, 0xAB0D, 0xA30D, 0xA2ED, 0xA2CD, 0xA2CD, 0xA2CD,
  0x9ACE, 0x7A2B, 0x59C9, 0xC555, 0xF73B, 0xFF7B, 0xFF7B, 0xFF7B,
  0xFF7B, 0xFF7B, 0xFF7B, 0xFF7B, 0xFF1A, 0xD3AF, 0xD28B, 0xD28B,
  0x6D98, 0x5558, 0x5558, 0x5558, 0x5558, 0x5CF6, 0x3A2B, 0x4147,
  0x9B4C, 0xBC0D, 0xBC0D, 0xBC0D, 0xBC0D, 0xBC0D, 0xBC0D, 0xBC0D,
  0xBC0D, 0xBC0D, 0xBC0D, 0xBC0D, 0xBC2D, 0xBC0C, 0xCCCE, 0xF612,
  0xF612, 0xF632, 0xF632, 0xF632, 0xF632, 0xF632, 0xF632, 0xF632,
  0xF632, 0xF632, 0xF612, 0xDD2F, 0xBC2D, 0xBC0D, 0xBC0D, 0xBBEC,
  0xB40C, 0xB42D, 0x9B6D, 0x5987, 0xAC51, 0xBCD2, 0xB4B1, 0xB4B2,
  0xB4B2, 0xBCB2, 0xCCD2, 0xDD95, 0xF71A, 0xFF7B, 0xFF7B, 0xFF7B,
  0xFF7B, 0xFF7B, 0xFF7B, 0xFF7B, 0xFF5A, 0xE5B5, 0xCAEC, 0xD28B,
  0xDA8B, 0xDA8B, 0xD28B, 0xD28B, 0xD2AB, 0xD2AB, 0xD28B, 0xD2AB,
  0xD2AB, 0xDA8C, 0xD28C, 0xDA8C, 0xCAAB, 0xCB0D, 0xE553, 0xFF5A,
  0xFF7B, 0xFF7B, 0xFF7B, 0xFF7B, 0xFF7B, 0xFF7B, 0xFF7B, 0xFF7B,
  0xFF7B, 0xFF7B, 0xFF7B, 0xFF7B, 0xFFBD, 0xBD55, 0x69A8, 0x922A,
  0x9A0A, 0x9A2A, 0x9A0A, 0xAA0A, 0xCAAC, 0xD28B, 0xD2AC, 0xD28B,
  0xDA8B, 0xDA8B, 0xCA8B, 0xCACC, 0xC30D, 0xD410, 0xE554, 0xF6B9,
  0xFEFA, 0xFF5B, 0xFF5B, 0xFF7B, 0xFF7B, 0xFF7B, 0xFF7B, 0xFF7B,
  0xFF7B, 0xFF7B, 0xFF7B, 0xFF7B, 0xFF7B, 0xFF7B, 0xFF7B, 0xFF7B,
  0xFF7B, 0xFF7B, 0xFF7B, 0xFF7B, 0xFF7B, 0xFF7B, 0xFF7B, 0xFF7B,
  0xFF5B, 0xD5F7, 0x7B2D, 0xFF7B, 0xFF7B, 0xFF7B, 0xFF7B, 0xFF9A,
  0xFF7B, 0xFF5B, 0xE575, 0xD2AB, 0xD28B, 0xD28B, 0xD28B, 0xDAAB,
  0xD2AB, 0xD28B, 0xD28B, 0xD28B, 0xD2AB, 0xCAAB, 0xD492, 0xFF7B,
  0xFF7B, 0xD638, 0xACF3, 0xBD76, 0x62EC, 0x9471, 0xE69A, 0xFF5C,
  0xCE17, 0x4A8B, 0x8D97, 0x64D4, 0x8DB7, 0xBD74, 0xE5B3, 0xF636,
  0xBBCC, 0xCBED, 0xCBED, 0xAB2A, 0xD531, 0xFE75, 0xDD31, 0xE592,
  0xF655, 0xFE75, 0xFE75, 0xFE76, 0xB4D1, 0x7411, 0x7556, 0x7DF8,
  0x7E17, 0x7DF7, 0x7473, 0x4148, 0x4908, 0x4127, 0x5988, 0x9AEF,
  0x6B2F, 0x7DD8, 0x7E18, 0x7E18, 0x7E18, 0x8576, 0x3927, 0x9ACE,
  0xA2CD, 0xA2CD, 0xA2CD, 0xA2CD, 0xA2CD, 0xA2CD, 0xA2CD, 0xA2CD,
  0xA2CD, 0xA2CD, 0xA2CD, 0xA2CD, 0x9AAD, 0xA2CD, 0xA2CD, 0xA2CD,
  0x824C, 0x5127, 0x9C31, 0xF73B, 0xFF7B, 0xFF7B, 0xFF7B, 0xFF7B,
  0xFF7B, 0xF77B, 0xFF7B, 0xFF7B, 0xEE16, 0xD2EC, 0xD28B, 0xD28B,
  0x5D57, 0x5558, 0x5558, 0x5558, 0x5D38, 0x53D2, 0x3148, 0x59C8,
  0xB40E, 0xBC0D, 0xBC2D, 0xBC0D, 0xBC0D, 0xBC0D, 0xBC0D, 0xBC0D,
  0xBC0D, 0xBC2D, 0xBC2D, 0xBC0D, 0xBC2D, 0xBC2D, 0xCCCE, 0xF612,
  0xF612, 0xF632, 0xF632, 0xF632, 0xF632, 0xF632, 0xF632, 0xF632,
  0xF632, 0xF632, 0xF612, 0xF612, 0xDD2F, 0xBC2C, 0xBC0C, 0xBC0C,
  0xBC0D, 0xB40D, 0xB40E, 0x82CA, 0x7AAB, 0xAC91, 0xB4B2, 0xB4B2,
  0xB4B2, 0xBC92, 0xC4B2, 0xCD13, 0xE637, 0xFF7B, 0xFF9B, 0xFF7B,
  0xFF7B, 0xFF7B, 0xFF7B, 0xFF7B, 0xFF7B, 0xFF1A, 0xDC91, 0xD2CC,
  0xD28B, 0xD2AB, 0xD28B, 0xD28B, 0xD2AB, 0xD2AB, 0xD2AB, 0xD2AB,
  0xD2AB, 0xD28C, 0xD2AC, 0xD28C, 0xD2AC, 0xD2AC, 0xCB0C, 0xEE37,
  0xFF7B, 0xFF7B, 0xFF7B, 0xFF7B, 0xFF7B, 0xFF9B, 0xFF9B, 0xFF7B,
  0xFF7B, 0xFF7B, 0xFF7B, 0xF77B, 0xFFBC, 0xFF7D, 0x934E, 0x81C9,
  0x920A, 0x9A0A, 0x9A2A, 0x91E9, 0xBA8B, 0xD28C, 0xD28B, 0xD28C,
  0xD2AC, 0xCB2D, 0xD430, 0xEDD5, 0xFEF9, 0xFF3A, 0xFF7B, 0xFF7B,
  0xFF7B, 0xFF7B, 0xFF7B, 0xFF7B, 0xFF7B, 0xFF7B, 0xFF7B, 0xFF9B,
  0xFF9B, 0xFF7B, 0xFF7B, 0xFF7B, 0xFF7B, 0xFF7B, 0xFF7B, 0xFF7B,
  0xFF7B, 0xFF7B, 0xFF7B, 0xFF7B, 0xFF7B, 0xFF9B, 0xFF9B, 0xFF9B,
  0xFF7B, 0xD5D7, 0x8BCF, 0xFF7C, 0xFF7B, 0xFF7B, 0xFF7B, 0xFF7B,
  0xFF7B, 0xFF3A, 0xC38E, 0xD2AB, 0xD2AB, 0xD28B, 0xD28B, 0xDAAC,
  0xD28B, 0xD28B, 0xD28B, 0xD28B, 0xD28B, 0xCAAC, 0xF637, 0xFF7B,
  0xFF7B, 0xCDD6, 0x9C0F, 0x8BCF, 0x5B0D, 0x532D, 0x49C8, 0xB4D4,
  0x83F0, 0x63F0, 0x85F7, 0x6D14, 0x7D96, 0x94B1, 0xDDB3, 0xF656,
  0xBB8B, 0xDBEC, 0xD3EC, 0xCBED, 0xB42D, 0xFE76, 0xDD10, 0xF614,
  0xEDB2, 0xE592, 0xE572, 0xEE15, 0x94B1, 0x8DB6, 0x5C52, 0x7E18,
  0x7E18, 0x85F7, 0x52CD, 0x4108, 0x4908, 0x4127, 0x5148, 0x9B0F,
  0x7390, 0x7DD8, 0x7E18, 0x7E18, 0x7E18, 0x8597, 0x3927, 0x9AAD,
  0xA2CD, 0xA2CD, 0xA2CD, 0xA2CD, 0xA2CD, 0xA2CD, 0xA2CD, 0xA2CD,
  0xA2CD, 0xA2CD, 0xA2CD, 0xA2CD, 0xA2CD, 0xA2CE, 0xA2CE, 0x928D,
  0x5988, 0x72CC, 0xEEFB, 0xFF7C, 0xFF7B, 0xFF7B, 0xFF7B, 0xFF7B,
  0xFF7B, 0xF73A, 0xF75A, 0xF73A, 0xDD13, 0xD2AC, 0xD28B, 0xD28B,
  0x5558, 0x5558, 0x5558, 0x5558, 0x5D17, 0x3A0B, 0x4147, 0x9B4C,
  0xBC0D, 0xBC0D, 0xBC2D, 0xBC0D, 0xBC0D, 0xBC0D, 0xBC0D, 0xBC0D,
  0xBC0D, 0xBC0C, 0xBC0D, 0xBC0D, 0xBC0D, 0xBC2C, 0xD4EE, 0xF612,
  0xF612, 0xF632, 0xF632, 0xF632, 0xF632, 0xF632, 0xF632, 0xF632,
  0xF632, 0xF632, 0xF632, 0xF632, 0xF5F2, 0xDD2F, 0xBC2C, 0xBC0C,
  0xBC0D, 0xBC0D, 0xBC0D, 0xB40E, 0x7AAA, 0x8B6E, 0xB492, 0xB4B2,
  0xB4B2, 0xBCB2, 0xBCB2, 0xC4D2, 0xD534, 0xF6D9, 0xF79B, 0xFF9B,
  0xFF7B, 0xFF7B, 0xFF7B, 0xFF7B, 0xFF7B, 0xFF7B, 0xF6B8, 0xD3CF,
  0xD2AC, 0xD28B, 0xD28B, 0xDA8B, 0xD28B, 0xD28B, 0xD28B, 0xD2AB,
  0xD2AB, 0xD28B, 0xD28C, 0xD28C, 0xD2AC, 0xD28B, 0xD2AC, 0xCB4D,
  0xEE77, 0xFF7A, 0xFF7B, 0xFF7B, 0xFF7B, 0xFF7B, 0xFF7B, 0xFF7B,
  0xFF7B, 0xFF7B, 0xFF7B, 0xFF7B, 0xFF7B, 0xFFBD, 0xD618, 0x7209,
  0x920A, 0x922A, 0x9A2A, 0x9209, 0xA22A, 0xCAAC, 0xCACC, 0xD38E,
  0xDCB2, 0xF657, 0xFF3A, 0xFF7B, 0xFF7B, 0xFF7B, 0xFF7B, 0xFF7B,
  0xFF7B, 0xFF7B, 0xFF7B, 0xFF7B, 0xFF7B, 0xFF7B, 0xFF7B, 0xFF9B,
  0xFF9B, 0xFF7B, 0xFF7B, 0xFF7B, 0xFF7B, 0xFF7B, 0xFF7B, 0xFF7B,
  0xFF7B, 0xFF7B, 0xFF7B, 0xFF7B, 0xFF7B, 0xFF9B, 0xFF9B, 0xFF7B,
  0xFF7B, 0xACD3, 0x9C31, 0xFF7B, 0xFF7B, 0xFF7B, 0xFF7B, 0xFF7B,
  0xFF7B, 0xF6B8, 0xC2AB, 0xD28B, 0xD28B, 0xD28B, 0xD28B, 0xD2AB,
  0xD28B, 0xD28B, 0xD28B, 0xD28B, 0xD28B, 0xCAEC, 0xFF1B, 0xFF7B,
  0xFF7B, 0xB554, 0xAC71, 0x9C31, 0x7452, 0x95B7, 0x4A0A, 0x4948,
  0x522A, 0x7CD4, 0x7DF7, 0x7535, 0x7555, 0x8D54, 0xC573, 0xF656,
  0xBB8B, 0xDC0C, 0xDC0C, 0xD40D, 0xB3EC, 0xF655, 0xDD31, 0xEDF3,
  0xEDB3, 0xEDD3, 0xE5B3, 0xD5B4, 0x7492, 0x85F7, 0x5C72, 0x7DD7,
  0x7DF7, 0x7514, 0x3969, 0x4928, 0x4928, 0x4927, 0x69A9, 0x92CE,
  0x6B6F, 0x85F8, 0x7DF8, 0x7E18, 0x7E18, 0x85B7, 0x3947, 0x92AD,
  0xA2CD, 0xA2CD, 0xA2CD, 0xA2CD, 0xA2CD, 0xA2CD, 0xA2CD, 0xA2CD,
  0xA2CD, 0xA2CD, 0xA2AD, 0xA2CD, 0xA2CD, 0xA2CE, 0x8A6D, 0x6188,
  0x7B0D, 0xEEDA, 0xFF7C, 0xFF7B, 0xFF7B, 0xFF7B, 0xFF7B, 0xFF7B,
  0xFF9B, 0xFF7B, 0xFF7A, 0xFEF9, 0xD410, 0xD28B, 0xD28B, 0xD28B,
  0x5558, 0x5558, 0x5558, 0x5D58, 0x53B2, 0x3927, 0x7249, 0xB3EE,
  0xBC0D, 0xBC2D, 0xBC0D, 0xBC0D, 0xBC0D, 0xBC0D, 0xBC0D, 0xBC0D,
  0xBC0D, 0xBC0C, 0xBC0C, 0xBC2D, 0xBC0D, 0xBC2D, 0xDD2F, 0xF612,
  0xF632, 0xF632, 0xF632, 0xF632, 0xF632, 0xF632, 0xF632, 0xF632,
  0xF632, 0xF632, 0xF631, 0xF632, 0xF612, 0xEDF2, 0xD50F, 0xBC2D,
  0xBC0D, 0xBC0D, 0xBC0C, 0xBC0D, 0xABCD, 0x6A08, 0x8B2D, 0xB492,
  0xBCB2, 0xB4B1, 0xB4B2, 0xC4B2, 0xCCF3, 0xDDD6, 0xF73A, 0xF77B,
  0xFF7B, 0xFF7B, 0xFF7B, 0xFF7B, 0xFF7B, 0xFF7B, 0xFF5A, 0xEDD5,
  0xCB2D, 0xD28C, 0xD28B, 0xDAAC, 0xD28B, 0xD28B, 0xD28B, 0xD2AB,
  0xD2AB, 0xD28B, 0xD28C, 0xD28C, 0xD28C, 0xD28B, 0xD28C, 0xD2AC,
  0xD430, 0xF6F9, 0xFF7B, 0xFF7B, 0xFF7B, 0xFF7B, 0xFF7B, 0xFF7B,
  0xFF7B, 0xFF7B, 0xFF7B, 0xFF7B, 0xFF7B, 0xFF9C, 0xF75C, 0x9BAF,
  0x79E9, 0x922A, 0x9A0A, 0x9A2A, 0x91E9, 0xBB2D, 0xE534, 0xEE77,
  0xF71A, 0xFF5B, 0xFF7B, 0xFF7B, 0xFF7B, 0xFF7B, 0xFF7B, 0xFF7B,
  0xFF9B, 0xFF9B, 0xFF9B, 0xFF9B, 0xFF9B, 0xFF9B, 0xFF9B, 0xFF9B,
  0xFF9B, 0xFF9B, 0xFF9B, 0xFF9B, 0xFF9B, 0xFF9B, 0xFF9B, 0xFF9B,
  0xFF9B, 0xFF9B, 0xFF9B, 0xFF9B, 0xFF9B, 0xFF9B, 0xFF9B, 0xFF7B,
  0xFF7B, 0x8B8E, 0xACB2, 0xFF7B, 0xFF7B, 0xFF7B, 0xFF7B, 0xFF7B,
  0xFF7B, 0xEDF6, 0xCAAB, 0xD28B, 0xD28B, 0xD28B, 0xD2AB, 0xD2AB,
  0xD28B, 0xDA8B, 0xD28B, 0xD28B, 0xD2AB, 0xD38E, 0xFF5B, 0xFF7B,
  0xF77B, 0x8BAE, 0xD595, 0x6AEC, 0x74B4, 0x8DB7, 0x41EB, 0x4928,
  0x4168, 0x5B2E, 0x8555, 0x7DB6, 0x64D3, 0x8575, 0x94F2, 0xDE16,
  0xB38C, 0xD40C, 0xD3EC, 0xD40D, 0xAB8B, 0xF635, 0xE572, 0xEDD3,
  0xEDB3, 0xE5B3, 0xE593, 0x9C71, 0x7D76, 0x85D8, 0x6C72, 0x7DB6,
  0x7DD7, 0x5B6F, 0x4128, 0x4928, 0x4928, 0x4928, 0x8A8D, 0x92CE,
  0x6B6F, 0x7DF8, 0x7E18, 0x7E18, 0x7E18, 0x85D7, 0x3967, 0x92AD,
  0xA2CD, 0xA2CD, 0xA2CD, 0xA2CD, 0xA2CD, 0xA2CD, 0xA2CD, 0xA2CD,
  0xA2CD, 0xA2CD, 0xA2CD, 0xA2CD, 0xA2CE, 0x8A8C, 0x6189, 0x7AEC,
  0xD658, 0xFF7C, 0xFF7B, 0xFF7B, 0xFF7B, 0xFF9B, 0xFF9B, 0xFF7B,
  0xFF7B, 0xFF7B, 0xFF7A, 0xF616, 0xCAEC, 0xD28B, 0xD28B, 0xD28B,
  0x5558, 0x5558, 0x5558, 0x5CD6, 0x3A2C, 0x4147, 0x9B4C, 0xBBED,
  0xBC0C, 0xBC0C, 0xBC0D, 0xBC0D, 0xBC0D, 0xBC0D, 0xBC0D, 0xBC0D,
  0xBC0D, 0xBC0D, 0xBC0D, 0xBC0D, 0xBC2D, 0xCCAE, 0xEDD1, 0xF612,
  0xF632, 0xF632, 0xF632, 0xF632, 0xF632, 0xF632, 0xF632, 0xF632,
  0xF632, 0xF632, 0xF632, 0xF612, 0xF632, 0xF612, 0xF5F2, 0xCCCE,
  0xBC0D, 0xBC0C, 0xBC0C, 0xBC0D, 0xB40D, 0xA38D, 0x69E8, 0xA3F0,
  0xB492, 0xB4B1, 0xB4B2, 0xBC92, 0xC4B2, 0xCD13, 0xE637, 0xFF7B,
  0xFF7B, 0xFF7B, 0xFF7B, 0xFF7B, 0xFF7B, 0xFF7B, 0xFF7B, 0xFF3A,
  0xDCF3, 0xCAEC, 0xD28B, 0xD2AC, 0xD28B, 0xD28B, 0xD28B, 0xD2AB,
  0xD2AB, 0xD28B, 0xD28C, 0xDA8C, 0xD28C, 0xD28C, 0xD28C, 0xD28B,
  0xD2ED, 0xD4B1, 0xFF3A, 0xFF7B, 0xF77B, 0xFF7B, 0xFF7B, 0xFF7B,
  0xFF7B, 0xFF7B, 0xFF7B, 0xFF7B, 0xFF7B, 0xFF9B, 0xF79C, 0xE69A,
  0x8ACC, 0x81E9, 0x920A, 0x9A2A, 0x924A, 0xB3F0, 0xF6FA, 0xFF7B,
  0xFF7B, 0xFF7B, 0xFF7B, 0xFF7B, 0xFF7B, 0xFF7B, 0xFF7B, 0xFF7B,
  0xFF7B, 0xFF9B, 0xFF9B, 0xFF9B, 0xFF9B, 0xFF9B, 0xFF9B, 0xFF9B,
  0xFF9B, 0xFF9B, 0xFF9B, 0xFF9B, 0xFF9B, 0xFF9B, 0xFF9B, 0xFF9B,
  0xFF9B, 0xFF9B, 0xFF9B, 0xFF9B, 0xFF9B, 0xFF9B, 0xFF9B, 0xFF7B,
  0xFF7C, 0x72AB, 0xCD96, 0xFF7B, 0xFF7B, 0xFF7B, 0xFF7B, 0xFF7B,
  0xFF3B, 0xDCF3, 0xD2AB, 0xD28B, 0xD28B, 0xD28B, 0xD2AB, 0xD2AB,
  0xD28B, 0xD28B, 0xD28B, 0xD28B, 0xD2AB, 0xD451, 0xFF5B, 0xFF7B,
  0xF77B, 0x628A, 0xB4B2, 0x62CC, 0x6CD4, 0x8577, 0x4169, 0x4929,
  0x4108, 0x4169, 0x4A4B, 0x6C72, 0x7515, 0x7534, 0x8534, 0x94D2,
  0x9BCE, 0xAB4B, 0xC3CC, 0xCBED, 0xB3AC, 0xEE35, 0xF614, 0xE592,
  0xDD11, 0xDD32, 0xB490, 0x8492, 0x85D7, 0x7CD4, 0x4A8C, 0x7D55,
  0x8556, 0x4A2B, 0x4908, 0x4908, 0x4928, 0x5969, 0xB371, 0x92AE,
  0x630E, 0x7DD8, 0x7E18, 0x7E17, 0x7E18, 0x85D8, 0x3988, 0x92AD,
  0xA2CD, 0xA2CD, 0xA2CD, 0xA2CD, 0xA2CD, 0xA2CD, 0xA2CD, 0xA2CD,
  0xA2CD, 0xA2CD, 0xA2CD, 0x9ACE, 0x8A6C, 0x6188, 0x832D, 0xE6B9,
  0xF77B, 0xFF7B, 0xFF7B, 0xFF7B, 0xFF7B, 0xFF9B, 0xFF9B, 0xFF7B,
  0xFF7B, 0xFF7B, 0xF6F9, 0xD430, 0xD2AB, 0xD28B, 0xD28B, 0xD28B,
  0x5558, 0x5558, 0x5558, 0x4B92, 0x3928, 0x61E8, 0xB3EE, 0xBBED,
  0xBC0C, 0xBC0C, 0xBC0D, 0xBC0D, 0xBC0D, 0xBC0D, 0xBC0D, 0xBC0D,
  0xBC0D, 0xBC0D, 0xBC0D, 0xBC2D, 0xCC8E, 0xDD50, 0xF612, 0xF612,
  0xF632, 0xF632, 0xF632, 0xF632, 0xF632, 0xF632, 0xF632, 0xF632,
  0xF632, 0xF632, 0xEE12, 0xDD90, 0xF632, 0xF612, 0xF612, 0xEDB1,
  0xC46D, 0xBC0C, 0xBC0C, 0xBC2D, 0xBC0C, 0xB40D, 0x8B0B, 0x61E8,
  0xB491, 0xBCD2, 0xBCD3, 0xBC92, 0xBC91, 0xC4D2, 0xCD13, 0xF6B9,
  0xFF7B, 0xFF7B, 0xFF7B, 0xFF7B, 0xFF7B, 0xFF7B, 0xFF7B, 0xF75B,
  0xFF1A, 0xDC71, 0xD2AB, 0xD28B, 0xD28B, 0xD28B, 0xD28B, 0xD2AB,
  0xD2AB, 0xD2AC, 0xDA8C, 0xDA8C, 0xD28C, 0xD28C, 0xD28C, 0xD28B,
  0xD2AC, 0xC2CC, 0xDD13, 0xF75B, 0xFF7B, 0xFF7B, 0xFF7B, 0xFF7B,
  0xFF7B, 0xFF7B, 0xFF7B, 0xFF7B, 0xFF7B, 0xFF9A, 0xFF7B, 0xF77C,
  0xCD96, 0x7A09, 0x922A, 0x924A, 0xAB6F, 0xB451, 0xD5D6, 0xFF5B,
  0xFF7B, 0xFF7B, 0xFF7B, 0xFF7B, 0xFF7B, 0xFF7B, 0xFF7B, 0xFF7B,
  0xFF7B, 0xFF9B, 0xFF9B, 0xFF9B, 0xFF9B, 0xFF9B, 0xFF9B, 0xFF9B,
  0xFF9B, 0xFF9B, 0xFF9B, 0xFF9B, 0xFF9B, 0xFF9B, 0xFF9B, 0xFF9B,
  0xFF9B, 0xFF9B, 0xFF9B, 0xFF9B, 0xFF9B, 0xFF9B, 0xFF9B, 0xFF7B,
  0xF75B, 0x6AAB, 0xDE58, 0xFF7B, 0xFF7B, 0xFF7B, 0xFF7B, 0xFF7B,
  0xF6FA, 0xDC31, 0xD28B, 0xD28B, 0xD28B, 0xD28B, 0xD2AB, 0xD2AB,
  0xD2AB, 0xD28B, 0xDA8B, 0xD28B, 0xD2AC, 0xE533, 0xFF7B, 0xFF7B,
  0xF77B, 0x838E, 0xAC93, 0x6B4E, 0x7514, 0x7CB4, 0x4128, 0x4908,
  0x4928, 0x4928, 0x4108, 0x4189, 0x634F, 0x74B4, 0x7D96, 0x85B6,
  0x8430, 0xBCF2, 0xBC6F, 0xAB4B, 0xB3ED, 0xEE34, 0xFE76, 0xF655,
  0xFE56, 0xE5D4, 0x842F, 0x8DB6, 0x7535, 0x39EA, 0x39AA, 0x7CF5,
  0x63B0, 0x4148, 0x4949, 0x4928, 0x48E8, 0x8A8E, 0xDC55, 0x9ACE,
  0x5B0D, 0x7DD8, 0x7DF8, 0x7E17, 0x7E18, 0x85F8, 0x41C9, 0x92AD,
  0xA2CD, 0xA2CD, 0xA2CD, 0xA2CD, 0xA2CD, 0xA2CD, 0xA2CD, 0xA2CD,
  0xA2CD, 0xA2CD, 0x9AED, 0x824B, 0x5948, 0x7ACC, 0xE6B9, 0xF77B,
  0xFF7B, 0xFF7B, 0xFF7B, 0xFF7B, 0xFF7B, 0xFF9B, 0xFF9B, 0xFF9B,
  0xFF9B, 0xF719, 0xEDB5, 0xCACC, 0xD28B, 0xD2AB, 0xD28B, 0xD28B,
  0x5558, 0x5558, 0x5D37, 0x31EB, 0x4106, 0x8B0B, 0xBC0D, 0xBC2D,
  0xBC0C, 0xBC0C, 0xBC0D, 0xBC0D, 0xBC0D, 0xBC0D, 0xBC0D, 0xBC0D,
  0xBC0D, 0xBC0D, 0xBC0D, 0xC48D, 0xEDB1, 0xF612, 0xF612, 0xF632,
  0xEE32, 0xF632, 0xF632, 0xF612, 0xF632, 0xF632, 0xF632, 0xF632,
  0xF632, 0xF632, 0xEE12, 0xDD70, 0xCCEE, 0xEDF2, 0xF612, 0xF632,
  0xE590, 0xC44D, 0xBC0C, 0xBC0C, 0xBC0C, 0xBC0D, 0xB40D, 0x7A8A,
  0x6A6A, 0xB491, 0xB491, 0xBCB2, 0xBCB2, 0xBCB2, 0xCCF3, 0xD554,
  0xF71A, 0xFF7B, 0xFF7B, 0xFF7B, 0xFF7B, 0xFF7B, 0xFF7B, 0xFF7B,
  0xFF7B, 0xF698, 0xD3CF, 0xD28C, 0xD28B, 0xD28B, 0xD28B, 0xD28B,
  0xD2AB, 0xD2AB, 0xD2AB, 0xD2AB, 0xD28B, 0xD28B, 0xD2AB, 0xD28B,
  0xD28B, 0xD28B, 0xCB0D, 0xEDF6, 0xFF5A, 0xFF7B, 0xFF7B, 0xFF7B,
  0xFF7B, 0xFF7B, 0xFF7B, 0xFF7B, 0xFF7B, 0xFF7A, 0xFF7B, 0xFF9B,
  0xF73C, 0x9BCF, 0x8229, 0x9ACC, 0xC472, 0xBC72, 0xB471, 0xF71A,
  0xFF7B, 0xFF7B, 0xFF7B, 0xFF7B, 0xFF9B, 0xFF9B, 0xFF9B, 0xFF7B,
  0xFF7B, 0xFF9B, 0xFF9B, 0xFF9B, 0xFF9B, 0xFF9B, 0xFF9B, 0xFF9B,
  0xFF9B, 0xFF9B, 0xFF9B, 0xFF9B, 0xFF9B, 0xFF9B, 0xFF9B, 0xFF9B,
  0xFF9B, 0xFF9B, 0xFF7B, 0xFF7B, 0xFF7B, 0xFF9B, 0xFF9B, 0xFF9B,
  0xE6BA, 0x6AAC, 0xE6B9, 0xFF7B, 0xFF7B, 0xFF7B, 0xFF9B, 0xFF7B,
  0xF6B8, 0xD34E, 0xD28B, 0xD2AB, 0xD2AB, 0xD2AB, 0xD2AB, 0xD2AB,
  0xD2AB, 0xD2AB, 0xD28B, 0xD28B, 0xD2ED, 0xEE16, 0xFF7B, 0xFF7B,
  0xFF7C, 0x8C10, 0x8411, 0x4B0D, 0x85B6, 0x5B0E, 0x4928, 0x4928,
  0x4908, 0x4928, 0x4928, 0x4908, 0x3928, 0x4A0B, 0x7431, 0x8D12,
  0x83EF, 0x6AAA, 0xA471, 0xBD12, 0xD573, 0xE615, 0xDE15, 0xD594,
  0xA430, 0x5228, 0x74B2, 0x7D55, 0x6472, 0x6BD1, 0x3969, 0x6B90,
  0x4189, 0x4128, 0x4108, 0x4908, 0x5108, 0xCBD4, 0xEC76, 0xAB30,
  0x5B0E, 0x7DD7, 0x7E18, 0x7E18, 0x7DF8, 0x85F8, 0x422A, 0x928D,
  0xA2AD, 0xA2CD, 0xA2CD, 0xA2CD, 0xA2ED, 0xA2CD, 0xA2CE, 0xA2AD,
  0xA2CD, 0x9AAD, 0x720A, 0x5988, 0x93CF, 0xEEFA, 0xFF7B, 0xFF7B,
  0xFF7B, 0xFF7B, 0xFF7B, 0xFF7B, 0xFF9B, 0xFF9B, 0xFF7B, 0xFF7B,
  0xF77B, 0xF698, 0xD3CF, 0xD28B, 0xD28B, 0xD28B, 0xD28B, 0xD28B,
  0x5558, 0x5D38, 0x4B71, 0x3948, 0x61C8, 0xABED, 0xBC2D, 0xBC2D,
  0xBC0D, 0xBC0D, 0xBC0D, 0xBC0D, 0xBC0D, 0xBC0D, 0xBC0D, 0xBC0D,
  0xBC0D, 0xBC0D, 0xC44D, 0xE570, 0xF612, 0xF632, 0xF612, 0xF632,
  0xEE32, 0xF632, 0xF632, 0xF632, 0xF632, 0xF632, 0xF632, 0xF632,
  0xF632, 0xF632, 0xF632, 0xE5B0, 0xCCEE, 0xCCCE, 0xF612, 0xF632,
  0xF612, 0xDD50, 0xC44D, 0xBC0C, 0xBC0D, 0xBC0C, 0xB40D, 0xABED,
  0x6A28, 0x830C, 0xB4B2, 0xBCB2, 0xBCB1, 0xB4B2, 0xBCB2, 0xCCF3,
  0xDDF6, 0xFF5B, 0xFF7B, 0xFF7B, 0xFF7B, 0xFF7B, 0xFF7B, 0xFF7B,
  0xFF7B, 0xFF5B, 0xEE37, 0xCB6E, 0xD2AB, 0xD28B, 0xD28B, 0xD28B,
  0xD2AB, 0xD2AB, 0xD2AB, 0xD2AB, 0xD2AB, 0xD2AB, 0xD2AB, 0xD28B,
  0xD28B, 0xD28B, 0xD2AB, 0xCB6D, 0xEE16, 0xF75A, 0xFF7B, 0xFF7B,
  0xFF7B, 0xFF7B, 0xFF7B, 0xFF9B, 0xFF9B, 0xFF7B, 0xFF7B, 0xFF7B,
  0xFF7C, 0xDE58, 0x7A8A, 0xA36E, 0xC4B3, 0xC4D3, 0xAC10, 0xBD13,
  0xFF5B, 0xFF7B, 0xFF7B, 0xFF7B, 0xFF9B, 0xFF9B, 0xFF9B, 0xFF9B,
  0xFF9B, 0xFF9B, 0xFF9B, 0xFF9B, 0xFF9B, 0xFF9B, 0xFF9B, 0xFF9B,
  0xFF9B, 0xFF9B, 0xFF9B, 0xFF9B, 0xFF9B, 0xFF9B, 0xFF9B, 0xFF9B,
  0xFF9B, 0xFF9B, 0xFF7B, 0xFF7B, 0xFF7B, 0xFF7B, 0xFF7B, 0xFF7B,
  0xBD35, 0x72CD, 0xEEFA, 0xFF9B, 0xFF7B, 0xFF7B, 0xFF7B, 0xFF7B,
  0xEDF6, 0xD2CC, 0xD28B, 0xD2AB, 0xD2AB, 0xD2AB, 0xD2AB, 0xD2AB,
  0xD2AB, 0xD2AB, 0xD28B, 0xD28B, 0xD34E, 0xF698, 0xFF7B, 0xFF7B,
  0xFF7B, 0x8C30, 0x638F, 0x74B3, 0x7CF4, 0x4189, 0x4928, 0x4928,
  0x4908, 0x4908, 0x4928, 0x4928, 0x4928, 0x4928, 0x7B2D, 0xDDF5,
  0xCD95, 0x8BF0, 0xAD35, 0x9430, 0x72EA, 0xA4F2, 0xAD33, 0xAD33,
  0x83CF, 0x528B, 0x6BB0, 0x5BAF, 0x8596, 0x7D36, 0x39C9, 0x3988,
  0x4127, 0x4127, 0x4107, 0x4907, 0x8A6D, 0xEC96, 0xF476, 0xBB92,
  0x5B0E, 0x7DD7, 0x7E18, 0x7E18, 0x7DF8, 0x85F8, 0x4AAC, 0x826C,
  0x9ACD, 0xA2CD, 0xA2CD, 0xA2CD, 0xA2EE, 0xA2EE, 0xA2CE, 0xA2CE,
  0x928C, 0x69C9, 0x61E9, 0xA472, 0xEF1A, 0xFF7B, 0xFF7B, 0xFF7B,
  0xFF7B, 0xFF7B, 0xFF9B, 0xFF9B, 0xFF7B, 0xFF7B, 0xFF7B, 0xFF7B,
  0xFF5A, 0xE554, 0xCAEC, 0xD28B, 0xD28B, 0xD28B, 0xD28B, 0xD2AB,
  0x5D38, 0x5475, 0x316A, 0x4147, 0x932C, 0xBC0D, 0xBC2D, 0xBC2D,
  0xBC0D, 0xBC0D, 0xBC0D, 0xBC0D, 0xBC0D, 0xBC0D, 0xBC0D, 0xBC0D,
  0xBC0D, 0xC40D, 0xDD0F, 0xEDF2, 0xF632, 0xF632, 0xF612, 0xF632,
  0xF632, 0xF632, 0xF632, 0xF632, 0xF632, 0xF632, 0xF632, 0xF632,
  0xF632, 0xF632, 0xF632, 0xF632, 0xDD70, 0xBC6D, 0xDD50, 0xF612,
  0xF632, 0xF5F2, 0xD4EF, 0xBC2D, 0xBC0D, 0xBC0D, 0xBC0C, 0xB40D,
  0xA38D, 0x6A09, 0x9BCF, 0xB4B2, 0xBCB2, 0xB4B2, 0xB4B2, 0xC4B2,
  0xCD33, 0xE657, 0xFF5B, 0xFF9B, 0xFF7B, 0xFF7B, 0xFF7B, 0xFF7B,
  0xFF7B, 0xF77B, 0xFF5B, 0xEDF6, 0xCB2D, 0xD28C, 0xD28B, 0xD28B,
  0xD2AB, 0xD2AB, 0xD2AB, 0xD2AB, 0xD2AB, 0xD2AB, 0xD2AB, 0xD28B,
  0xD28B, 0xD28B, 0xD28B, 0xD2AB, 0xD3AE, 0xEE77, 0xFF7B, 0xFF7B,
  0xFF7B, 0xFF7B, 0xFF7B, 0xFF9B, 0xFF9B, 0xFF7B, 0xFF7B, 0xFF7B,
  0xFF9C, 0xFF7C, 0xC555, 0x936D, 0xC492, 0xC4B3, 0xC4B2, 0x9BAE,
  0xE678, 0xFF7B, 0xFF7B, 0xFF7B, 0xFF9B, 0xFF9B, 0xFF9B, 0xFF9B,
  0xFF9B, 0xFF9B, 0xFF9B, 0xFF9B, 0xFF9B, 0xFF9B, 0xFF9B, 0xFF9B,
  0xFF9B, 0xFF9B, 0xFF9B, 0xFF9B, 0xFF9B, 0xFF9B, 0xFF9B, 0xFF9B,
  0xFF9B, 0xFF9B, 0xFF9B, 0xFF9B, 0xFF7B, 0xFF7B, 0xFF7B, 0xFF7B,
  0x93EF, 0x730D, 0xF73B, 0xFF7B, 0xFF7B, 0xFF7B, 0xFF7B, 0xFF7A,
  0xDCB2, 0xD2AC, 0xD28B, 0xD2AB, 0xD2AB, 0xD2AB, 0xD2AB, 0xD2AB,
  0xD2AB, 0xD2AB, 0xDA8B, 0xD28B, 0xD3F0, 0xFF1A, 0xFF7B, 0xFF7B,
  0xFF7B, 0xAD13, 0x4A2A, 0x634F, 0x528C, 0x3948, 0x4149, 0x4149,
  0x4128, 0x4128, 0x4128, 0x4928, 0x4928, 0x4927, 0xAC31, 0xF657,
  0xB513, 0x6B6E, 0x636E, 0x7BF0, 0x6B4D, 0xBDD6, 0xBE17, 0xBDD6,
  0x8BEF, 0x732D, 0x49C8, 0x526B, 0x7CD4, 0x85D7, 0x5B4E, 0x626C,
  0x7ACD, 0x82CD, 0x8AAD, 0x92AE, 0xD414, 0xEC96, 0xF476, 0xCC35,
  0x636F, 0x7DF7, 0x7E18, 0x7DF8, 0x7DF8, 0x7DF8, 0x4AED, 0x7A6B,
  0x9AED, 0xA2CE, 0xA2CE, 0xA2CD, 0xA2CD, 0x9ACE, 0x9AAD, 0x822B,
  0x61A9, 0x7ACC, 0xC575, 0xF73B, 0xFF5B, 0xFF7B, 0xFF7B, 0xFF7B,
  0xFF7B, 0xFF7B, 0xFF9B, 0xFF9B, 0xFF7B, 0xFF7B, 0xFF7B, 0xF77B,
  0xF677, 0xCB4E, 0xD2AC, 0xD28B, 0xD28B, 0xD28B, 0xD28B, 0xD28B,
  0x5CF7, 0x42CE, 0x3908, 0x61E8, 0xABCD, 0xBC2D, 0xBC0D, 0xBC0D,
  0xBC0D, 0xBC0D, 0xBC0D, 0xBC0D, 0xBC0D, 0xBC0D, 0xBC2D, 0xBC0C,
  0xBC0C, 0xCC6E, 0xE5B0, 0xEE31, 0xEE31, 0xEE32, 0xEE12, 0xF612,
  0xF632, 0xF632, 0xF632, 0xF632, 0xF632, 0xF632, 0xF632, 0xF632,
  0xF632, 0xF632, 0xF632, 0xF632, 0xEDF2, 0xD52F, 0xCCCE, 0xE591,
  0xEE32, 0xF632, 0xEDD2, 0xCCAE, 0xBC0D, 0xBC0D, 0xBC0C, 0xB42C,
  0xB40D, 0x932C, 0x728A, 0x9BEF, 0xB491, 0xBCB1, 0xB4B2, 0xBCB2,
  0xC4B2, 0xD554, 0xEEB9, 0xFF7B, 0xF77B, 0xFF7B, 0xFF7B, 0xFF7B,
  0xFF7B, 0xFF7B, 0xFF7B, 0xFF5A, 0xE534, 0xCAAC, 0xD28C, 0xD28B,
  0xD28B, 0xD28B, 0xD28B, 0xD28B, 0xD28B, 0xD2AB, 0xD2AB, 0xDA8B,
  0xDA8B, 0xD28B, 0xDA8B, 0xDA8C, 0xCAAC, 0xD430, 0xFF1A, 0xFF7B,
  0xFF7B, 0xFF7B, 0xFF7B, 0xFF9B, 0xFF9B, 0xFF9B, 0xFF7B, 0xFF7B,
  0xFF7B, 0xFF7C, 0xFF5B, 0xA450, 0xABF0, 0xC492, 0xC4B3, 0xB471,
  0xBCF2, 0xFF7B, 0xFF7B, 0xFF7B, 0xFF7B, 0xFF7B, 0xFF9B, 0xFF9B,
  0xFF9B, 0xFF9B, 0xFF9B, 0xFF9B, 0xFF9B, 0xFF9B, 0xFF9B, 0xFF9B,
  0xFF9B, 0xFF9B, 0xFF9B, 0xFF9B, 0xFF9B, 0xFF9B, 0xFF9B, 0xFF9B,
  0xFF9B, 0xFF9B, 0xFF9B, 0xFF9B, 0xFF7B, 0xFF7B, 0xFF7B, 0xF73B,
  0x6AAB, 0x9C31, 0xFF7B, 0xFF7B, 0xFF7B, 0xFF7B, 0xFF7B, 0xFF1A,
  0xCB2D, 0xD28B, 0xD28B, 0xD2AB, 0xD2AB, 0xD2AB, 0xD2AB, 0xD2AB,
  0xD28B, 0xD28B, 0xD28B, 0xCAAB, 0xE554, 0xFF5B, 0xFF7B, 0xFF7B,
  0xFF7B, 0xEEFA, 0xBD96, 0xAD14, 0x628D, 0x4A4B, 0x7412, 0x6BB0,
  0x5B0E, 0x4A4B, 0x3989, 0x3928, 0x4128, 0x6A4B, 0xDDB6, 0xCD73,
  0x9CF2, 0x7472, 0x7D35, 0x7472, 0x5AEC, 0xB5B6, 0xBDF6, 0x8C0F,
  0x93EE, 0xDDB6, 0x7AAB, 0x61E9, 0x524A, 0x7CD3, 0x7CB3, 0x628B,
  0xB473, 0xCC74, 0xE455, 0xE475, 0xEC96, 0xEC96, 0xF496, 0xCC34,
  0x638F, 0x7E18, 0x7E18, 0x7E18, 0x7E18, 0x7DF8, 0x5B8F, 0x5988,
  0x7209, 0x71C9, 0x71EA, 0x7A2A, 0x7A4B, 0x69C9, 0x61A8, 0x726B,
  0xAC72, 0xE679, 0xFF7B, 0xFF7B, 0xFF7B, 0xFF9B, 0xFF7B, 0xFF7B,
  0xFF7B, 0xFF7B, 0xFF9B, 0xFF7B, 0xFF7B, 0xFF7B, 0xF75A, 0xFF1A,
  0xD491, 0xCAAC, 0xD28C, 0xD28B, 0xD28B, 0xD28B, 0xD28B, 0xD28B,
  0x53D2, 0x3169, 0x4126, 0x8B0B, 0xBC2D, 0xBC0C, 0xBC0D, 0xBC0D,
  0xBC0D, 0xBC0D, 0xBC0D, 0xBC0D, 0xBC0D, 0xBC0D, 0xBC0C, 0xBC2C,
  0xBC4D, 0xE571, 0xEE12, 0xEE31, 0xEE32, 0xDE33, 0xDE14, 0xEE32,
  0xF632, 0xF632, 0xF632, 0xF632, 0xF632, 0xF632, 0xF632, 0xF632,
  0xF632, 0xF632, 0xF632, 0xF632, 0xF632, 0xEDF1, 0xC4AE, 0xB42C,
  0xEDF2, 0xF632, 0xF611, 0xEDB1, 0xCC8E, 0xBC2D, 0xBC0D, 0xBC2D,
  0xBC0D, 0xBC0D, 0x8ACB, 0x6A49, 0xAC71, 0xB491, 0xB4B1, 0xB4D1,
  0xBCB2, 0xC4D2, 0xD595, 0xF73A, 0xFF7B, 0xFF9B, 0xFF7B, 0xFF9B,
  0xFF7B, 0xFF7B, 0xFF7B, 0xFF7B, 0xFF3A, 0xD451, 0xD2AC, 0xD28C,
  0xDA8B, 0xDA8B, 0xD28B, 0xD28B, 0xD28B, 0xD2AB, 0xD2AB, 0xD28B,
  0xDA8B, 0xD28B, 0xD2AB, 0xD28C, 0xD2AC, 0xCACC, 0xC3EF, 0xF6F9,
  0xF77A, 0xFF9B, 0xFF7B, 0xFF9B, 0xFF9B, 0xFF7B, 0xFF7B, 0xFF7B,
  0xFF7B, 0xFF7B, 0xFF7C, 0xE699, 0x8B4D, 0xBC51, 0xC4B3, 0xC4B2,
  0xB491, 0xF6FA, 0xFF7B, 0xFF7B, 0xFF7B, 0xFF7B, 0xFF9B, 0xFF9B,
  0xFF9B, 0xFF9B, 0xFF9B, 0xFF9B, 0xFF9B, 0xFF9B, 0xFF9B, 0xFF9B,
  0xFF9B, 0xFF9B, 0xFF9B, 0xFF9B, 0xFF9B, 0xFF9B, 0xFF9B, 0xFF9B,
  0xFF9B, 0xFF9B, 0xFF9B, 0xFF9B, 0xFF7B, 0xFF7B, 0xFF7B, 0xE699,
  0x5A29, 0xBD55, 0xFF7B, 0xFF7B, 0xFF7B, 0xFF7B, 0xFF7B, 0xEDD6,
  0xD2AC, 0xD28B, 0xD28B, 0xD2AB, 0xD2AB, 0xD2AB, 0xD2AB, 0xD2AB,
  0xD28B, 0xD28B, 0xD28B, 0xC2EC, 0xF6B9, 0xFF7B, 0xFF7B, 0xFF7B,
  0xFF7B, 0xFF7B, 0xF77B, 0xEF1B, 0x526C, 0x8D76, 0x7DF7, 0x7DF7,
  0x85F7, 0x8DD7, 0x85B7, 0x8535, 0x7CD4, 0x84B3, 0x83EF, 0x8BCD,
  0xA554, 0x7D14, 0x85F8, 0x7CF4, 0x6B4E, 0xA534, 0x8430, 0xA4B1,
  0xDDD5, 0xFE77, 0xC512, 0x5966, 0x7A2B, 0x4967, 0x528B, 0x524A,
  0xA3D0, 0xDC95, 0xF496, 0xF495, 0xF495, 0xEC95, 0xEC96, 0xBBD3,
  0x63D0, 0x7E17, 0x7E18, 0x7E18, 0x7E18, 0x7DF8, 0x7CD4, 0x834E,
  0xCD55, 0xDE38, 0xDE59, 0xD5F7, 0xCD96, 0xBD14, 0xDE79, 0xF73C,
  0xFF5B, 0xFF7B, 0xFF7B, 0xFF7B, 0xFF7B, 0xFF9B, 0xFF9B, 0xFF9B,
  0xFF9B, 0xFF9B, 0xFF7B, 0xFF7B, 0xF77B, 0xF77B, 0xFF5A, 0xE574,
  0xCB0D, 0xD2AC, 0xDAAC, 0xD28B, 0xD2AB, 0xD28B, 0xD28C, 0xD2AC,
  0x31CA, 0x3927, 0x59A7, 0xB3ED, 0xBC0C, 0xBC0D, 0xBC0D, 0xBC0D,
  0xBC0D, 0xBC0D, 0xBC0D, 0xBC0D, 0xBC0D, 0xBC0C, 0xB40C, 0xBC2D,
  0xD50F, 0xF612, 0xF632, 0xF632, 0xDE33, 0xB5F6, 0xC5F5, 0xEE33,
  0xF631, 0xF631, 0xF632, 0xF632, 0xF632, 0xF632, 0xF632, 0xF632,
  0xF632, 0xF632, 0xF632, 0xF632, 0xF632, 0xF632, 0xDD50, 0xABCB,
  0xCCCF, 0xEE12, 0xF631, 0xF612, 0xDD50, 0xC46D, 0xBC2D, 0xBC0D,
  0xBC0D, 0xBC0D, 0xBC0E, 0x7249, 0x728A, 0xB471, 0xB4B1, 0xB4B2,
  0xB4B2, 0xBCB2, 0xC4F3, 0xE637, 0xFF5B, 0xFF7B, 0xFF7B, 0xFF7B,
  0xFF7B, 0xFF7B, 0xFF7B, 0xFF7B, 0xFF7B, 0xFF1A, 0xD410, 0xD2AC,
  0xD26B, 0xD28B, 0xD28B, 0xD28B, 0xD28B, 0xD2AB, 0xD2AB, 0xD2AB,
  0xDA8B, 0xD2AB, 0xD2AB, 0xDA8C, 0xD28C, 0xD2AB, 0xD30D, 0xDCB2,
  0xF6F9, 0xF75A, 0xFF7B, 0xFF9B, 0xFF9B, 0xFF7B, 0xFF7B, 0xFF7B,
  0xFF7B, 0xFF7B, 0xFF9C, 0xF77C, 0xD617, 0x8B2D, 0xBC92, 0xC4D3,
  0xB450, 0xBCF2, 0xFF7B, 0xFF7B, 0xFF7B, 0xFF7B, 0xFF9B, 0xFF9B,
  0xFF9B, 0xFF9B, 0xFF9B, 0xFF9B, 0xFF9B, 0xFF9B, 0xFF9B, 0xFF9B,
  0xFF9B, 0xFF9B, 0xFF9B, 0xFF9B, 0xFF9B, 0xFF9B, 0xFF9B, 0xFF9B,
  0xFF9B, 0xFF9B, 0xFF9B, 0xFF9B, 0xFF7B, 0xFF7B, 0xFF5B, 0xCDD6,
  0x51E8, 0xDE79, 0xFF7B, 0xFF7B, 0xFF7B, 0xFF5B, 0xFF5B, 0xD450,
  0xDACC, 0xD28B, 0xD28B, 0xD2AB, 0xD2AB, 0xD2AB, 0xD2AB, 0xD2AB,
  0xD28B, 0xD28B, 0xD2AB, 0xD430, 0xFF5B, 0xFF7B, 0xFF7B, 0xFF7B,
  0xFF7B, 0xFF9B, 0xF75B, 0x9C91, 0x530D, 0x85D7, 0x7E17, 0x7E17,
  0x7E17, 0x7E18, 0x7E18, 0x7DF7, 0x7DF7, 0x85F7, 0x7491, 0xAD74,
  0xA555, 0x5C10, 0x74F4, 0x7451, 0x94B2, 0xAD54, 0xBDF6, 0xBD33,
  0xEE16, 0xF675, 0xEE36, 0x5986, 0x9AAC, 0x8A0B, 0x69C9, 0x5187,
  0x9ACE, 0xEC95, 0xF496, 0xF476, 0xF476, 0xF496, 0xEC96, 0xAB71,
  0x6411, 0x7E17, 0x7E18, 0x7E18, 0x7E18, 0x7E18, 0x8576, 0x7B8E,
  0xEE99, 0xFF5C, 0xF71B, 0xF67A, 0xE597, 0xEE38, 0xFF7C, 0xFF7B,
  0xFF7B, 0xFF7B, 0xFF7B, 0xFF7B, 0xFF7B, 0xFF9B, 0xFF9B, 0xFF9B,
  0xFF9B, 0xFF9B, 0xFF7B, 0xFF7B, 0xFF7B, 0xFF5A, 0xF637, 0xCB0D,
  0xD28B, 0xD28B, 0xD28B, 0xD2AB, 0xD2AB, 0xD28B, 0xD28B, 0xD3CF,
  0x3107, 0x4126, 0x932C, 0xBC0D, 0xBC0C, 0xBC0D, 0xBC0D, 0xBC0D,
  0xBC0D, 0xBC0D, 0xBC0D, 0xBC0D, 0xBC0D, 0xBC0C, 0xBC2D, 0xCCCE,
  0xEDD2, 0xF632, 0xF612, 0xF633, 0xC5F5, 0x95B7, 0xADD6, 0xE633,
  0xEE31, 0xF631, 0xF632, 0xF632, 0xF632, 0xF632, 0xF632, 0xF632,
  0xF632, 0xF632, 0xF632, 0xF632, 0xF632, 0xF632, 0xF612, 0xCCCF,
  0xA38B, 0xE591, 0xF631, 0xF631, 0xF5F2, 0xE550, 0xC44D, 0xBC0D,
  0xBC0D, 0xBC0D, 0xBC0C, 0xA38D, 0x6A08, 0x72AB, 0xAC71, 0xB4B2,
  0xB4B2, 0xBCD2, 0xBCB2, 0xCD34, 0xEED9, 0xFF7B, 0xFF7B, 0xFF7B,
  0xFF7B, 0xFF7B, 0xFF7B, 0xFF7B, 0xFF7B, 0xF77B, 0xEE77, 0xD38E,
  0xD28B, 0xD28B, 0xD28B, 0xD28B, 0xD28B, 0xD2AB, 0xD28B, 0xD28B,
  0xD28B, 0xD2AB, 0xD28B, 0xD28C, 0xD28C, 0xD28B, 0xD28B, 0xCAEC,
  0xDD13, 0xF6B8, 0xFF7B, 0xFF7B, 0xFF9B, 0xFF7B, 0xFF7B, 0xFF7B,
  0xFF9B, 0xFF9B, 0xF79B, 0xFF9C, 0xF75B, 0xACB2, 0x9BAE, 0xC4D3,
  0xC4B2, 0xAC30, 0xF6FA, 0xFF7B, 0xFF7B, 0xFF7B, 0xFF7B, 0xFF7B,
  0xFF9B, 0xFF9B, 0xFF9B, 0xFF9B, 0xFF9B, 0xFF9B, 0xFF9B, 0xFF9B,
  0xFF9B, 0xFF9B, 0xFF9B, 0xFF9B, 0xFF9B, 0xFF9B, 0xFF9B, 0xFF9B,
  0xFF9B, 0xFF9B, 0xFF7B, 0xFF7B, 0xFF7B, 0xFF7B, 0xFF5B, 0xB4F3,
  0x626A, 0xF73B, 0xFF7B, 0xFF7B, 0xFF7B, 0xFF7B, 0xF6D9, 0xD36E,
  0xD2AC, 0xD28B, 0xD28B, 0xD28B, 0xD28B, 0xD28B, 0xD28B, 0xD28B,
  0xD28B, 0xD28B, 0xCAAB, 0xE554, 0xFF5A, 0xFF7B, 0xFF9B, 0xFF7B,
  0xFF7B, 0xFF7B, 0xDE79, 0x39E8, 0x6CD3, 0x7DF7, 0x7E17, 0x7E17,
  0x7E17, 0x7E18, 0x7E18, 0x7E18, 0x7DF8, 0x7DF8, 0x74B3, 0xBE17,
  0x9555, 0x8596, 0x6C92, 0x8471, 0xA513, 0xBDF6, 0xC617, 0xC533,
  0xF636, 0xFE95, 0xFE77, 0x828A, 0xBB90, 0xB2CF, 0x922C, 0x9AAD,
  0xDC54, 0xEC96, 0xEC96, 0xF476, 0xF476, 0xF496, 0xEC96, 0xA351,
  0x6C31, 0x7E18, 0x7E18, 0x7E18, 0x7E18, 0x7E18, 0x85B7, 0x7B8F,
  0xEE39, 0xF619, 0xED56, 0xECD6, 0xE4D5, 0xF69A, 0xFF7B, 0xFF9A,
  0xFF7B, 0xFF7B, 0xFF7B, 0xFF7B, 0xFF7B, 0xFF9B, 0xFF9B, 0xFF7B,
  0xFF7B, 0xFF7B, 0xFF7B, 0xFF7B, 0xFF5B, 0xF657, 0xCB6E, 0xD28B,
  0xD28B, 0xD28B, 0xD2AB, 0xD2AB, 0xD28B, 0xDA8B, 0xD2CC, 0xE595,
  0x3907, 0x61E8, 0xB3EE, 0xBC0D, 0xBC0C, 0xBC2C, 0xBC0C, 0xBC0D,
  0xBC0D, 0xBC0C, 0xBC0D, 0xBC0D, 0xBC0D, 0xBC0D, 0xCC8E, 0xE5B1,
  0xF612, 0xF632, 0xF632, 0xE614, 0xA5D6, 0x7DB9, 0x95D8, 0xD634,
  0xEE32, 0xF632, 0xF632, 0xF632, 0xF632, 0xF632, 0xF632, 0xF632,
  0xF632, 0xF632, 0xF632, 0xF632, 0xF632, 0xF632, 0xF612, 0xE591,
  0xBC6E, 0xC48E, 0xF612, 0xF631, 0xF611, 0xF5F2, 0xDD0F, 0xC42D,
  0xC40D, 0xBC0C, 0xBC0C, 0xBC0D, 0xA3AD, 0x6A08, 0x832D, 0xB4B2,
  0xB4D2, 0xB4B2, 0xBCB2, 0xC4F3, 0xD595, 0xF6FA, 0xFF9B, 0xFF7B,
  0xFF7B, 0xFF7B, 0xFF7B, 0xFF7B, 0xFF7B, 0xFF7B, 0xFF5B, 0xEDD6,
  0xCAEC, 0xD28B, 0xD28B, 0xD28B, 0xD28B, 0xD28B, 0xDA8B, 0xD28B,
  0xD28B, 0xD2AB, 0xD2AB, 0xD2AB, 0xD28B, 0xD28C, 0xD28C, 0xD2AC,
  0xD32D, 0xD491, 0xF6F9, 0xFF7B, 0xFF7B, 0xFF7B, 0xFF7B, 0xFF7B,
  0xFF7B, 0xFF7B, 0xFF7B, 0xF77B, 0xF79B, 0xEEFA, 0x93CF, 0xAC30,
  0xC4B3, 0xC4D3, 0xCD95, 0xF71A, 0xFF7B, 0xFF7B, 0xFF7B, 0xFF7B,
  0xFF9B, 0xFF9B, 0xFF9B, 0xFF9B, 0xFF9B, 0xFF9B, 0xFF9B, 0xFF9B,
  0xFF9B, 0xFF9B, 0xFF9B, 0xFF9B, 0xFF9B, 0xFF9B, 0xFF9B, 0xFF9B,
  0xFF9B, 0xFF9B, 0xFF7B, 0xFF7A, 0xFF7B, 0xFF7B, 0xFF7B, 0x9C10,
  0x8BAF, 0xFF7C, 0xFF7A, 0xFF7B, 0xFF7B, 0xF77B, 0xEE16, 0xD2EC,
  0xD28B, 0xD28B, 0xD28B, 0xDA8B, 0xD28B, 0xD28B, 0xD28B, 0xD28B,
  0xD28B, 0xD28C, 0xCAEC, 0xEE37, 0xFF7B, 0xFF7B, 0xFF9B, 0xFF7B,
  0xFF7B, 0xF75B, 0x9432, 0x532D, 0x7DD7, 0x7E18, 0x7E18, 0x7E18,
  0x7E18, 0x7E18, 0x7E18, 0x7E18, 0x7DF8, 0x8618, 0x7CF3, 0xB5F8,
  0x7D55, 0x7DF8, 0x8576, 0x7C0F, 0x9CB0, 0xA512, 0xBDD5, 0xB4D1,
  0xE5D4, 0xF695, 0xFE97, 0xA40F, 0xB370, 0xE455, 0xC351, 0xD392,
  0xEC76, 0xF476, 0xF476, 0xF476, 0xF476, 0xF476, 0xEC96, 0x9B10,
  0x6C52, 0x7E18, 0x7E18, 0x7E18, 0x7E18, 0x7E18, 0x85F8, 0x6B0E,
  0xD495, 0xECB6, 0xEC96, 0xF476, 0xECF6, 0xFF1B, 0xFF7B, 0xFF9B,
  0xFF7B, 0xFF7B, 0xFF7B, 0xFF7B, 0xFF9B, 0xFF9B, 0xFF9B, 0xFF7B,
  0xFF7B, 0xFF7B, 0xFF7B, 0xFF7B, 0xF678, 0xD410, 0xCAAB, 0xDA8B,
  0xD28B, 0xD2AB, 0xD28B, 0xD28B, 0xD28B, 0xDA8C, 0xD3AF, 0xF6F9,
  0x4166, 0x934C, 0xBC0D, 0xBC0D, 0xBC0D, 0xB42C, 0xBC0D, 0xBC0D,
  0xBC0D, 0xBC0C, 0xBC0D, 0xBC0C, 0xBC0D, 0xCC6E, 0xED91, 0xF612,
  0xEE31, 0xF632, 0xEE33, 0xBDF6, 0x95F9, 0x7DDA, 0x8DD8, 0xC615,
  0xEE32, 0xF632, 0xF632, 0xF632, 0xF632, 0xF632, 0xF632, 0xF632,
  0xF632, 0xF632, 0xF632, 0xF632, 0xF632, 0xF632, 0xF632, 0xF612,
  0xD530, 0xB40D, 0xDD50, 0xF632, 0xF631, 0xF612, 0xEDD1, 0xCC8E,
  0xC42D, 0xC40D, 0xBC0C, 0xBC0D, 0xB40D, 0x9B8C, 0x61E8, 0x8B6E,
  0xB4B2, 0xB4D1, 0xB4B1, 0xBCB2, 0xCD34, 0xDDB5, 0xFF5B, 0xFF5B,
  0xFF7B, 0xFF7B, 0xFF7B, 0xFF7B, 0xFF7B, 0xFF7B, 0xFF7B, 0xFF3A,
  0xE513, 0xCACC, 0xD2AB, 0xD28B, 0xD28B, 0xD28B, 0xD28B, 0xD2AB,
  0xD2AB, 0xD2AB, 0xD2AB, 0xD2AB, 0xD28B, 0xD28C, 0xD28C, 0xD28B,
  0xD28B, 0xCACC, 0xDC71, 0xF6D9, 0xFF7B, 0xFF7B, 0xFF7B, 0xFF7B,
  0xFF7B, 0xFF7B, 0xFF7B, 0xFF7B, 0xFF7B, 0xFF7B, 0xDE58, 0x7AAA,
  0xB451, 0xC4D3, 0xC4F3, 0xE678, 0xFF7B, 0xFF7B, 0xFF7B, 0xFF7B,
  0xFF7B, 0xFF9B, 0xFF9B, 0xFF9B, 0xFF9B, 0xFF9B, 0xFF9B, 0xFF9B,
  0xFF9B, 0xFF9B, 0xFF9B, 0xFF9B, 0xFF9B, 0xFF9B, 0xFF9B, 0xFF9B,
  0xFF9B, 0xFF9B, 0xFF7B, 0xFF7B, 0xFF7B, 0xFF7B, 0xFF7B, 0x7B2D,
  0xBD75, 0xFF5B, 0xFF7A, 0xFF7B, 0xFF7B, 0xFF7B, 0xDD13, 0xCAAB,
  0xD28B, 0xD2AB, 0xD2AB, 0xDA8B, 0xD28B, 0xD28B, 0xD28B, 0xD28B,
  0xD28B, 0xD2AB, 0xD3EF, 0xFF19, 0xF77B, 0xFF7B, 0xFF9B, 0xFF7B,
  0xFF7B, 0xDE99, 0x62ED, 0x8596, 0x7E18, 0x7E18, 0x7E18, 0x7E18,
  0x7E18, 0x7E18, 0x7E18, 0x7E17, 0x7DF8, 0x7DD7, 0x7CB2, 0x84D3,
  0x7D96, 0x7DF8, 0x8555, 0x9D13, 0xAD32, 0x9490, 0xBDB5, 0xBD33,
  0xCD32, 0xF676, 0xF677, 0xAC51, 0xA30F, 0xEC76, 0xEC75, 0xEC76,
  0xF476, 0xF476, 0xF476, 0xF476, 0xF476, 0xF476, 0xEC96, 0x7A6D,
  0x7493, 0x7E18, 0x7E18, 0x7E18, 0x7E18, 0x7E18, 0x7DF8, 0x630E,
  0xBBD3, 0xF476, 0xF476, 0xF496, 0xED57, 0xFF3B, 0xFF7B, 0xFF7B,
  0xFF7B, 0xFF7B, 0xFF7B, 0xFF7B, 0xFF9B, 0xFF7B, 0xFF7B, 0xFF7B,
  0xFF7B, 0xFF7B, 0xFF5A, 0xEDF6, 0xCB6E, 0xCAAC, 0xD28B, 0xD28B,
  0xD2AB, 0xD2AB, 0xD28B, 0xD28B, 0xD28B, 0xCAAC, 0xE595, 0xF75A,
  0x734D, 0xAC2F, 0xC40D, 0xBC0D, 0xBC0D, 0xBC0C, 0xBC0D, 0xBC0D,
  0xBC0D, 0xBC2D, 0xBC2D, 0xBC0C, 0xC44D, 0xE530, 0xF612, 0xF632,
  0xEE11, 0xEE32, 0xD614, 0x95B7, 0x85B9, 0x7DB9, 0x85D9, 0xADF6,
  0xE633, 0xF632, 0xF632, 0xF632, 0xF632, 0xF632, 0xF632, 0xF632,
  0xF632, 0xF632, 0xF632, 0xF632, 0xF632, 0xF632, 0xF632, 0xF632,
  0xF632, 0xC4AE, 0xBC2D, 0xF612, 0xF631, 0xF632, 0xF632, 0xED91,
  0xCC8E, 0xC42D, 0xBC0D, 0xBC0C, 0xBC0D, 0xB42D, 0x9B6C, 0x4925,
  0x93AF, 0xB4B1, 0xB4B1, 0xC513, 0xBCB2, 0xCCF3, 0xDDF6, 0xFF5B,
  0xFF7B, 0xFF7B, 0xFF7B, 0xFF7B, 0xFF7B, 0xFF7B, 0xFF7B, 0xFF7B,
  0xFF1A, 0xE534, 0xBA8B, 0xDAAC, 0xD28C, 0xD28B, 0xDA8B, 0xD2AB,
  0xD2AB, 0xD2AB, 0xD2AB, 0xD2AB, 0xD28B, 0xDA8C, 0xDA8C, 0xD28C,
  0xD28B, 0xDAAC, 0xCAAC, 0xCBAF, 0xF6D9, 0xFF7B, 0xFF7B, 0xFF7B,
  0xFF7B, 0xFF7B, 0xFF7B, 0xFF7B, 0xFF7B, 0xFF9B, 0xFF7C, 0xD5F6,
  0x934D, 0xBCB2, 0xC4B2, 0xAC91, 0xFF3B, 0xFF7B, 0xFF9B, 0xFF9B,
  0xFF9B, 0xFF9B, 0xFF9B, 0xFF9B, 0xFF9B, 0xFF9B, 0xFF9B, 0xFF9B,
  0xFF9B, 0xFF9B, 0xFF9B, 0xFF9B, 0xFF9B, 0xFF9B, 0xFF9B, 0xFF9B,
  0xFF9B, 0xFF9B, 0xFF7B, 0xFF7B, 0xFF7B, 0xFF7B, 0xF73B, 0x6ACB,
  0xDE79, 0xFF7B, 0xFF7B, 0xFF7B, 0xFF7B, 0xFF5B, 0xD3CF, 0xD2AC,
  0xD2AB, 0xD2AB, 0xD2AB, 0xDA8B, 0xD28B, 0xD28B, 0xD28B, 0xD28B,
  0xD2AC, 0xCAAC, 0xE595, 0xFF7B, 0xFF7B, 0xFF7B, 0xFF7B, 0xFF7B,
  0xFF7B, 0xACF3, 0x63AF, 0x85F7, 0x7E18, 0x7E18, 0x7E18, 0x7E18,
  0x7E18, 0x7E18, 0x7E17, 0x7E18, 0x7E18, 0x8596, 0x8CD4, 0x6C92,
  0x85F7, 0x8618, 0x8535, 0xAD95, 0x8C4F, 0x8C50, 0xC617, 0xB4F3,
  0xCD34, 0xCD54, 0x6A48, 0x4946, 0x9ACE, 0xEC96, 0xEC76, 0xEC96,
  0xF476, 0xF476, 0xF476, 0xF476, 0xF476, 0xF476, 0xEC96, 0x61CA,
  0x74D4, 0x7DF8, 0x7E18, 0x7E18, 0x7E18, 0x7E18, 0x7DF7, 0x6BB0,
  0xAB71, 0xEC96, 0xF476, 0xF496, 0xF5D8, 0xFF5B, 0xFF7B, 0xFF7B,
  0xFF7B, 0xFF7B, 0xFF7B, 0xFF7B, 0xFF7B, 0xFF7B, 0xFF7B, 0xFF7B,
  0xFF7B, 0xFF5A, 0xEDF6, 0xCB0D, 0xD2AC, 0xD28B, 0xD28B, 0xD2AB,
  0xD2AB, 0xD2AB, 0xD28B, 0xD28C, 0xD2AC, 0xCBCF, 0xFF1A, 0xFF7B,
  0x9D55, 0xA4F3, 0xAC2F, 0xBC0D, 0xBC0C, 0xBC2C, 0xBC0D, 0xBC0D,
  0xBC0D, 0xBC0C, 0xBC2C, 0xC42D, 0xD4EF, 0xF5F2, 0xF632, 0xF632,
  0xF631, 0xE633, 0xADF6, 0x85D9, 0x7DB9, 0x85BA, 0x85D9, 0x95D8,
  0xD614, 0xF632, 0xF632, 0xF632, 0xF632, 0xF632, 0xF632, 0xF632,
  0xF632, 0xF632, 0xF632, 0xF632, 0xF632, 0xF632, 0xF632, 0xF632,
  0xF612, 0xE591, 0xABCB, 0xD52F, 0xF612, 0xF631, 0xF611, 0xF632,
  0xE591, 0xCC8E, 0xC42D, 0xBC0D, 0xBC0D, 0xBC2D, 0xB42E, 0x82CA,
  0x59C8, 0x9BF0, 0xB4B2, 0xBCB2, 0xB4B1, 0xBCB2, 0xCCF3, 0xEE78,
  0xFF7B, 0xFF7B, 0xFF7B, 0xFF9B, 0xFF7B, 0xFF7B, 0xFF7B, 0xFF7B,
  0xFF7B, 0xFF3A, 0xDCF2, 0xCAED, 0xD2AC, 0xD28B, 0xDA8B, 0xD2AB,
  0xD2AB, 0xD2AB, 0xD28B, 0xD28B, 0xD28B, 0xD28C, 0xD28C, 0xD28C,
  0xD2AC, 0xD28C, 0xD28C, 0xCAAC, 0xDC51, 0xF6D9, 0xFF7B, 0xFF7B,
  0xFF7B, 0xFF7B, 0xFF7B, 0xFF7B, 0xFF7B, 0xFF9B, 0xFF9C, 0xFF5B,
  0xB4D2, 0xA410, 0xC4B2, 0xBCD2, 0xD5B5, 0xFF7B, 0xFF7B, 0xFF7B,
  0xFF7B, 0xFF7B, 0xFF9B, 0xFF9B, 0xFF7B, 0xFF7B, 0xFF7B, 0xFF7B,
  0xFF7B, 0xFF7B, 0xFF7B, 0xFF7B, 0xFF7B, 0xFF7B, 0xFF7B, 0xFF9B,
  0xFF9B, 0xFF9B, 0xFF7B, 0xFF7B, 0xFF7B, 0xFF7B, 0xE6BA, 0x6ACB,
  0xEEDA, 0xFF7B, 0xFF7B, 0xFF7B, 0xFF7B, 0xEE16, 0xCAEC, 0xD2AB,
  0xD28B, 0xD28B, 0xD28B, 0xD28B, 0xD28B, 0xD28B, 0xD28B, 0xD28B,
  0xD2AC, 0xD38E, 0xFF1A, 0xFF7B, 0xFF7B, 0xFF7B, 0xFF7B, 0xFF9B,
  0xF75C, 0x6B2D, 0x74F4, 0x7DF7, 0x7E18, 0x7E18, 0x7E18, 0x7E18,
  0x7E18, 0x7E18, 0x7E18, 0x7E18, 0x85D7, 0x7C93, 0x7C31, 0x7D35,
  0x7E17, 0x7DF7, 0x7CB2, 0xB5F6, 0xBE16, 0xBDF7, 0xC617, 0xB534,
  0x72AB, 0x5187, 0x4926, 0x4926, 0x822C, 0xEC76, 0xF496, 0xEC96,
  0xF476, 0xF476, 0xF476, 0xF476, 0xF476, 0xF476, 0xEC96, 0x4989,
  0x7515, 0x7DF8, 0x7E18, 0x7E18, 0x7E18, 0x7E18, 0x7DF8, 0x6C52,
  0x8AEF, 0xEC96, 0xF496, 0xECB6, 0xF639, 0xFF5B, 0xFF7B, 0xFF7B,
  0xFF7B, 0xFF7B, 0xFF7B, 0xFF7B, 0xFF7B, 0xFF7B, 0xFF7B, 0xFF7B,
  0xFEF9, 0xE575, 0xCB2D, 0xD2AC, 0xD28B, 0xD28B, 0xD2AB, 0xD28B,
  0xDA8B, 0xD28B, 0xD28B, 0xD28B, 0xCB0D, 0xF617, 0xFF7B, 0xF79B,
  0x9D97, 0x95B8, 0x9D35, 0xAC90, 0xB42D, 0xBC0D, 0xBC0D, 0xBC0D,
  0xBC0D, 0xBC0C, 0xBC2C, 0xD4EF, 0xEDF1, 0xF611, 0xF632, 0xF632,
  0xEE33, 0xCE15, 0x9E18, 0x961A, 0x8DFA, 0x7DDA, 0x7DD9, 0x85B8,
  0xC615, 0xEE33, 0xF632, 0xF632, 0xF632, 0xF632, 0xF632, 0xF632,
  0xF632, 0xF632, 0xF632, 0xF632, 0xF632, 0xF632, 0xF632, 0xF632,
  0xF632, 0xEE12, 0xCCEF, 0xA38A, 0xE5D1, 0xF631, 0xF631, 0xF632,
  0xF612, 0xDD50, 0xCC6D, 0xC40D, 0xBC0D, 0xBC0D, 0xBC2D, 0xB42E,
  0x7AAA, 0x59A7, 0x9BAF, 0xB492, 0xB4B2, 0xBCB2, 0xBCB2, 0xD554,
  0xEE98, 0xFF5B, 0xFF7B, 0xFF7B, 0xFF7B, 0xFF7B, 0xFF7B, 0xFF7B,
  0xFF7B, 0xFF7B, 0xFF3A, 0xE513, 0xCAEC, 0xD28B, 0xD2AB, 0xD2AB,
  0xD2AB, 0xD2AB, 0xD28B, 0xD28B, 0xD2AC, 0xD28C, 0xD28C, 0xD28C,
  0xD28C, 0xD28C, 0xD28B, 0xD28B, 0xCAAC, 0xDC51, 0xF698, 0xFF5A,
  0xFF7B, 0xFF7B, 0xFF7B, 0xFF7B, 0xFF7B, 0xFF7B, 0xFF7B, 0xFF7B,
  0xF71A, 0xB4B2, 0xAC30, 0xC4D2, 0xCD74, 0xF6FA, 0xFF7B, 0xFF7B,
  0xFF7B, 0xFF7B, 0xFF7B, 0xFF7B, 0xFF7B, 0xFF7B, 0xFF7B, 0xFF7B,
  0xFF7B, 0xFF7B, 0xFF7B, 0xFF7B, 0xFF7B, 0xFF7B, 0xFF7B, 0xFF9B,
  0xFF9B, 0xFF9B, 0xFF7B, 0xFF7B, 0xFF7B, 0xFF7B, 0xB534, 0x93EF,
  0xF75B, 0xFF7B, 0xFF7B, 0xFF9B, 0xFF1A, 0xCC0F, 0xD2AC, 0xD28B,
  0xD28B, 0xD28B, 0xD28B, 0xD28B, 0xD28B, 0xD28B, 0xD28B, 0xD28B,
  0xCACC, 0xE554, 0xFF7B, 0xFF7B, 0xFF7B, 0xFF7B, 0xFF7B, 0xFF7B,
  0xDE59, 0x4A8B, 0x7D96, 0x7DF8, 0x7E18, 0x7E18, 0x7E18, 0x7E18,
  0x7E18, 0x7E18, 0x7E18, 0x7DD7, 0x74D3, 0x8472, 0x636E, 0x7D55,
  0x7E17, 0x85F7, 0x7CB2, 0xBDF7, 0xBE37, 0xBE37, 0xBE37, 0xC5D7,
  0x622A, 0x4927, 0x4927, 0x4907, 0x69AA, 0xE476, 0xF476, 0xF476,
  0xF476, 0xF476, 0xF476, 0xF476, 0xF476, 0xF476, 0xE475, 0x4168,
  0x7D76, 0x7DF8, 0x7E18, 0x7E18, 0x7E18, 0x7E18, 0x7DF8, 0x74D3,
  0x728D, 0xEC96, 0xF476, 0xECB5, 0xF699, 0xFF7B, 0xFF7B, 0xFF7B,
  0xFF7B, 0xFF7B, 0xFF7B, 0xFF7B, 0xFF7B, 0xFF5B, 0xF6F9, 0xEE37,
  0xDCB2, 0xC2CC, 0xD2AC, 0xD2AC, 0xDA8B, 0xDA8B, 0xD2AB, 0xD28B,
  0xD28B, 0xD28B, 0xD28B, 0xCAAC, 0xDCD2, 0xFF3A, 0xFF7B, 0xF77B,
  0x9DB7, 0x961A, 0x8DB9, 0x9D76, 0xACD2, 0xB42E, 0xBC0D, 0xBC0C,
  0xBC0C, 0xBC2D, 0xCCAE, 0xEDB2, 0xEE11, 0xF631, 0xF632, 0xEE32,
  0xDE14, 0xA5D6, 0x961A, 0xBEFC, 0xA65B, 0x85DA, 0x85DA, 0x85B9,
  0xADD6, 0xE633, 0xEE32, 0xF632, 0xF632, 0xF632, 0xF632, 0xF632,
  0xF632, 0xF632, 0xF632, 0xF632, 0xF632, 0xF632, 0xF632, 0xF612,
  0xF612, 0xF632, 0xE5B1, 0xB3EC, 0xC48E, 0xF612, 0xF631, 0xF631,
  0xF631, 0xF612, 0xE550, 0xCC6D, 0xC40D, 0xBC0D, 0xBC0D, 0xBC0D,
  0xABED, 0x82CA, 0x59C8, 0x93AF, 0xBCD2, 0xB4B2, 0xB4B1, 0xC4D2,
  0xCD54, 0xEE98, 0xFF5B, 0xF77B, 0xFF7B, 0xFF9B, 0xFF7B, 0xFF7B,
  0xFF7B, 0xFF7B, 0xFF7B, 0xF6F9, 0xDCD2, 0xCAEC, 0xD2AB, 0xD2AB,
  0xD2AB, 0xD2AB, 0xD28B, 0xD28B, 0xDA8C, 0xD28C, 0xD2AC, 0xD28C,
  0xD28C, 0xDA8C, 0xDA8B, 0xD28B, 0xD28B, 0xD2AC, 0xD3F0, 0xF698,
  0xFF7B, 0xFF7B, 0xFF7B, 0xFF7B, 0xFF7B, 0xFF7B, 0xFF7B, 0xF77B,
  0xF77B, 0xEEDA, 0xAC71, 0xBC72, 0xCD15, 0xBD14, 0xACD2, 0xBD13,
  0xE6B9, 0xFF7B, 0xFF7B, 0xFF7B, 0xFF7B, 0xFF7B, 0xFF7B, 0xFF7B,
  0xFF7B, 0xFF7B, 0xFF7B, 0xFF7B, 0xFF7B, 0xFF7B, 0xFF7B, 0xFF9B,
  0xFF9B, 0xFF9B, 0xFF7B, 0xFF7B, 0xFF7B, 0xFF7C, 0x6ACC, 0xC5B5,
  0xFF7B, 0xFF7B, 0xFF7B, 0xF77B, 0xEDD6, 0xD2EC, 0xD2AC, 0xD28B,
  0xD28B, 0xD28B, 0xD28B, 0xD28B, 0xD28B, 0xD28B, 0xD28B, 0xD28B,
  0xD3CF, 0xFEF9, 0xFF7B, 0xFF7B, 0xFF7B, 0xFF7B, 0xFF7B, 0xFF7B,
  0xA4B2, 0x5B8F, 0x7DF7, 0x7DF8, 0x7E18, 0x7E18, 0x7E18, 0x7E18,
  0x7E18, 0x7DF8, 0x7DF8, 0x74F4, 0x8CD3, 0xAD56, 0x4AED, 0x7535,
  0x7E17, 0x85F7, 0x7CB2, 0xBE17, 0xBE57, 0xBE37, 0xBE37, 0xC617,
  0x72ED, 0x4928, 0x4928, 0x4928, 0x5129, 0xCBF3, 0xF476, 0xF476,
  0xF476, 0xF476, 0xF476, 0xF476, 0xF476, 0xF476, 0xD434, 0x41C9,
  0x85D7, 0x7DF8, 0x7E18, 0x7E18, 0x7E18, 0x7E18, 0x7DF8, 0x7D55,
  0x5A2B, 0xE476, 0xF476, 0xECF6, 0xFF1A, 0xFF7B, 0xFF7B, 0xFF7B,
  0xFF7B, 0xFF9B, 0xFF7B, 0xFF5B, 0xFEF9, 0xEDD6, 0xD430, 0xD34E,
  0xD2CC, 0xD28B, 0xD2AB, 0xDA8B, 0xDA8B, 0xD28B, 0xD2AB, 0xD28B,
  0xD28B, 0xD28B, 0xD2AC, 0xD3CF, 0xF6B8, 0xFF5B, 0xFF7B, 0xEED9,
  0xA5B7, 0x95FA, 0x85DA, 0x8DF9, 0x9DB7, 0x9CF3, 0xAC4F, 0xB40D,
  0xBC2D, 0xBC4D, 0xE591, 0xF5F2, 0xF632, 0xF612, 0xF611, 0xE632,
  0xBDF5, 0x8DB8, 0x8DFA, 0x9E19, 0x95FA, 0x85DA, 0x85BA, 0x85D9,
  0x95D7, 0xD614, 0xF632, 0xF612, 0xF632, 0xF632, 0xF632, 0xF632,
  0xF632, 0xF632, 0xF632, 0xF632, 0xF632, 0xF632, 0xF632, 0xF632,
  0xF611, 0xF632, 0xEE12, 0xDD70, 0x9B6A, 0xEDF2, 0xF631, 0xF631,
  0xF632, 0xF632, 0xF612, 0xE550, 0xCC4D, 0xC42D, 0xBC0C, 0xBC0D,
  0xBC0D, 0xABED, 0x82EB, 0x6209, 0xA431, 0xB4D2, 0xB4B1, 0xBCB2,
  0xBCD2, 0xD574, 0xF6D9, 0xFF7B, 0xFF7B, 0xFF7B, 0xFF7B, 0xFF7B,
  0xFF7B, 0xFF7B, 0xFF7B, 0xFF7B, 0xFF1A, 0xE4D3, 0xCACC, 0xDAAC,
  0xD28C, 0xD2AC, 0xD28B, 0xD28B, 0xD28B, 0xD28C, 0xD2AC, 0xD28C,
  0xD28C, 0xDA8B, 0xDA8B, 0xD28B, 0xD28B, 0xD28B, 0xD2AC, 0xD3CF,
  0xF698, 0xFF7B, 0xFF7B, 0xFF7B, 0xFF7B, 0xFF7B, 0xFF5B, 0xF71A,
  0xF71A, 0xF73B, 0xDE38, 0x830D, 0x6A2A, 0x69E9, 0x6167, 0x69A8,
  0x92ED, 0xCD34, 0xF75B, 0xF77B, 0xFF7B, 0xFF7B, 0xFF7B, 0xFF9B,
  0xFF7B, 0xFF7B, 0xFF7B, 0xFF7B, 0xFF7A, 0xFF7B, 0xFF9B, 0xFF7B,
  0xFF7B, 0xFF7B, 0xFF7B, 0xFF7B, 0xFF7B, 0xF71B, 0x5208, 0xF71A,
  0xFF7B, 0xFF7B, 0xFF9B, 0xFF5B, 0xD4B2, 0xCAAC, 0xBA8B, 0xC28B,
  0xCAAC, 0xD28B, 0xD28B, 0xD28B, 0xD28B, 0xD28B, 0xD28B, 0xCAAB,
  0xE534, 0xFF5B, 0xFF7B, 0xFF7B, 0xFF7B, 0xFF7B, 0xFF7B, 0xEF1B,
  0x62CB, 0x74D4, 0x7DF8, 0x7DF8, 0x7E18, 0x7E18, 0x7E18, 0x7E18,
  0x7DF8, 0x7DF8, 0x8596, 0x84B2, 0xB5D6, 0x9514, 0x74D4, 0x85D7,
  0x7DF8, 0x85F7, 0x84D3, 0xBE37, 0xBE57, 0xBE37, 0xBE37, 0xBE17,
  0x9411, 0x4928, 0x4928, 0x4908, 0x4908, 0x928E, 0xF476, 0xF476,
  0xF476, 0xF476, 0xF476, 0xF476, 0xF476, 0xF476, 0xCBD3, 0x528C,
  0x8618, 0x7DF8, 0x7E18, 0x7E18, 0x7E18, 0x7E18, 0x7DF8, 0x85D7,
  0x4A0A, 0xDC55, 0xF476, 0xED36, 0xFF3B, 0xFF7B, 0xFF7B, 0xFF7B,
  0xFF7B, 0xFF5B, 0xF678, 0xDD13, 0xCBCF, 0xD36E, 0xD2AC, 0xD28B,
  0xD2AB, 0xD28B, 0xDA8B, 0xDA8B, 0xD28B, 0xD2AB, 0xD2AB, 0xD2AB,
  0xD2AB, 0xD28B, 0xD34D, 0xEDF6, 0xFF5B, 0xFF7B, 0xF75B, 0xAC91,
  0xA5B6, 0x9E3A, 0x85B9, 0x963B, 0xA67B, 0x8DD9, 0x9535, 0xA46F,
  0xBC2D, 0xE550, 0xF612, 0xF612, 0xF632, 0xF632, 0xF632, 0xD634,
  0x9DB7, 0x7DB9, 0x7DB9, 0x7DDA, 0x7DDA, 0x7DDA, 0x7DDA, 0x85FA,
  0x8DD9, 0xC615, 0xF632, 0xF612, 0xF632, 0xF632, 0xF632, 0xF632,
  0xF632, 0xF632, 0xF632, 0xF632, 0xF632, 0xF631, 0xF612, 0xF612,
  0xF632, 0xEE33, 0xEE32, 0xEE32, 0xB42D, 0xB3EC, 0xF632, 0xF631,
  0xF632, 0xF631, 0xF632, 0xF612, 0xE570, 0xC46D, 0xBC0C, 0xBBEC,
  0xBC0D, 0xB40D, 0xB40E, 0x7249, 0x5187, 0xA410, 0xB4B2, 0xBCB2,
  0xBCB1, 0xC4F2, 0xD554, 0xF6DA, 0xFF5B, 0xFF7B, 0xFF7B, 0xFF9B,
  0xFF9B, 0xFF7B, 0xFF7B, 0xFF7B, 0xF77B, 0xFF1A, 0xDCB2, 0xD2CC,
  0xD28C, 0xD28B, 0xD2AB, 0xDA8B, 0xDA8B, 0xD2AB, 0xD2AB, 0xD2AB,
  0xD2AB, 0xD2AB, 0xDAAC, 0xD28B, 0xD28B, 0xD28B, 0xD28B, 0xD2AB,
  0xCB6D, 0xEE77, 0xF77A, 0xFF5B, 0xFF5B, 0xEE99, 0xDDB5, 0xCD13,
  0xCD34, 0xDDD7, 0x832E, 0x6188, 0x7188, 0xA24B, 0xBACD, 0xBAAD,
  0xC2CD, 0x91E9, 0xB471, 0xF77B, 0xF77B, 0xFF7B, 0xF77B, 0xFF7B,
  0xFF5C, 0xFF7C, 0xF77C, 0xFF5B, 0xFF7B, 0xFF7A, 0xFF7B, 0xFF7B,
  0xFF7B, 0xFF7B, 0xFF7B, 0xFF7B, 0xFF7B, 0xD617, 0x9450, 0xF77B,
  0xFF7B, 0xFF5B, 0xF77B, 0xF73B, 0x92AC, 0x7947, 0x6906, 0x60E5,
  0x8167, 0xBA6B, 0xD28C, 0xD2AB, 0xD28B, 0xD28B, 0xD2AB, 0xC34D,
  0xF6D9, 0xFF7B, 0xFF7B, 0xFF7B, 0xFF9B, 0xFF9B, 0xFF7B, 0xDE79,
  0x4A8B, 0x85F7, 0x7E18, 0x7E18, 0x7E18, 0x7E18, 0x7DF8, 0x7E18,
  0x7E18, 0x7DD7, 0x6C51, 0xBDF7, 0xBE37, 0x7472, 0x7DD8, 0x7DF7,
  0x7E18, 0x85B7, 0x8492, 0xBE37, 0xBE56, 0xBE37, 0xBE37, 0xBE37,
  0xAD14, 0x4928, 0x4928, 0x4928, 0x4928, 0x5928, 0xE476, 0xEC76,
  0xEC96, 0xF476, 0xF496, 0xF476, 0xF476, 0xF476, 0xB372, 0x5B2E,
  0x7E18, 0x7E18, 0x7E18, 0x7E18, 0x7E18, 0x7E18, 0x7DF7, 0x85F8,
  0x4A6C, 0xC413, 0xF475, 0xE412, 0xD451, 0xDCD2, 0xDD13, 0xDCF2,
  0xCC30, 0xC36D, 0xC2CC, 0xCAAC, 0xD2AC, 0xD2AB, 0xD2AB, 0xD2AB,
  0xD2AB, 0xD2AB, 0xD2AB, 0xD2AB, 0xD28B, 0xD28B, 0xDA8B, 0xD28B,
  0xD28B, 0xCAEC, 0xED54, 0xFF7B, 0xFF7B, 0xFF9B, 0xE6B8, 0xAC4F,
  0xA5D7, 0x8DD9, 0x85BA, 0x85DA, 0x85B9, 0x8DDA, 0x8DB9, 0x9D76,
  0xBD32, 0xEE13, 0xEE32, 0xF612, 0xF632, 0xF632, 0xEE33, 0xB5F6,
  0x85B8, 0x85DA, 0x7DB9, 0x7DD9, 0x7DDA, 0x7DDA, 0x7DDA, 0x85DA,
  0x85B9, 0xADD6, 0xEE33, 0xF612, 0xEE32, 0xF632, 0xF632, 0xF631,
  0xF631, 0xF631, 0xF631, 0xF632, 0xF632, 0xF612, 0xEE32, 0xE633,
  0xDE14, 0xCDF4, 0xE613, 0xEE32, 0xE5B1, 0x9329, 0xDD50, 0xF612,
  0xF631, 0xF632, 0xF631, 0xF632, 0xF612, 0xE591, 0xCC8D, 0xC40C,
  0xBC0D, 0xB40C, 0xBC0D, 0xB3EE, 0x6A28, 0x59E8, 0x9BF0, 0xB492,
  0xB4B1, 0xB492, 0xBCD2, 0xD594, 0xEEB9, 0xF75B, 0xFF7B, 0xFF7B,
  0xFF7B, 0xFF7B, 0xFF7B, 0xFF7B, 0xFF7B, 0xF77B, 0xFF3A, 0xDCD2,
  0xCACC, 0xDA8C, 0xD28B, 0xD28B, 0xDA8B, 0xD2AB, 0xD2AB, 0xD2AB,
  0xD2AB, 0xD2AB, 0xD28B, 0xDAAC, 0xD2AB, 0xD28B, 0xD28B, 0xD2AB,
  0xD2AB, 0xD40F, 0xF698, 0xF6FA, 0xDDD6, 0xCCF3, 0xC4D2, 0xC4B2,
  0xAC31, 0x61C8, 0x6147, 0x99E9, 0xC2AC, 0xCA8C, 0xD28C, 0xD28B,
  0xD28B, 0xCA8C, 0x9A29, 0xB450, 0xEEFA, 0xEEDA, 0xAC51, 0x724A,
  0x724A, 0x6A6A, 0x832D, 0xB4B3, 0xDE38, 0xEEFA, 0xF75B, 0xFF7B,
  0xFF7B, 0xFF7B, 0xFF7B, 0xFF7B, 0xF75B, 0xC595, 0xE6DA, 0xF79B,
  0xF79B, 0xF75B, 0xD5B6, 0x8AEC, 0x7988, 0x99C9, 0xAA2B, 0xA22B,
  0x8168, 0x8147, 0xB24C, 0xD2AC, 0xD28B, 0xD28B, 0xCACC, 0xEDB5,
  0xFF7B, 0xFF7B, 0xFF7B, 0xFF7B, 0xFF9B, 0xFF9B, 0xFF7B, 0xC5D6,
  0x5B4E, 0x7DF7, 0x7DF8, 0x7E18, 0x7E18, 0x7E18, 0x7E18, 0x7E18,
  0x7E18, 0x7515, 0xB618, 0xBE17, 0xBE37, 0x6C10, 0x85F7, 0x7E18,
  0x8618, 0x8596, 0x8CD2, 0xBE17, 0xBE37, 0xBE37, 0xBE37, 0xBE37,
  0xBDB7, 0x4147, 0x4928, 0x4928, 0x4928, 0x48E7, 0xB331, 0xEC96,
  0xEC96, 0xF496, 0xF476, 0xF476, 0xF496, 0xE476, 0x7A4C, 0x6C31,
  0x7DF7, 0x7E18, 0x7DF8, 0x7DF8, 0x7E18, 0x7E18, 0x7E18, 0x7E18,
  0x52EE, 0xAB70, 0xF475, 0xDB0E, 0xCAAC, 0xD2AB, 0xCAAB, 0xCA8B,
  0xD2AB, 0xD28B, 0xD28C, 0xD28C, 0xD28B, 0xD2AB, 0xD2AB, 0xD2AB,
  0xD2AB, 0xD2AB, 0xD28B, 0xD28B, 0xD28B, 0xD28B, 0xD28B, 0xDA8B,
  0xCAEC, 0xDCF3, 0xFF1A, 0xFF7B, 0xFF7B, 0xF75B, 0xBCF1, 0xDDB3,
  0x9576, 0x8DFA, 0x85BA, 0x85BA, 0x85B9, 0x8DFA, 0x8DFA, 0x95FA,
  0xB618, 0xC5F5, 0xDE34, 0xF632, 0xF632, 0xEE33, 0xCE15, 0x95D7,
  0x85B9, 0x85DA, 0x7DDA, 0x7DB9, 0x7DBA, 0x7DBA, 0x7DBA, 0x7DDA,
  0x85BA, 0x9DD7, 0xDE34, 0xEE32, 0xEE32, 0xF632, 0xF632, 0xF632,
  0xF631, 0xF632, 0xF612, 0xF612, 0xEE33, 0xDE33, 0xCE15, 0xB5F6,
  0x9DD7, 0xA5B5, 0xDE33, 0xF632, 0xF612, 0xD4EF, 0xA38B, 0xE5D2,
  0xF631, 0xF631, 0xF631, 0xF632, 0xF612, 0xF612, 0xE591, 0xCC6D,
  0xC42D, 0xBC0D, 0xBC0D, 0xB40D, 0xABEE, 0x7A8A, 0x51A8, 0x938F,
  0xBCD3, 0xBCB2, 0xBCB2, 0xC4D2, 0xCD54, 0xEE98, 0xFF5B, 0xFF7B,
  0xFF7B, 0xFF7B, 0xFF7B, 0xFF7B, 0xFF7B, 0xFF7B, 0xFF7B, 0xF6F9,
  0xDCB2, 0xCAAC, 0xDA8C, 0xD28B, 0xD2AB, 0xD2AB, 0xD2AB, 0xD2AB,
  0xD2AB, 0xD2AB, 0xD28B, 0xDACC, 0xD28B, 0xD28B, 0xD28B, 0xDAAC,
  0xD28C, 0xCAAC, 0xBB4D, 0xD513, 0xCCF3, 0xBCB2, 0xBCB2, 0xB472,
  0x6A4A, 0x5946, 0x9A0A, 0xCA8C, 0xD28B, 0xD28B, 0xDA8B, 0xD28B,
  0xD28B, 0xD28B, 0xCAAB, 0xAA8A, 0xC471, 0x9B4E, 0x79C8, 0x9A0A,
  0xA20A, 0x91E9, 0x89E9, 0x79A8, 0x69A8, 0x936E, 0xCDD6, 0xEF1A,
  0xF75B, 0xFF5B, 0xFF7B, 0xFF7B, 0xEEFA, 0xB513, 0xF77B, 0xF79B,
  0xF77B, 0xC575, 0x824A, 0x99EA, 0xC28C, 0xD28C, 0xD28C, 0xD28C,
  0xCAAC, 0xAA0A, 0xA1C9, 0xC26B, 0xD28B, 0xCAAB, 0xD410, 0xFF1A,
  0xFF7B, 0xFF7B, 0xFF7B, 0xFF7B, 0xFF9B, 0xFF9B, 0xFF7B, 0xAD34,
  0x6C52, 0x7DB6, 0x7DF7, 0x7E18, 0x7E18, 0x7E18, 0x7E18, 0x7E18,
  0x7D76, 0x532E, 0xA515, 0xBE17, 0xBE17, 0x7C51, 0x8576, 0x85D7,
  0x7D14, 0x7CB2, 0xA595, 0xBE37, 0xC637, 0xBE37, 0xBE37, 0xBE37,
  0xC5F7, 0x59EA, 0x4928, 0x4928, 0x4908, 0x4908, 0x71EB, 0xE455,
  0xF476, 0xF476, 0xF476, 0xF476, 0xEC96, 0xD414, 0x51CA, 0x8576,
  0x7DF8, 0x7E18, 0x7E18, 0x7DF8, 0x7E18, 0x7E18, 0x7E18, 0x7E18,
  0x5B90, 0x9B0F, 0xF434, 0xD2CD, 0xD28B, 0xD28B, 0xD28B, 0xD28B,
  0xD28B, 0xD28B, 0xD28B, 0xD28B, 0xD28B, 0xD2AB, 0xD2AB, 0xD2AB,
  0xD2AB, 0xD2AB, 0xD28B, 0xD28B, 0xD28B, 0xD28B, 0xD28B, 0xCAEC,
  0xDCB2, 0xFEFA, 0xF77B, 0xF77B, 0xF75A, 0xCD94, 0xB46E, 0xEDF2,
  0x9556, 0x85FA, 0x85BA, 0x85DA, 0x7DB9, 0x85DA, 0x85D9, 0x8DF9,
  0xA65A, 0x8DB7, 0xB5F6, 0xDE14, 0xEE32, 0xE634, 0xA5D7, 0x7DD9,
  0x85BA, 0x7DBA, 0x7DDA, 0x7DBA, 0x7DB9, 0x7DB9, 0x7DB9, 0x7DB9,
  0x7DB9, 0x8DB8, 0xCE15, 0xEE32, 0xF632, 0xF632, 0xF631, 0xF631,
  0xF632, 0xEE12, 0xEE13, 0xDE14, 0xC5F5, 0xADD6, 0x95B7, 0x8DB8,
  0x85B9, 0xA5B6, 0xE633, 0xF632, 0xF632, 0xEDF3, 0xB3ED, 0xCCAE,
  0xF632, 0xF632, 0xF632, 0xF631, 0xF632, 0xF632, 0xF612, 0xE570,
  0xCCAE, 0xC42D, 0xBC0D, 0xBC0D, 0xB40D, 0xABED, 0x82CA, 0x59C8,
  0x9B8F, 0xBC92, 0xB4B1, 0xBCB2, 0xC4D2, 0xD574, 0xEE99, 0xFF5B,
  0xFF7B, 0xFF7B, 0xFF7B, 0xFF7B, 0xFF7B, 0xFF7B, 0xFF7B, 0xFF7A,
  0xF6D9, 0xD430, 0xCAAC, 0xD28B, 0xD28B, 0xD2AB, 0xD2AB, 0xD2AB,
  0xD2AB, 0xD2AB, 0xD2AB, 0xD2AB, 0xD2AB, 0xD28B, 0xD28B, 0xDAAC,
  0xD28C, 0xC28B, 0xA229, 0x9ACB, 0xB3EF, 0xBCB2, 0xB492, 0x728B,
  0x5967, 0x9209, 0xC28B, 0xD28B, 0xD28B, 0xD28B, 0xD28B, 0xD28B,
  0xD28B, 0xD28B, 0xD28B, 0xD28C, 0xC2AD, 0xAA4B, 0x9A2A, 0xB26C,
  0xCA8C, 0xCAAC, 0xCAAC, 0xC26B, 0xB24B, 0x89EA, 0x7A2A, 0x832D,
  0x938F, 0xAC72, 0xBD54, 0xDE58, 0xE679, 0xB513, 0xFF7B, 0xF75B,
  0xC555, 0x7A4A, 0xAA4B, 0xCA8C, 0xD28C, 0xDA8C, 0xD28B, 0xD28B,
  0xD28C, 0xD28C, 0xC2AC, 0x99C9, 0xC2AB, 0xCB2D, 0xEDD6, 0xFF5B,
  0xFF7B, 0xFF9B, 0xFF9B, 0xFF9B, 0xFF9B, 0xFF9B, 0xFF7B, 0x9491,
  0x7CD4, 0x4BCF, 0x7DB6, 0x7E17, 0x7E18, 0x7E18, 0x7E18, 0x7DD7,
  0x5BD1, 0x420A, 0x72ED, 0xC5F7, 0x9CD3, 0x5A8B, 0x7C52, 0x5B8F,
  0x8472, 0xA555, 0xBE17, 0xBE37, 0xC637, 0xBE37, 0xBE57, 0xBE37,
  0xC617, 0x72CD, 0x4928, 0x4908, 0x4908, 0x4928, 0x5148, 0xC3B3,
  0xF476, 0xF476, 0xF476, 0xF476, 0xEC76, 0xB392, 0x526C, 0x85D7,
  0x7E18, 0x7E18, 0x7E18, 0x7E18, 0x7E18, 0x7E18, 0x7DF8, 0x7DF7,
  0x6C32, 0x8AAE, 0xE3F2, 0xCAAC, 0xD28B, 0xD28B, 0xD28B, 0xD28B,
  0xD28B, 0xD28B, 0xD28B, 0xDA8B, 0xD28B, 0xD2AB, 0xD2AB, 0xD2AB,
  0xD2AB, 0xD2AB, 0xD28B, 0xD28B, 0xD28B, 0xD28B, 0xCAAC, 0xDC92,
  0xFED9, 0xFF7B, 0xFF7B, 0xF77B, 0xCDF6, 0xC532, 0xE5F3, 0xF612,
  0x9556, 0x85B9, 0x85DA, 0x85DA, 0x85D9, 0x8DFA, 0x961A, 0x85B8,
  0x85F9, 0x7DB9, 0x8DB9, 0xA5D7, 0xC635, 0xBDF5, 0x8DB9, 0x7DB9,
  0x7DBA, 0x7DDA, 0x7DDA, 0x7DDA, 0x7DD9, 0x7DD9, 0x7DD9, 0x7DBA,
  0x7DB9, 0x85B9, 0xADD6, 0xE633, 0xEE32, 0xF632, 0xF632, 0xEE32,
  0xE634, 0xD614, 0xBDF5, 0xA5D6, 0x8DD8, 0x85B9, 0x7DB9, 0x7DDA,
  0x85B9, 0xB5D6, 0xEE32, 0xF632, 0xF632, 0xEE12, 0xDD51, 0x9B6A,
  0xEE12, 0xF632, 0xF632, 0xF632, 0xF632, 0xF632, 0xF612, 0xF612,
  0xDD70, 0xC46D, 0xBC2D, 0xBC0C, 0xBC0C, 0xBC0D, 0xB40D, 0x8ACA,
  0x59A7, 0x830D, 0xB4B2, 0xBCB2, 0xBCB2, 0xC4B2, 0xD554, 0xEE98,
  0xF73B, 0xF75B, 0xFF7B, 0xFF7B, 0xFF7B, 0xFF7B, 0xFF7B, 0xFF5B,
  0xFF7B, 0xF6B8, 0xCBCF, 0xCACC, 0xD28B, 0xD2AB, 0xD2AB, 0xD2AB,
  0xD2AB, 0xD2AB, 0xD2AB, 0xD2AB, 0xD2AB, 0xD2AB, 0xD28B, 0xD28B,
  0xCA8C, 0xAA4A, 0x9209, 0x8A29, 0x8A6A, 0xABF0, 0x7ACD, 0x5147,
  0x81A8, 0xC28B, 0xD28B, 0xD28B, 0xD28B, 0xD28B, 0xDA8B, 0xD28B,
  0xD28B, 0xD28B, 0xD28B, 0xDA8C, 0xD28C, 0xCAAC, 0xBA6B, 0x91A8,
  0xBA6B, 0xD28C, 0xD28C, 0xD28B, 0xD28C, 0xCA8C, 0xA20A, 0x89CA,
  0x7989, 0x7189, 0x61A8, 0x7ACC, 0x832E, 0xBD55, 0xF75C, 0xC555,
  0x7A09, 0xAA4B, 0xCA8B, 0xD28B, 0xD28B, 0xD28C, 0xD2AC, 0xD2AB,
  0xD28B, 0xD28C, 0xCAAC, 0x99E9, 0xA24A, 0xDCF3, 0xFF3B, 0xFF7B,
  0xFF7B, 0xFF9B, 0xFF9B, 0xFF9B, 0xFF9B, 0xFF9B, 0xFF7B, 0x8C51,
  0x634F, 0x428B, 0x85B6, 0x7E18, 0x7E18, 0x7E18, 0x7E18, 0x85F8,
  0x5390, 0x630E, 0x4168, 0x9411, 0x51E9, 0x4147, 0x49A9, 0x4989,
  0x9C72, 0xC637, 0xBE37, 0xBE37, 0xC637, 0xBE36, 0xBE36, 0xBE37,
  0xC617, 0x8B90, 0x4928, 0x4908, 0x4908, 0x4928, 0x4107, 0x92AE,
  0xEC96, 0xF476, 0xF476, 0xF476, 0xEC96, 0x8AAE, 0x63B0, 0x7DF7,
  0x7E18, 0x7E18, 0x7E18, 0x7E18, 0x7E18, 0x7E18, 0x8618, 0x7DF8,
  0x7CD4, 0x7A2C, 0xDBD3, 0xD2EE, 0xD2AD, 0xD28C, 0xD28C, 0xD28B,
  0xD26B, 0xDA8C, 0xDA8B, 0xD2AB, 0xD2AB, 0xD2AB, 0xD2AB, 0xD2AB,
  0xD2AB, 0xD2AB, 0xDAAB, 0xD26B, 0xDA8C, 0xCAAC, 0xD451, 0xF6D9,
  0xFF7B, 0xFF7B, 0xFF7B, 0xF73A, 0x9C0E, 0xE5F3, 0xEE12, 0xF632,
  0x8D56, 0x85D9, 0x85DA, 0x85DA, 0x85DA, 0x8DFA, 0xB6FD, 0x85B9,
  0x85BA, 0x85DA, 0x85BA, 0x85B8, 0x95B8, 0x8DB8, 0x7DD9, 0x7DDA,
  0x7DB9, 0x7DDA, 0x7DDA, 0x7DDA, 0x85DA, 0x85D9, 0x7DD9, 0x7DDA,
  0x7DDA, 0x7DBA, 0x95D7, 0xDE14, 0xF632, 0xEE32, 0xE633, 0xCE15,
  0xADD6, 0x95B7, 0x85B8, 0x85D9, 0x7DBA, 0x7DDA, 0x7DDA, 0x7DB9,
  0x8D98, 0xC615, 0xEE32, 0xF632, 0xF632, 0xF632, 0xEDF2, 0xABAB,
  0xC48E, 0xEE12, 0xF632, 0xF631, 0xF632, 0xF611, 0xF632, 0xEE32,
  0xF612, 0xF5F2, 0xCC8D, 0xC42C, 0xBC2D, 0xBC0C, 0xBC2D, 0xBC0E,
  0x8B0B, 0x5186, 0x830D, 0xBCD3, 0xBCD2, 0xBCB2, 0xC4D2, 0xCD34,
  0xDE16, 0xF6FA, 0xFF5B, 0xFF7B, 0xFF7B, 0xFF7B, 0xFF7B, 0xFF9B,
  0xFF9B, 0xFF7B, 0xF677, 0xD40F, 0xCAAC, 0xD2AB, 0xD2AB, 0xD2AB,
  0xD2AB, 0xD2AB, 0xD2AB, 0xD2AB, 0xD2AB, 0xD2AB, 0xD28B, 0xD28B,
  0xBA4B, 0x9209, 0x8A09, 0x8A09, 0x822A, 0x69A9, 0x4906, 0x71C8,
  0xAA4A, 0xD28C, 0xD28B, 0xD28B, 0xD28B, 0xD2AB, 0xDAAB, 0xD28B,
  0xD28B, 0xD28C, 0xD28C, 0xD28B, 0xD28B, 0xD28B, 0xCAAC, 0xB24B,
  0x8967, 0xCA8C, 0xD28C, 0xD28B, 0xDA8B, 0xD2AC, 0xD28B, 0xCAAC,
  0xCAAC, 0xC2CC, 0x9A2B, 0x79A9, 0x5948, 0x7ACC, 0xD596, 0x820A,
  0xB28C, 0xD2AC, 0xD28B, 0xD28B, 0xD2AB, 0xD28B, 0xD28B, 0xD2AB,
  0xD28B, 0xD28B, 0xD2AB, 0xBA6B, 0x79A8, 0xF6DA, 0xFF7B, 0xFF9B,
  0xFF7B, 0xFF9B, 0xFF9B, 0xFF9B, 0xFF9B, 0xFF9B, 0xFF7B, 0x736E,
  0x3968, 0x4A2A, 0x85D6, 0x7DF8, 0x7E18, 0x7E18, 0x7E18, 0x7DF8,
  0x7D36, 0x534F, 0x3968, 0x3927, 0x4948, 0x4908, 0x4909, 0x4928,
  0x838F, 0xBDF6, 0xBE36, 0xBE37, 0xC617, 0xBE17, 0xC637, 0xC5D7,
  0xAD14, 0x6AAD, 0x4908, 0x4908, 0x4928, 0x4128, 0x4148, 0x4107,
  0xD434, 0xEC76, 0xF496, 0xF476, 0xE475, 0x61EA, 0x7D14, 0x7E18,
  0x7E18, 0x7E18, 0x7E18, 0x7E18, 0x7E18, 0x7E18, 0x8618, 0x7E18,
  0x7D35, 0x69EB, 0xEC76, 0xF475, 0xEC13, 0xDB4F, 0xD2CD, 0xD2AC,
  0xD28C, 0xD28C, 0xDA8C, 0xD28C, 0xD28B, 0xD2AB, 0xD2AB, 0xD2AB,
  0xD2AB, 0xD2AB, 0xD28B, 0xD2AC, 0xCAEC, 0xD491, 0xFF5A, 0xF77B,
  0xFF9B, 0xFF7B, 0xFF7B, 0xCDD5, 0xC4F1, 0xEE12, 0xEE12, 0xF632,
  0x9555, 0x85B9, 0x85DA, 0x7DD9, 0x7DD9, 0x85B9, 0x85FA, 0x85DA,
  0x85DA, 0x85DA, 0x85DA, 0x7DB9, 0x7DB9, 0x7DBA, 0x7DDA, 0x7DDA,
  0x7DDA, 0x7DBA, 0x7DBA, 0x7DBA, 0x85DA, 0x963B, 0x85FA, 0x7DBA,
  0x7DDA, 0x7DDA, 0x85B8, 0xBDF5, 0xD635, 0xBE15, 0xA5D6, 0x8DB7,
  0x85B8, 0x7DB9, 0x7DDA, 0x7DDA, 0x7DDA, 0x7DD9, 0x7DDA, 0x7DBA,
  0x9598, 0xD634, 0xEE32, 0xF632, 0xF632, 0xF632, 0xF632, 0xE5B1,
  0x9B4A, 0xEDD2, 0xF632, 0xF632, 0xF632, 0xF632, 0xF632, 0xF632,
  0xF632, 0xF611, 0xEDD1, 0xCCCE, 0xBC2D, 0xBC0D, 0xB40C, 0xBC0D,
  0xB40D, 0x9B6C, 0x59A7, 0x6A2A, 0x9BF0, 0xB4B2, 0xB4B2, 0xBCB2,
  0xC4F3, 0xDDF6, 0xF6D9, 0xFF5B, 0xFF7B, 0xFF7B, 0xFF9B, 0xFF7B,
  0xFF7B, 0xFF7B, 0xFF7B, 0xF677, 0xD3EF, 0xD2CC, 0xD28C, 0xD28B,
  0xD28B, 0xD28B, 0xD28B, 0xD28B, 0xD2AB, 0xD2AB, 0xD28B, 0xCA8B,
  0x9A09, 0x8A09, 0x8A0A, 0x8A0A, 0x71E9, 0x5127, 0x69A9, 0x9209,
  0xC28B, 0xD28B, 0xD28B, 0xD28B, 0xD2AB, 0xD2AB, 0xD2AB, 0xDA8B,
  0xD28B, 0xD28C, 0xDA8B, 0xD28B, 0xD2AB, 0xD2AB, 0xD28B, 0xCAAC,
  0x99C9, 0xA1EA, 0xD28C, 0xD28B, 0xD28B, 0xD28B, 0xD28B, 0xD28B,
  0xD28B, 0xD28B, 0xD2AC, 0xC28C, 0x91C9, 0x6968, 0x822A, 0xB28C,
  0xD28C, 0xDA8B, 0xD28B, 0xD28B, 0xD2AB, 0xD28B, 0xD28B, 0xD2AB,
  0xD28B, 0xD28B, 0xD2AB, 0xC28C, 0x7168, 0xACB3, 0xFF5B, 0xFF7B,
  0xFF7B, 0xFF7B, 0xFF7B, 0xFF7B, 0xFF7B, 0xFF7B, 0xCDF7, 0x51A7,
  0x830D, 0x4A29, 0x85B6, 0x7DF8, 0x7E18, 0x7E18, 0x7DF8, 0x7DF8,
  0x7DB7, 0x6452, 0x63AF, 0x5AAD, 0x4949, 0x4908, 0x4908, 0x4928,
  0x6ACD, 0xC617, 0xBE17, 0xB5B6, 0xAD35, 0xA4F4, 0x8BF1, 0x624B,
  0x4127, 0x4128, 0x4928, 0x49AA, 0x52AD, 0x6C12, 0x8536, 0x7412,
  0x824D, 0xEC76, 0xEC76, 0xEC76, 0xB392, 0x4A4B, 0x7DB7, 0x7E18,
  0x7E18, 0x7E18, 0x7E18, 0x7E18, 0x7E18, 0x7E18, 0x7E18, 0x7E17,
  0x8556, 0x69EB, 0xEC76, 0xF476, 0xF475, 0xF475, 0xF454, 0xE3D2,
  0xDB4F, 0xD2EE, 0xD2AD, 0xD28C, 0xD28B, 0xD28B, 0xD2AC, 0xD2AC,
  0xD2AC, 0xD28C, 0xD30D, 0xCBCF, 0xE5B5, 0xFF3A, 0xF79B, 0xFF7B,
  0xFF7B, 0xFF7B, 0xD636, 0x8B4B, 0xE5D2, 0xF612, 0xF632, 0xF632,
  0x9535, 0x8DD9, 0x963B, 0x85DA, 0x7DDA, 0x7DBA, 0x85FB, 0x7DBA,
  0x7DDA, 0x7DDA, 0x7DBA, 0x7DBA, 0x7DDA, 0x7DDA, 0x7DDA, 0x7DDA,
  0x7DDA, 0x85BA, 0x85BA, 0x7DBA, 0x85BA, 0x8E1B, 0x85DA, 0x7DD9,
  0x7DB9, 0x7DDA, 0x7DB9, 0x95D7, 0x9DD7, 0x8DB8, 0x85B9, 0x7DB9,
  0x7DD9, 0x7DB9, 0x7DDA, 0x7DDA, 0x7DDA, 0x7DD9, 0x7DDA, 0x7DB9,
  0x9DB7, 0xE633, 0xF632, 0xF632, 0xF632, 0xF632, 0xF632, 0xF612,
  0xB42D, 0xD50F, 0xF632, 0xF632, 0xF632, 0xF632, 0xF632, 0xF632,
  0xF632, 0xF632, 0xF612, 0xEDB1, 0xCCAE, 0xBC2D, 0xBC2D, 0xBC0D,
  0xBC2D, 0xB40D, 0x934C, 0x6A08, 0x59C8, 0x938E, 0xB4B2, 0xB4B2,
  0xBCB2, 0xBCD2, 0xCD54, 0xE637, 0xF71A, 0xFF7B, 0xFF7B, 0xFF7B,
  0xFF7B, 0xFF7B, 0xFF7B, 0xFF7B, 0xF698, 0xDC71, 0xCACC, 0xD2AC,
  0xDAAC, 0xD28B, 0xD2AB, 0xD28B, 0xD28B, 0xD28B, 0xCA8B, 0xB24A,
  0x9209, 0x8A09, 0x8A09, 0x8209, 0x5947, 0x5948, 0x81E9, 0xB24A,
  0xD2AB, 0xD28B, 0xD28B, 0xD28B, 0xD2AB, 0xD2AB, 0xD2AB, 0xD28B,
  0xDA8B, 0xDA8B, 0xDA8B, 0xDAAB, 0xD2AB, 0xD28B, 0xDA8C, 0xD28C,
  0xBA6B, 0x8988, 0xCAAC, 0xD28B, 0xD28B, 0xD2AB, 0xD2AB, 0xD2AB,
  0xD2AB, 0xD2AB, 0xD28B, 0xD28C, 0xCA8C, 0x99EA, 0x7107, 0xBA6C,
  0xD28C, 0xD28B, 0xD28B, 0xD28B, 0xD2AB, 0xD2AB, 0xD2AB, 0xD2AB,
  0xD2AB, 0xD2AB, 0xD2AB, 0xD2AC, 0xA20A, 0x726B, 0xEEB9, 0xFF7B,
  0xFF7B, 0xFF7B, 0xFF7B, 0xFF7B, 0xFF7B, 0xE6BA, 0x624A, 0x8AEB,
  0xC4F2, 0x4A28, 0x7D75, 0x7E18, 0x7E18, 0x7E18, 0x7E18, 0x7DF7,
  0x7DF8, 0x7D76, 0x5BCF, 0x6BB0, 0x62AD, 0x49EA, 0x4169, 0x4128,
  0x59CA, 0x93F1, 0x8BB0, 0x72EE, 0x522B, 0x62EE, 0x6390, 0x4169,
  0x4928, 0x4148, 0x524C, 0x7432, 0x8D96, 0x85B6, 0x7D34, 0x7492,
  0x69EB, 0xDC35, 0xEC76, 0xEC76, 0x826D, 0x6390, 0x7DF8, 0x7DF8,
  0x7E18, 0x7E18, 0x7E18, 0x7E18, 0x7E18, 0x7E18, 0x7E38, 0x7E18,
  0x7D35, 0x6A0B, 0xEC76, 0xF476, 0xF496, 0xF476, 0xF476, 0xF476,
  0xF455, 0xEC34, 0xEBB2, 0xDB4F, 0xDAEE, 0xD2CC, 0xD2EC, 0xCACC,
  0xD36E, 0xD430, 0xE574, 0xF6D9, 0xFF5A, 0xFF7B, 0xFF7B, 0xFF7B,
  0xFF7B, 0xE6D9, 0x9BEE, 0xD551, 0xF632, 0xF632, 0xF632, 0xF632,
  0x9D56, 0x8DD9, 0x965B, 0x85DA, 0x7DDA, 0x7DBA, 0x85FA, 0x85DA,
  0x7DBA, 0x7DDA, 0x7DDA, 0x7DDA, 0x7DDA, 0x7DDA, 0x7DDA, 0x7DDA,
  0x7DDA, 0x7DBA, 0x85DA, 0x85DA, 0x85BA, 0x85DA, 0x7DB9, 0x7DD9,
  0x7DB9, 0x7DBA, 0x7DDA, 0x7DD9, 0x7DD9, 0x7DB9, 0x7DDA, 0x7DBA,
  0x7DBA, 0x7DBA, 0x7DDA, 0x7DDA, 0x7DDA, 0x7DD9, 0x7DDA, 0x85B9,
  0xADF7, 0xE633, 0xEE32, 0xF632, 0xF632, 0xF632, 0xF632, 0xF632,
  0xD530, 0xBC6D, 0xF632, 0xF632, 0xF632, 0xF632, 0xF632, 0xF632,
  0xF632, 0xF632, 0xF612, 0xF612, 0xEDB1, 0xD4EF, 0xC42D, 0xBC0D,
  0xBC0D, 0xBC2D, 0xB42E, 0xABCD, 0x7A69, 0x59C7, 0x7ACB, 0xAC51,
  0xB4B2, 0xBCB2, 0xBCB2, 0xC4F3, 0xD5B5, 0xEEB9, 0xFF5B, 0xFF7B,
  0xFF7B, 0xFF7B, 0xFF7B, 0xFF7B, 0xFF7B, 0xF6D9, 0xE554, 0xD34E,
  0xD2AC, 0xDACD, 0xD2AC, 0xD28B, 0xD28B, 0xD28C, 0xBA6B, 0x9A09,
  0x89E9, 0x8A09, 0x8A09, 0x69A8, 0x5106, 0x71A9, 0x9A0A, 0xC28B,
  0xD28B, 0xD28B, 0xD28B, 0xD28B, 0xD2AB, 0xD2AB, 0xD2AB, 0xD28B,
  0xD28B, 0xD28B, 0xD28B, 0xD2AB, 0xD2AB, 0xD28B, 0xDA8B, 0xDA8C,
  0xC28C, 0x8988, 0xBA8C, 0xD28B, 0xD28B, 0xD2AB, 0xD2AB, 0xD2AB,
  0xD2AB, 0xD2AB, 0xD28B, 0xD28B, 0xD28C, 0xCA8C, 0xA1E9, 0xAA2B,
  0xCA8C, 0xD2AB, 0xD28B, 0xD28B, 0xD2AB, 0xD2AB, 0xD2AB, 0xD2AB,
  0xD2AB, 0xD2AB, 0xD2AB, 0xD28C, 0xC28C, 0x71A8, 0xC576, 0xFF7B,
  0xFF7B, 0xFF7B, 0xFF7B, 0xFF7B, 0xF73B, 0x9C11, 0x51A6, 0xCCF1,
  0xDD93, 0x4A08, 0x7D35, 0x7E18, 0x7DF8, 0x7E18, 0x7E18, 0x7DF8,
  0x7DF7, 0x8597, 0x52CC, 0x526C, 0x6B0E, 0x6B6F, 0x73D1, 0x524C,
  0x4169, 0x4989, 0x4148, 0x4128, 0x3948, 0x4A2B, 0x8D56, 0x5B2E,
  0x4148, 0x41A9, 0x6C12, 0x8D76, 0x6C51, 0x8CD3, 0xAD75, 0x9430,
  0x722B, 0xE476, 0xF476, 0xDC35, 0x59CA, 0x7D15, 0x7E18, 0x7DF8,
  0x7E18, 0x7E18, 0x7E18, 0x7E18, 0x7E18, 0x7E18, 0x7E17, 0x7E18,
  0x7CD4, 0x720B, 0xEC76, 0xEC76, 0xF496, 0xF476, 0xF476, 0xF476,
  0xF476, 0xF476, 0xF475, 0xEC55, 0xEC33, 0xDC11, 0xDC92, 0xE554,
  0xEDF6, 0xF6F9, 0xF75B, 0xFF7B, 0xFF7B, 0xFF7B, 0xFF7B, 0xFF7B,
  0xFF7B, 0xC574, 0xBCAF, 0xEE33, 0xF632, 0xF632, 0xF632, 0xF632,
  0x9D56, 0x85B9, 0x85DA, 0x7DDA, 0x7DDA, 0x7DBA, 0x85DA, 0x85DA,
  0x7DDA, 0x7DDA, 0x7DDA, 0x7DDA, 0x7DDA, 0x7DDA, 0x7DDA, 0x7DDA,
  0x7DDA, 0x7DBA, 0x85DA, 0x8E1B, 0x7DBA, 0x7DBA, 0x7DBA, 0x7DDA,
  0x7DDA, 0x7DBA, 0x7DBA, 0x7DD9, 0x7DB9, 0x7DBA, 0x7DD9, 0x7DDA,
  0x7DDA, 0x7DDA, 0x7DDA, 0x7DDA, 0x7DDA, 0x7DDA, 0x7DDA, 0x85B8,
  0xC615, 0xEE32, 0xEE32, 0xF632, 0xF632, 0xF632, 0xF612, 0xF612,
  0xE5B1, 0xC48E, 0xF612, 0xF632, 0xF632, 0xF632, 0xF632, 0xF632,
  0xF632, 0xF632, 0xF631, 0xF611, 0xF612, 0xF5F2, 0xE530, 0xCC4D,
  0xBC0C, 0xBBEC, 0xBC0D, 0xBC0D, 0xB3ED, 0x932B, 0x59A7, 0x6A29,
  0xA430, 0xB4B2, 0xBCB2, 0xBCB2, 0xC4D3, 0xCD34, 0xDE16, 0xF73A,
  0xFF7B, 0xFF7B, 0xFF7B, 0xFF7B, 0xFF9B, 0xFF7B, 0xFF5A, 0xEDD6,
  0xCBCF, 0xCACC, 0xD2AC, 0xDAAC, 0xD2AC, 0xCA8C, 0xA22A, 0x9209,
  0x8A09, 0x8A09, 0x8209, 0x5147, 0x6188, 0x8A0A, 0xAA2A, 0xD28C,
  0xD28B, 0xD28B, 0xD28B, 0xD28B, 0xD28B, 0xD28B, 0xD2AB, 0xD28B,
  0xD28B, 0xD2AC, 0xD2AB, 0xD2AB, 0xD2AB, 0xD28B, 0xD28B, 0xD28C,
  0xCAAC, 0x91C9, 0xAA4B, 0xD28B, 0xD28B, 0xD2AB, 0xD2AB, 0xD2AB,
  0xD2AB, 0xD2AB, 0xD2AB, 0xD2AB, 0xD2AB, 0xD28B, 0xC28B, 0xA1E9,
  0xCA8C, 0xD28B, 0xD28B, 0xD28B, 0xDA8B, 0xD2AB, 0xD2AB, 0xD2AB,
  0xD2AB, 0xD2AB, 0xD2AB, 0xD28B, 0xD2AB, 0x9A0A, 0x7ACC, 0xF75C,
  0xFF7B, 0xFF7B, 0xFF7B, 0xFF7B, 0xCDD7, 0x61E8, 0xBCB0, 0xEE13,
  0xEE13, 0x5A28, 0x74F5, 0x7E18, 0x7DF8, 0x7E18, 0x7E18, 0x7E18,
  0x85D7, 0x63AF, 0x7B2D, 0x7AAD, 0x9BF1, 0x9432, 0x6B0E, 0x6B70,
  0x7391, 0x8453, 0x7BF2, 0x62CD, 0x8411, 0x6B6F, 0x5B4E, 0x7CD4,
  0x5B4F, 0x7C53, 0x538F, 0x4AAC, 0x522B, 0x8B4F, 0xAC51, 0x9BAF,
  0x822C, 0xEC96, 0xF476, 0xCBD3, 0x522B, 0x8DD7, 0x7E18, 0x7E18,
  0x7E18, 0x7E18, 0x7E18, 0x7E18, 0x7E18, 0x7E18, 0x7E17, 0x7E18,
  0x6C52, 0x8A8D, 0xEC96, 0xF476, 0xF496, 0xF476, 0xF476, 0xF476,
  0xF476, 0xF476, 0xF476, 0xEC96, 0xE4F5, 0xF639, 0xF6FA, 0xFF5A,
  0xFF7B, 0xF79B, 0xF77B, 0xFF9B, 0xFF7B, 0xFF7B, 0xFF7B, 0xFF7B,
  0xD5F6, 0xA40D, 0xE5F2, 0xF632, 0xF632, 0xF632, 0xF632, 0xF632,
  0x9515, 0x85B9, 0x7DB9, 0x7DDA, 0x7DDA, 0x7DBA, 0x7DBA, 0x85DA,
  0x7DDA, 0x7DDA, 0x7DDA, 0x7DDA, 0x7DDA, 0x7DDA, 0x7DDA, 0x7DDA,
  0x7DDA, 0x7DBA, 0x7DBA, 0x85FA, 0x7DBA, 0x7DBA, 0x7DDA, 0x7DDA,
  0x7DDA, 0x7DDA, 0x7DBA, 0x7DB9, 0x85B9, 0x85FA, 0x85DA, 0x7DBA,
  0x7DDA, 0x7DDA, 0x7DDA, 0x85D9, 0x7DB9, 0x7DDA, 0x85DA, 0x95B8,
  0xD634, 0xEE11, 0xF632, 0xF632, 0xF632, 0xF632, 0xF632, 0xF632,
  0xEDF2, 0xBC2C, 0xEDF2, 0xF632, 0xF632, 0xF632, 0xF632, 0xF632,
  0xF632, 0xF632, 0xF631, 0xF631, 0xF632, 0xF632, 0xF612, 0xED71,
  0xCC8E, 0xC40D, 0xBC0D, 0xBC2D, 0xBC2C, 0xBC2D, 0xABCD, 0x7A69,
  0x7A8B, 0x8B6E, 0xB4B3, 0xB4B2, 0xBCD2, 0xBCB2, 0xC4B2, 0xCD54,
  0xEE98, 0xF75B, 0xFF7B, 0xFF7B, 0xF77B, 0xFF7B, 0xFF7B, 0xFF7B,
  0xF6F9, 0xDC91, 0xCACC, 0xD2AC, 0xCA8C, 0xB24A, 0x91E9, 0x8A09,
  0x8A09, 0x8A0A, 0x71C9, 0x5147, 0x79E9, 0x9209, 0xBA6B, 0xD28B,
  0xD28B, 0xD2AB, 0xD28B, 0xD28B, 0xD28B, 0xD28B, 0xD28B, 0xD28B,
  0xD28B, 0xD26B, 0xD28C, 0xCAAC, 0xD28B, 0xD28B, 0xD28B, 0xD28B,
  0xD2AB, 0x99E9, 0x89A9, 0xD2AC, 0xD28B, 0xD2AB, 0xD2AB, 0xD2AB,
  0xD2AB, 0xD2AB, 0xD2AB, 0xD2AB, 0xD2AB, 0xD28B, 0xD2AC, 0x99C9,
  0xB24B, 0xD28C, 0xD28B, 0xD28B, 0xDA8C, 0xD2AC, 0xDAAC, 0xDAAC,
  0xDAAC, 0xDAAC, 0xDAAB, 0xD28B, 0xD28B, 0xC28C, 0x6988, 0xD5F7,
  0xFF7B, 0xFF7B, 0xFF5B, 0xEEFB, 0x6A6A, 0x936B, 0xEE33, 0xF632,
  0xF633, 0x93CD, 0x7CD3, 0x7DF8, 0x7E18, 0x7E18, 0x7E18, 0x7DD7,
  0x7492, 0x6289, 0xE615, 0x6A49, 0x5147, 0x82CD, 0x8B4F, 0x4148,
  0x4169, 0x39A8, 0x62EC, 0x7B6D, 0x6B6C, 0x6B4D, 0x5A8B, 0x4A6B,
  0x84F5, 0x6452, 0x7CF5, 0x7BD1, 0x826D, 0xAB50, 0x7A0A, 0x79EA,
  0xBB71, 0xF496, 0xF476, 0xB371, 0x5B0E, 0x85F8, 0x7E18, 0x7E18,
  0x7E18, 0x7E18, 0x7E18, 0x7E18, 0x7E18, 0x7E18, 0x7E18, 0x85F8,
  0x63D1, 0xAB51, 0xF476, 0xF496, 0xF476, 0xF476, 0xF476, 0xF496,
  0xF476, 0xF476, 0xEC96, 0xED16, 0xFE9A, 0xFF5B, 0xFF5B, 0xFF5B,
  0xFF7B, 0xFF9B, 0xFF7A, 0xFF7B, 0xFF9B, 0xFF7B, 0xFF7B, 0xDE77,
  0x8B4B, 0xEDF2, 0xF632, 0xF631, 0xF632, 0xF632, 0xF632, 0xF632,
  0x9515, 0x85B9, 0x7DB9, 0x7DDA, 0x7DDA, 0x7DBA, 0x7DBA, 0x85DA,
  0x7DDA, 0x7DDA, 0x7DDA, 0x7DDA, 0x7DDA, 0x7DDA, 0x7DDA, 0x7DDA,
  0x7DDA, 0x7DBA, 0x7DBA, 0x7DBA, 0x7DDA, 0x7DDA, 0x7DDA, 0x7DDA,
  0x7DDA, 0x7DDA, 0x7DB9, 0x7DDA, 0x7DD9, 0x7DDA, 0x7DDA, 0x7DDA,
  0x7DDA, 0x7DDA, 0x7DBA, 0x85B9, 0x7DD9, 0x7DDA, 0x85DA, 0x9DD7,
  0xDE33, 0xF631, 0xF632, 0xEE32, 0xF632, 0xF632, 0xF632, 0xF632,
  0xF612, 0xC4AD, 0xE591, 0xF632, 0xF632, 0xF632, 0xF632, 0xF632,
  0xF632, 0xF632, 0xF631, 0xF631, 0xF632, 0xF632, 0xF632, 0xF612,
  0xF5D1, 0xD4CE, 0xC44D, 0xBC2D, 0xBC0C, 0xBC0C, 0xBC0D, 0xB3ED,
  0x930C, 0x59A7, 0x59C8, 0x9BAF, 0xAC71, 0xBCB2, 0xBC92, 0xC4D2,
  0xCCF3, 0xDDB5, 0xEE98, 0xF73A, 0xF77B, 0xFF7B, 0xFF7B, 0xFF7B,
  0xFF7B, 0xFF1A, 0xE534, 0xD36E, 0xC2CC, 0x9A09, 0x8A09, 0x8A2A,
  0x8A09, 0x79EA, 0x5127, 0x6188, 0x8A09, 0xAA2A, 0xCAAB, 0xD28B,
  0xD28B, 0xD28B, 0xD28B, 0xD28B, 0xD28B, 0xD28B, 0xD28B, 0xD28B,
  0xD28B, 0xCAAC, 0xB24A, 0xAA09, 0xBA6B, 0xD28B, 0xD28B, 0xDA8B,
  0xD2AB, 0xAA0B, 0x6907, 0xCAAC, 0xD28B, 0xD2AB, 0xD2AB, 0xD2AB,
  0xD2AB, 0xD2AB, 0xDA8B, 0xD2AC, 0xD2AB, 0xD28B, 0xD28B, 0xAA2A,
  0x99C9, 0xCAAC, 0xD28B, 0xDA8B, 0xDA8C, 0xD2AB, 0xDAAC, 0xDAAC,
  0xDAAC, 0xDAAC, 0xDAAC, 0xD28B, 0xD28B, 0xD28C, 0x9A09, 0x7ACC,
  0xF71A, 0xFF7B, 0xF71B, 0x9C10, 0x6A48, 0xDD71, 0xF632, 0xF631,
  0xF632, 0xAC4F, 0x7471, 0x85F8, 0x7DF8, 0x7E17, 0x7DD7, 0x7492,
  0x5A69, 0xBCAF, 0xEE13, 0x6A28, 0x4927, 0x4927, 0x4947, 0x4926,
  0xABB1, 0x828C, 0x938E, 0xE5F7, 0xEE58, 0xDDD7, 0x6A4A, 0x9B2F,
  0x728D, 0x7C12, 0x7C32, 0x61EA, 0xDC55, 0xEC96, 0xEC96, 0xEC96,
  0xEC96, 0xF496, 0xF476, 0x8ACE, 0x6C32, 0x7DF8, 0x7E18, 0x7E18,
  0x7E18, 0x7E18, 0x7E18, 0x7E18, 0x7E18, 0x7E18, 0x7E18, 0x85F8,
  0x5B2E, 0xBBB2, 0xEC76, 0xF476, 0xF476, 0xF476, 0xF476, 0xEC96,
  0xF496, 0xEC95, 0xE4B5, 0xF618, 0xF6FA, 0xF73A, 0xF71A, 0xF73A,
  0xF75B, 0xFF5B, 0xFF7B, 0xFF7B, 0xFF7B, 0xF73A, 0xF6F9, 0xC511,
  0xE5D2, 0xF612, 0xF632, 0xF632, 0xF612, 0xF632, 0xF632, 0xF632,
  0x9D36, 0x85B9, 0x7DB9, 0x7DDA, 0x7DDA, 0x7DBA, 0x7DDA, 0x85DA,
  0x7DDA, 0x7DDA, 0x7DDA, 0x7DDA, 0x7DDA, 0x7DDA, 0x7DDA, 0x7DDA,
  0x7DDA, 0x7DDA, 0x7DBA, 0x7DDA, 0x7DDA, 0x7DDA, 0x7DBA, 0x7DDA,
  0x7DDA, 0x7DDA, 0x85B9, 0x7DBA, 0x7DBA, 0x85DA, 0x7DDA, 0x7DDA,
  0x7DDA, 0x7DDA, 0x7DDA, 0x85FA, 0x85FA, 0x7DDA, 0x85D9, 0xA5F7,
  0xE633, 0xF632, 0xF632, 0xEE32, 0xF632, 0xF632, 0xF632, 0xF632,
  0xF632, 0xDD70, 0xD530, 0xF632, 0xF632, 0xF632, 0xF632, 0xF632,
  0xF632, 0xF632, 0xF631, 0xF631, 0xF632, 0xF632, 0xF631, 0xF631,
  0xF632, 0xEDD1, 0xDD2F, 0xC46D, 0xBC0C, 0xBC2D, 0xBC0D, 0xB40D,
  0xB40D, 0x9B8D, 0x6A29, 0x59A7, 0x72AB, 0x9BCF, 0xB492, 0xBCB2,
  0xBCB2, 0xC4F2, 0xCD33, 0xDDD5, 0xEE98, 0xF71A, 0xFF7B, 0xFF7B,
  0xFF7B, 0xFF7B, 0xF71A, 0xDD13, 0xC38E, 0x9229, 0x8A09, 0x8A2A,
  0x8A0A, 0x6989, 0x5127, 0x79E9, 0x9209, 0xC26B, 0xD2AB, 0xD28B,
  0xD28B, 0xD28B, 0xD28B, 0xD28B, 0xD28B, 0xD28B, 0xD28B, 0xCA8B,
  0xBA4A, 0xA22A, 0x91E9, 0x9209, 0xA229, 0xCAAC, 0xD28B, 0xDA8B,
  0xD2AB, 0xBA6C, 0x6106, 0xB26B, 0xD28B, 0xD2AB, 0xD2AB, 0xD28B,
  0xD28B, 0xD2AB, 0xD2AB, 0xD2AC, 0xD28B, 0xD28C, 0xD28B, 0xBA6B,
  0x8147, 0xC28C, 0xD28B, 0xDA8B, 0xD28B, 0xD2AB, 0xD2AB, 0xDAAC,
  0xD2AC, 0xD2AB, 0xDAAB, 0xD28B, 0xD28C, 0xD28C, 0xBA6B, 0x6987,
  0xC575, 0xFF5B, 0xC595, 0x7289, 0xC510, 0xEE32, 0xF632, 0xF631,
  0xF632, 0xC4F0, 0x6BEF, 0x7DF7, 0x7E18, 0x7DD7, 0x6C72, 0x5AAA,
  0xB46F, 0xEE12, 0xEE33, 0x61E8, 0x4928, 0x4928, 0x4928, 0x4927,
  0xD455, 0x7A0C, 0x5168, 0x8B0D, 0x9BAF, 0x830D, 0x5967, 0xE495,
  0xDC55, 0xA331, 0x92AE, 0xC3B2, 0xF476, 0xF476, 0xF476, 0xEC76,
  0xF476, 0xF476, 0xEC96, 0x726D, 0x7CF5, 0x7E18, 0x7E18, 0x7E18,
  0x7E18, 0x7E18, 0x7E18, 0x7E18, 0x7E18, 0x7E18, 0x7DF8, 0x85F8,
  0x52AD, 0xCC14, 0xF496, 0xF476, 0xF476, 0xF476, 0xF476, 0xEC96,
  0xEC96, 0xE4B5, 0xDCD4, 0xDD75, 0xD5B5, 0xDDB5, 0xDDB6, 0xDDD6,
  0xE5F6, 0xE637, 0xEE58, 0xEE78, 0xE657, 0xDDD4, 0xDD93, 0xE592,
  0xF612, 0xF612, 0xF632, 0xF632, 0xF632, 0xF632, 0xF632, 0xF632,
  0x9577, 0x85B9, 0x7DDA, 0x7DDA, 0x7DDA, 0x7DDA, 0x85DA, 0x85DA,
  0x7DDA, 0x7DDA, 0x7DDA, 0x7DDA, 0x7DDA, 0x7DDA, 0x7DD9, 0x7DB9,
  0x7DB9, 0x7DDA, 0x7DBA, 0x7DDA, 0x7DDA, 0x7DDA, 0x7DBA, 0x7DBA,
  0x7DDA, 0x7DBA, 0x7DBA, 0x7DBA, 0x7DB9, 0x8DFB, 0x85DA, 0x7DDA,
  0x7DDA, 0x7DDA, 0x7DB9, 0x85FA, 0x8DFA, 0x7DB9, 0x85B9, 0xB615,
  0xEE32, 0xF632, 0xF632, 0xF631, 0xF632, 0xF632, 0xF632, 0xF632,
  0xF612, 0xEDF2, 0xDD50, 0xF632, 0xF632, 0xF632, 0xF632, 0xF632,
  0xF632, 0xF632, 0xF632, 0xF632, 0xF632, 0xF632, 0xF632, 0xF632,
  0xF632, 0xF612, 0xF612, 0xE5B1, 0xCCAE, 0xBC0C, 0xBC0C, 0xBC0D,
  0xBC0D, 0xB40D, 0xABED, 0x8AEA, 0x61E8, 0x59C8, 0x7ACC, 0xB492,
  0xBCD2, 0xBCB2, 0xBCB2, 0xC4D2, 0xCD33, 0xDDB5, 0xE637, 0xF6F9,
  0xFF5B, 0xFF5B, 0xEE99, 0xD534, 0xC471, 0x92CB, 0x8A2A, 0x8A0A,
  0x81EA, 0x5127, 0x71C9, 0x8A09, 0x9A09, 0xCA8C, 0xD28B, 0xD28B,
  0xD28B, 0xDA8B, 0xD28B, 0xD28B, 0xD28B, 0xD28B, 0xCAAC, 0xAA2A,
  0x91C9, 0x8A09, 0x8A09, 0x8A09, 0x9209, 0xC28C, 0xD28C, 0xD28B,
  0xD28B, 0xC2AB, 0x6927, 0x9A0A, 0xCA8B, 0xD2AB, 0xD2AB, 0xD28C,
  0xD28C, 0xDAAC, 0xD2AB, 0xD2AB, 0xD28B, 0xD28B, 0xD2AB, 0xCAAB,
  0x91C9, 0xAA4B, 0xD28B, 0xD2AB, 0xD28B, 0xD28B, 0xD28B, 0xDA8C,
  0xD28C, 0xD28B, 0xD2AB, 0xDA8B, 0xDA8C, 0xDA8C, 0xD28C, 0x9A0A,
  0x936E, 0xEEDA, 0x834C, 0xB46E, 0xEE32, 0xF631, 0xF632, 0xF632,
  0xF632, 0xDD92, 0x6B8D, 0x85F9, 0x85B8, 0x6410, 0x5ACA, 0xB4AF,
  0xEE12, 0xF632, 0xEE33, 0x59A7, 0x4928, 0x4928, 0x4928, 0x5968,
  0xDC96, 0x6169, 0x4928, 0x4928, 0x4927, 0x4927, 0x7A0B, 0xEC96,
  0xF476, 0xEC76, 0xEC76, 0xF476, 0xF476, 0xF476, 0xF476, 0xF476,
  0xF476, 0xF476, 0xECB6, 0x6A6C, 0x7D55, 0x7E18, 0x7E18, 0x7E18,
  0x7E18, 0x7E18, 0x7E18, 0x7E18, 0x7E18, 0x7E18, 0x7DF8, 0x85D7,
  0x522B, 0xD455, 0xEC96, 0xF476, 0xF476, 0xF476, 0xF476, 0xEC96,
  0xDC94, 0xC452, 0xBC72, 0xB451, 0xBCB1, 0xBCB1, 0xC491, 0xABEF,
  0xB3EF, 0xBC30, 0xCCF2, 0xDD53, 0xE593, 0xE5D3, 0xEE13, 0xF632,
  0xF612, 0xF632, 0xF632, 0xF632, 0xF632, 0xF632, 0xF632, 0xF632,
  0x8DD9, 0x85D9, 0x7DBA, 0x7DDA, 0x7DD9, 0x7DB9, 0x7DB9, 0x7DB9,
  0x7DDA, 0x7DDA, 0x7DDA, 0x7DDA, 0x7DDA, 0x7DDA, 0x7DD9, 0x7DB9,
  0x7DB9, 0x7DDA, 0x7DDA, 0x7DDA, 0x7DDA, 0x7DDA, 0x7DDA, 0x7DDA,
  0x7DDA, 0x7DDA, 0x7DDA, 0x7DDA, 0x7DBA, 0x7DBA, 0x7DBA, 0x7DDA,
  0x7DDA, 0x7DDA, 0x85D9, 0x85DA, 0x85DA, 0x85FA, 0x8DB8, 0xCE14,
  0xEE32, 0xF632, 0xF632, 0xF632, 0xF632, 0xF632, 0xF632, 0xF632,
  0xF612, 0xF612, 0xEE12, 0xF632, 0xF632, 0xF632, 0xF632, 0xF632,
  0xF632, 0xF632, 0xF632, 0xF632, 0xF632, 0xF632, 0xF632, 0xF632,
  0xF632, 0xF632, 0xF632, 0xF612, 0xEDD2, 0xDD30, 0xC44D, 0xBC0C,
  0xBBEC, 0xBC0D, 0xBC0D, 0xB40D, 0xABED, 0x8B0B, 0x59A7, 0x51A8,
  0x8B6E, 0xBCD3, 0xBCD2, 0xBCD2, 0xBCB2, 0xC4D2, 0xCCF3, 0xD574,
  0xE616, 0xEE99, 0xDDB6, 0xD513, 0xBCB1, 0xBC91, 0xAB8E, 0x8A6B,
  0x69C9, 0x5947, 0x8209, 0x9209, 0xB24A, 0xD28C, 0xD28B, 0xD28B,
  0xD28B, 0xD2AB, 0xD2AB, 0xD28B, 0xD28B, 0xCAAC, 0xA209, 0x81A8,
  0x9209, 0x9209, 0x8A0A, 0x8A09, 0x89E9, 0xB26B, 0xD28C, 0xD28B,
  0xD28B, 0xCAAC, 0x7947, 0x81A9, 0xC28B, 0xD2AB, 0xD28B, 0xD28B,
  0xDA8C, 0xD2AC, 0xD2AB, 0xD2AB, 0xD2AB, 0xD2AB, 0xD2AB, 0xD2AC,
  0xAA4B, 0x8988, 0xCA8C, 0xD2AB, 0xD28B, 0xD28B, 0xDA8C, 0xD28B,
  0xDA8B, 0xDA8B, 0xD2AB, 0xD28B, 0xD28C, 0xD28B, 0xD28B, 0xC2AC,
  0x6988, 0x728B, 0x830A, 0xEDF2, 0xEE11, 0xF631, 0xF632, 0xF632,
  0xF632, 0xEDD2, 0x7B8C, 0x95D7, 0x6BAE, 0x62A9, 0xCD71, 0xEE12,
  0xF612, 0xF632, 0xEE13, 0x5167, 0x4908, 0x4908, 0x4908, 0x8A8D,
  0xDC76, 0x5108, 0x4928, 0x4928, 0x4928, 0x4907, 0xBBB2, 0xEC76,
  0xF476, 0xF476, 0xF476, 0xF476, 0xF476, 0xF476, 0xF476, 0xF476,
  0xF476, 0xF476, 0xE4B6, 0x624C, 0x7D56, 0x7E18, 0x7E18, 0x7E18,
  0x7E18, 0x7E18, 0x7E18, 0x7E18, 0x7E18, 0x7E18, 0x7DF7, 0x7D35,
  0x622C, 0xEC96, 0xF496, 0xF476, 0xF476, 0xF476, 0xF496, 0xD433,
  0x928B, 0x82AA, 0x932C, 0x8B0B, 0x9B6B, 0xA38C, 0xBC4F, 0xB42E,
  0xABCD, 0xDD52, 0xEDF3, 0xEDF3, 0xF612, 0xF612, 0xF612, 0xF632,
  0xF632, 0xF632, 0xF632, 0xF632, 0xF632, 0xF632, 0xF632, 0xF632,
  0x7DD9, 0x7DBA, 0x85BA, 0x7DD9, 0x7DD9, 0x7DB9, 0x85BA, 0x85B9,
  0x7DB9, 0x7DBA, 0x7DBA, 0x7DBA, 0x7DBA, 0x7DDA, 0x7DB9, 0x85FA,
  0x965C, 0x7DDA, 0x7DDA, 0x7DDA, 0x7DDA, 0x7DDA, 0x7DDA, 0x7DDA,
  0x7DDA, 0x7DDA, 0x7DDA, 0x7DDA, 0x85DA, 0x7DBA, 0x85DA, 0x7DBA,
  0x7DDA, 0x7DDA, 0x85DA, 0x7DDA, 0x85FA, 0x7DD9, 0x8DB7, 0xDE14,
  0xF612, 0xF632, 0xF632, 0xF632, 0xF632, 0xF632, 0xF632, 0xF632,
  0xF632, 0xF612, 0xF612, 0xF612, 0xF612, 0xF632, 0xF632, 0xF632,
  0xF632, 0xF632, 0xF632, 0xF632, 0xF632, 0xF632, 0xF632, 0xF632,
  0xF632, 0xF632, 0xF612, 0xF632, 0xF632, 0xF612, 0xE591, 0xCC8E,
  0xBC0C, 0xBC0C, 0xC40C, 0xBC0C, 0xB40D, 0xB42E, 0xABEE, 0x728A,
  0x5146, 0x5187, 0x8B6E, 0xB4B2, 0xBCF3, 0xBCD2, 0xBCD2, 0xC4D2,
  0xCD13, 0xD554, 0xD534, 0xC4D2, 0xBCB1, 0xBC92, 0xBC92, 0xA3D0,
  0x4906, 0x71C9, 0x8A09, 0xA22A, 0xC28B, 0xD28B, 0xD28C, 0xD28C,
  0xD28B, 0xD2AB, 0xD28B, 0xD28B, 0xCAAB, 0xAA2A, 0x7967, 0x9209,
  0xA22A, 0x9209, 0x920A, 0x8A09, 0x89E9, 0xA209, 0xCAAC, 0xD28B,
  0xD28B, 0xD2AC, 0x99EA, 0x7988, 0xB24B, 0xD28C, 0xD28B, 0xD28B,
  0xD28B, 0xD2AC, 0xD2AB, 0xD2AB, 0xD2AB, 0xD2AB, 0xD28B, 0xD2AC,
  0xAA2A, 0x7947, 0xC28C, 0xD28B, 0xD28B, 0xCA6B, 0xD28C, 0xD28B,
  0xD28B, 0xD28B, 0xD28B, 0xD28B, 0xD28C, 0xD2AB, 0xD28B, 0xCA8C,
  0x91EA, 0x5967, 0xDD72, 0xF612, 0xF631, 0xF632, 0xF632, 0xF632,
  0xF632, 0xF632, 0xB48E, 0x6AC9, 0x93CC, 0xE5F2, 0xF632, 0xF611,
  0xF632, 0xF632, 0xDDF4, 0x5187, 0x4908, 0x4908, 0x48E8, 0xC3F3,
  0xCBF4, 0x4908, 0x4928, 0x4908, 0x4928, 0x5128, 0xE496, 0xF496,
  0xF476, 0xF476, 0xF476, 0xF476, 0xF476, 0xF476, 0xF476, 0xF476,
  0xF476, 0xF476, 0xE4B6, 0x5A4B, 0x7D56, 0x7E17, 0x7E18, 0x7E18,
  0x7E18, 0x7E18, 0x7E18, 0x7E18, 0x7E18, 0x7E18, 0x7E18, 0x6C31,
  0x9B30, 0xEC76, 0xF476, 0xF476, 0xEC96, 0xEC95, 0xE453, 0xC3EF,
  0xC42F, 0xB42E, 0xB40D, 0xBC2D, 0xBC2D, 0xB42D, 0xBC4E, 0xB40C,
  0xC44D, 0xEDB2, 0xF632, 0xF632, 0xF632, 0xF632, 0xF631, 0xF611,
  0xF632, 0xF632, 0xF632, 0xF632, 0xF632, 0xF632, 0xF632, 0xF632,
  0x7DBA, 0x7DBA, 0x85B9, 0x7DDA, 0x85DA, 0x85DA, 0x85DA, 0x965C,
  0x85DA, 0x7DBA, 0x7DBA, 0x7DB9, 0x7DB9, 0x7DDA, 0x7DDA, 0x85DA,
  0x85DA, 0x7DDA, 0x7DDA, 0x7DDA, 0x7DDA, 0x7DDA, 0x7DDA, 0x7DDA,
  0x7DDA, 0x7DDA, 0x7DDA, 0x7DDA, 0x7DDA, 0x7DDA, 0x7DDA, 0x7DBA,
  0x7DDA, 0x7DDA, 0x7DBA, 0x7DBA, 0x7DDA, 0x7DDA, 0x9DD7, 0xE633,
  0xF632, 0xF632, 0xF632, 0xF632, 0xF632, 0xF632, 0xF632, 0xF632,
  0xF632, 0xF632, 0xF632, 0xF612, 0xF612, 0xF632, 0xF632, 0xF632,
  0xF632, 0xF632, 0xF632, 0xF632, 0xF632, 0xF632, 0xF632, 0xF632,
  0xF632, 0xF632, 0xF632, 0xF632, 0xF631, 0xF632, 0xF612, 0xEDD2,
  0xDD0F, 0xCC6D, 0xC40C, 0xBC0C, 0xBC0D, 0xBC0D, 0xBC0D, 0xB42E,
  0xA3AD, 0x726A, 0x5987, 0x6209, 0x93CF, 0xAC51, 0xC514, 0xBCF3,
  0xC4D3, 0xC4D2, 0xC4D2, 0xBCD2, 0xBCD2, 0xBCB2, 0xB4B2, 0x830D,
  0x5947, 0x820A, 0x8A09, 0xA22A, 0xD2AC, 0xD28B, 0xD28C, 0xD28C,
  0xD28C, 0xDAAB, 0xD28B, 0xCAAC, 0xB24A, 0x89A8, 0x9209, 0xB24A,
  0xC2AC, 0x9A09, 0x8A0A, 0x8A09, 0x8A09, 0x99E9, 0xCAAC, 0xD28B,
  0xD28B, 0xD28B, 0xBA8C, 0x7167, 0xA22A, 0xCA8C, 0xD28B, 0xD28B,
  0xD28B, 0xD28C, 0xDAAC, 0xDAAC, 0xD2AB, 0xD2AB, 0xD28B, 0xD28B,
  0xBA6B, 0x7127, 0xBA4B, 0xD28B, 0xCA8B, 0xAA29, 0xAA4A, 0xC28B,
  0xD28B, 0xD28B, 0xD28B, 0xD28B, 0xD28B, 0xD28B, 0xD28B, 0xD28B,
  0xB24B, 0x6147, 0xD551, 0xF632, 0xEE51, 0xEE32, 0xF632, 0xF632,
  0xF632, 0xF632, 0xEDF2, 0xD550, 0xEE32, 0xF632, 0xF631, 0xF612,
  0xF632, 0xEDF2, 0x938D, 0x4127, 0x4928, 0x4908, 0x5969, 0xDC75,
  0xB372, 0x4928, 0x4928, 0x4908, 0x4908, 0x71CB, 0xF4B7, 0xF476,
  0xF476, 0xF476, 0xF476, 0xF476, 0xF476, 0xF476, 0xF476, 0xF476,
  0xF476, 0xF476, 0xE4B6, 0x5A2B, 0x7D56, 0x7DD7, 0x7DD7, 0x7DF8,
  0x7E18, 0x7DF8, 0x7E18, 0x7E18, 0x7E18, 0x7E18, 0x8617, 0x634F,
  0xC3D3, 0xEC76, 0xF476, 0xF476, 0xEC95, 0xDC73, 0xCC0F, 0xBC0D,
  0xBC0D, 0xB42C, 0xB40C, 0xBC2D, 0xBC0D, 0xBC0D, 0xBC2D, 0xBC2C,
  0xD50F, 0xF612, 0xF632, 0xF632, 0xF632, 0xF632, 0xF632, 0xF632,
  0xF632, 0xF632, 0xF632, 0xF632, 0xF632, 0xF632, 0xF632, 0xF632,
  0x7DBA, 0x85BA, 0x7DD9, 0x7DDA, 0x85DA, 0x85FA, 0x85DA, 0x967C,
  0x85DA, 0x7DBA, 0x7DBA, 0x7DD9, 0x85DA, 0x85DA, 0x7DDA, 0x7DDA,
  0x7DDA, 0x7DDA, 0x7DDA, 0x7DDA, 0x7DDA, 0x7DDA, 0x7DDA, 0x7DDA,
  0x7DDA, 0x7DDA, 0x7DDA, 0x7DDA, 0x7DDA, 0x7DDA, 0x7DDA, 0x7DBA,
  0x85DA, 0x7DBA, 0x7DDA, 0x7DBA, 0x85DA, 0x85B9, 0xADF6, 0xEE33,
  0xF632, 0xF632, 0xF632, 0xF632, 0xF632, 0xF632, 0xF632, 0xF632,
  0xF632, 0xF632, 0xF632, 0xE5D1, 0xEDD1, 0xF632, 0xF632, 0xF632,
  0xF632, 0xF632, 0xF632, 0xF632, 0xF632, 0xF632, 0xF632, 0xF632,
  0xF632, 0xF632, 0xF632, 0xF632, 0xF632, 0xF632, 0xF632, 0xF612,
  0xF612, 0xE570, 0xD4AE, 0xC44D, 0xC42D, 0xBC0D, 0xBC0C, 0xBC0C,
  0xBC0D, 0xB40E, 0x9B4C, 0x7A8A, 0x59C7, 0x6249, 0x8B6E, 0xA431,
  0xBCD2, 0xB4B2, 0xB4B2, 0xBCB2, 0xB4B2, 0xB4B2, 0xAC51, 0x61E9,
  0x71C9, 0x8A0A, 0x89E9, 0xAA4A, 0xD28B, 0xD28B, 0xD28C, 0xD28C,
  0xD28C, 0xD28B, 0xD28B, 0xB26B, 0x91C8, 0x9A09, 0xB24B, 0xCAAC,
  0xCAAC, 0xA22A, 0x8A09, 0x8A09, 0x8A09, 0x91A8, 0xCAAC, 0xD28B,
  0xD28B, 0xD28B, 0xCACD, 0x7148, 0x9209, 0xC28C, 0xD28C, 0xD28B,
  0xD28B, 0xD2AB, 0xDAAC, 0xDAAC, 0xDAAC, 0xD2AB, 0xD28B, 0xD28B,
  0xCAAC, 0x7148, 0xAA2B, 0xD28B, 0xCA8B, 0x9A09, 0x89E9, 0x9A2A,
  0xCA8B, 0xD28B, 0xD2AC, 0xD28B, 0xD28B, 0xD28B, 0xD28B, 0xD28B,
  0xC28C, 0x7147, 0x932B, 0xEE13, 0xEE31, 0xEE32, 0xF631, 0xF631,
  0xF632, 0xF632, 0xF612, 0xF632, 0xF631, 0xF631, 0xF632, 0xF612,
  0xEE32, 0xBCCF, 0x4146, 0x4928, 0x4928, 0x5189, 0x8A8E, 0xEC96,
  0xA310, 0x4928, 0x4928, 0x4908, 0x4908, 0x9ACF, 0xEC76, 0xF476,
  0xF476, 0xF476, 0xF476, 0xF476, 0xF476, 0xF476, 0xF476, 0xF476,
  0xF476, 0xF476, 0xEC96, 0x624C, 0x8576, 0x6CB4, 0x6CD4, 0x7DF8,
  0x7E18, 0x7E18, 0x7E18, 0x7E18, 0x7E18, 0x7E18, 0x85D7, 0x72CD,
  0xDC35, 0xEC76, 0xF476, 0xF476, 0xEC74, 0xCC10, 0xBC0D, 0xBC0C,
  0xB42C, 0xBC2C, 0xBC2C, 0xBC0C, 0xBC0D, 0xBC0D, 0xBC2D, 0xBC2C,
  0xDD50, 0xF612, 0xF632, 0xF632, 0xF632, 0xF632, 0xF632, 0xF632,
  0xF632, 0xF632, 0xF632, 0xF632, 0xF632, 0xF632, 0xF632, 0xF632,
  0x7DDA, 0x7DD9, 0x7DDA, 0x7DBA, 0x85BA, 0x85DA, 0x7DB9, 0x85DA,
  0x7DDA, 0x7DDA, 0x7DDA, 0x85D9, 0x85DA, 0x85DA, 0x7DDA, 0x7DDA,
  0x7DDA, 0x7DDA, 0x7DDA, 0x7DDA, 0x7DDA, 0x7DDA, 0x7DDA, 0x7DDA,
  0x7DDA, 0x7DDA, 0x7DDA, 0x7DDA, 0x7DDA, 0x7DDA, 0x7DDA, 0x7DBA,
  0x7DBA, 0x85FA, 0x85DA, 0x7DBA, 0x7DB9, 0x85B9, 0xB616, 0xE653,
  0xEE32, 0xF632, 0xF632, 0xEE32, 0xF632, 0xF632, 0xF632, 0xF632,
  0xF632, 0xF632, 0xF632, 0xE590, 0xCD0E, 0xF612, 0xF632, 0xF632,
  0xF632, 0xF632, 0xF632, 0xF632, 0xF632, 0xF632, 0xF632, 0xF632,
  0xF632, 0xF632, 0xF632, 0xF632, 0xF632, 0xF632, 0xF632, 0xF632,
  0xF632, 0xF612, 0xEDF1, 0xE570, 0xCCCE, 0xC44D, 0xBC0C, 0xBC0C,
  0xBC0C, 0xBC0D, 0xB40D, 0xB3ED, 0xA38C, 0x82EB, 0x59A7, 0x61E8,
  0x7AAB, 0x93AF, 0xBCB3, 0xB4B2, 0xB492, 0xBCB2, 0x936E, 0x5967,
  0x8A0A, 0x8A09, 0x91E9, 0xBA6B, 0xD28B, 0xD28B, 0xD28B, 0xD2AB,
  0xD28C, 0xD28C, 0xBA6A, 0x99E9, 0xA20A, 0xBA6B, 0xD28B, 0xD28C,
  0xD28C, 0xAA4A, 0x8A09, 0x8A09, 0x8A09, 0x8187, 0xCAAC, 0xD28C,
  0xD28B, 0xD28B, 0xCAAD, 0x7168, 0x81E9, 0xB26B, 0xD28B, 0xD28B,
  0xD28B, 0xDAAB, 0xDAAC, 0xDAAC, 0xDAAC, 0xD2AB, 0xD28B, 0xD28B,
  0xCAAC, 0x7968, 0x91EA, 0xD28B, 0xCA8B, 0x9209, 0x81E9, 0x79A9,
  0xA1E9, 0xD2AC, 0xD28B, 0xD28B, 0xD28B, 0xD28B, 0xD28B, 0xD28B,
  0xD28C, 0xA22A, 0x69A8, 0xD552, 0xEE12, 0xF612, 0xF631, 0xF632,
  0xF632, 0xF632, 0xF632, 0xF632, 0xF632, 0xF631, 0xF631, 0xF631,
  0xF612, 0x9B8C, 0x5188, 0x4128, 0x49AA, 0x6AAD, 0xB371, 0xE475,
  0x7A2C, 0x4928, 0x4928, 0x4928, 0x5149, 0xC3B2, 0xEC76, 0xF476,
  0xF476, 0xF496, 0xF476, 0xF476, 0xF476, 0xF476, 0xF476, 0xF476,
  0xF476, 0xF476, 0xEC96, 0x6A8D, 0x8556, 0x530E, 0x63D1, 0x7DF8,
  0x7E18, 0x7E18, 0x7E18, 0x7DF8, 0x7E18, 0x7DF8, 0x7493, 0x92CF,
  0xEC76, 0xF476, 0xF476, 0xF476, 0xEC95, 0xCC30, 0xBC0D, 0xBC0C,
  0xBC0C, 0xBC0D, 0xBC0D, 0xBC0D, 0xBC0D, 0xBC0D, 0xBC0C, 0xBC2C,
  0xE590, 0xF611, 0xF632, 0xF632, 0xF632, 0xF632, 0xF632, 0xF632,
  0xF632, 0xF632, 0xF632, 0xF632, 0xF632, 0xF632, 0xF632, 0xF632,
  0x7DDA, 0x7DD9, 0x7DDA, 0x7DDA, 0x7DBA, 0x7DBA, 0x7DDA, 0x7DD9,
  0x7DDA, 0x7DDA, 0x7DDA, 0x7DD9, 0x85D9, 0x7DD9, 0x7DDA, 0x7DDA,
  0x7DDA, 0x7DDA, 0x7DDA, 0x7DDA, 0x7DDA, 0x7DDA, 0x7DDA, 0x7DDA,
  0x7DDA, 0x7DDA, 0x7DDA, 0x7DDA, 0x7DDA, 0x7DDA, 0x7DDA, 0x7DBA,
  0x7DBA, 0x9E7C, 0x85FA, 0x7DBA, 0x7DBA, 0x7DB9, 0x9DD7, 0xBDF5,
  0xD634, 0xE633, 0xF632, 0xEE31, 0xF631, 0xF632, 0xF632, 0xF632,
  0xF632, 0xF632, 0xF632, 0xE5B0, 0xC4AD, 0xEDF1, 0xF632, 0xF632,
  0xF632, 0xF632, 0xF632, 0xF632, 0xF632, 0xF632, 0xF632, 0xF632,
  0xF632, 0xF632, 0xF632, 0xF632, 0xF632, 0xF632, 0xF632, 0xF632,
  0xF632, 0xF612, 0xF632, 0xF612, 0xF612, 0xE591, 0xD4EF, 0xC44D,
  0xBC2D, 0xBC0D, 0xBC0D, 0xBC0D, 0xBC0D, 0xB3ED, 0xABEE, 0x82CB,
  0x59C8, 0x4967, 0x6A4A, 0x9BCF, 0xB492, 0xB4B2, 0x6A4A, 0x69C9,
  0x8A09, 0x8A09, 0x91E9, 0xC26B, 0xD28B, 0xD28C, 0xD28B, 0xD2AB,
  0xD28B, 0xC26B, 0x99E9, 0xA22A, 0xC28B, 0xD28B, 0xD28B, 0xD28B,
  0xD28B, 0xAA4A, 0x8A09, 0x8A09, 0x8A09, 0x7967, 0xC2AC, 0xD28C,
  0xD28B, 0xD28B, 0xCAAC, 0x7989, 0x79C9, 0xA20A, 0xCA8B, 0xD28B,
  0xD28B, 0xDA8B, 0xDAAC, 0xDAAC, 0xD2AB, 0xD2AB, 0xD28B, 0xD28B,
  0xCA8C, 0x7969, 0x89EA, 0xD2AB, 0xCA8B, 0x91E9, 0x89E9, 0x79E9,
  0x7967, 0xC28C, 0xD28B, 0xD28B, 0xD28B, 0xD2AB, 0xD28C, 0xD28B,
  0xD28B, 0xC2AC, 0x6968, 0xA3AD, 0xF612, 0xF612, 0xF632, 0xF632,
  0xF632, 0xF631, 0xF631, 0xF632, 0xF632, 0xF631, 0xF631, 0xF631,
  0xF5D3, 0xBC10, 0x61EA, 0x522B, 0x6ACE, 0x6A4C, 0xDC75, 0xB351,
  0x5107, 0x4928, 0x4928, 0x4908, 0x69AA, 0xE455, 0xF496, 0xF476,
  0xF476, 0xF476, 0xF476, 0xF476, 0xF476, 0xF476, 0xF476, 0xF476,
  0xF496, 0xF496, 0xEC96, 0x72AD, 0x7D15, 0x41EA, 0x5B2F, 0x85F7,
  0x7E18, 0x7E18, 0x7E18, 0x7E18, 0x7E18, 0x85B7, 0x39C9, 0xCC14,
  0xEC76, 0xF476, 0xF476, 0xF476, 0xEC96, 0xE493, 0xC42E, 0xBC0D,
  0xBC0D, 0xBC0D, 0xBC0D, 0xBC2D, 0xBC0D, 0xC42D, 0xBC0C, 0xBC4C,
  0xEDD1, 0xF631, 0xF632, 0xF632, 0xF632, 0xF632, 0xF632, 0xF632,
  0xF632, 0xF632, 0xF632, 0xF632, 0xF632, 0xF632, 0xF632, 0xF632
};